Date,ASIANPAINT.NS,BHARTIARTL.NS,HDFCBANK.NS,HINDALCO.NS,HINDUNILVR.NS,ICICIBANK.NS,INFY.NS,ITC.NS,KOTAKBANK.NS,LT.NS,M&M.NS,MARUTI.NS,NTPC.NS,POWERGRID.NS,RELIANCE.NS,SBIN.NS,SUNPHARMA.NS,TATASTEEL.NS,TCS.NS,ULTRACEMCO.NS
2015-01-01,679.0402221679688,304.24456787109375,213.7008514404297,145.91036987304688,626.7965087890625,291.5658264160156,359.9811096191406,156.9480438232422,124.74359893798828,840.1275024414062,553.6222534179688,3001.88671875,78.78276062011719,47.74594497680664,189.1253662109375,274.925048828125,750.9712524414062,28.314104080200195,970.3306274414062,2497.059326171875
2015-01-02,702.5164184570312,306.047119140625,216.6750030517578,147.42977905273438,624.7305297851562,299.8418884277344,367.05523681640625,157.4396514892578,126.02710723876953,857.8472900390625,548.0728149414062,3018.82470703125,79.86122131347656,48.3205680847168,188.62484741210938,276.0194396972656,754.6705322265625,28.755149841308594,983.2525634765625,2571.713623046875
2015-01-05,702.4710693359375,299.25628662109375,214.8456268310547,144.43699645996094,628.3253173828125,300.46258544921875,363.90106201171875,158.05947875976562,125.52164459228516,869.78173828125,545.2981567382812,3098.078125,79.63999938964844,48.3728141784668,186.55868530273438,273.8305969238281,755.127197265625,29.17168617248535,968.3102416992188,2576.96533203125
2015-01-06,685.7024536132812,296.9088439941406,211.5010986328125,141.25997924804688,640.2257690429688,287.7174072265625,356.298095703125,153.9984588623047,124.02503967285156,840.7705078125,542.2549438476562,3050.85888671875,76.98533630371094,47.2932243347168,178.09182739257812,262.5796203613281,738.5038452148438,27.75755500793457,932.6121215820312,2504.656005859375
2015-01-07,699.4798583984375,297.62139892578125,212.118408203125,137.1161346435547,662.7042236328125,279.9379577636719,358.0028076171875,151.13438415527344,126.02217102050781,838.758056640625,547.84912109375,3089.048095703125,78.83805847167969,47.972320556640625,181.96847534179688,262.79852294921875,739.6454467773438,27.225505828857422,921.5958862304688,2494.76220703125
2015-01-08,743.576904296875,302.7774353027344,216.57400512695312,140.47727966308594,675.224365234375,287.5519104003906,359.807861328125,154.9175262451172,132.87583923339844,844.0963745117188,553.8683471679688,3122.968505859375,80.1653823852539,48.18128204345703,179.35916137695312,266.9136657714844,747.8657836914062,27.649045944213867,931.544921875,2557.97314453125
2015-01-09,736.461669921875,298.2921142578125,218.99819946289062,142.73338317871094,714.5206298828125,282.9173583984375,378.22259521484375,152.56639099121094,134.8878173828125,838.6182861328125,554.1369018554688,3116.4091796875,77.5660400390625,48.216102600097656,183.2464599609375,265.46893310546875,758.14111328125,27.97807502746582,957.6563720703125,2559.75537109375
2015-01-12,732.1561889648438,292.54931640625,217.0678253173828,139.1420440673828,740.9660034179688,286.8070983886719,385.78900146484375,152.97250366210938,135.88389587402344,857.5958862304688,551.809814453125,3111.64697265625,77.42777252197266,47.53699493408203,181.11642456054688,268.8836669921875,762.9364624023438,27.77505874633789,956.6649169921875,2532.510986328125
2015-01-13,755.8134765625,290.3276062011719,216.23731994628906,139.69454956054688,731.0076293945312,282.1310729980469,380.857177734375,153.93435668945312,138.05943298339844,849.3787841796875,558.8807983398438,3116.4541015625,76.84705352783203,47.310638427734375,179.59347534179688,267.1325378417969,760.9268798828125,27.407527923583984,952.1671142578125,2643.3662109375
2015-01-14,763.7899169921875,289.9084167480469,216.3607635498047,130.90032958984375,763.6512451171875,278.8206787109375,388.1045227050781,148.67637634277344,137.88600158691406,848.5401611328125,553.5774536132812,3159.360595703125,76.18339538574219,47.380287170410156,177.84686279296875,266.7823486328125,749.5556640625,26.381927490234375,961.3345947265625,2728.10205078125
2015-01-15,760.7987670898438,292.8846740722656,222.92633056640625,130.6700897216797,761.5851440429688,292.02099609375,389.1255798339844,152.99386596679688,138.79782104492188,879.6759033203125,571.9935302734375,3258.022705078125,76.98533630371094,49.78325271606445,184.0878448486328,280.4410095214844,754.350830078125,26.93498420715332,967.8720703125,2891.477294921875
2015-01-16,764.51513671875,287.4352722167969,224.7668914794922,127.58521270751953,777.7003784179688,292.8486328125,386.2174987792969,153.93435668945312,138.2973175048828,889.765380859375,583.8530883789062,3249.756591796875,77.64900207519531,51.315589904785156,185.24871826171875,276.1945495605469,776.1346435546875,26.84047508239746,965.22265625,2879.33251953125
2015-01-19,754.0459594726562,293.806884765625,225.48519897460938,129.1506805419922,737.6189575195312,298.6004943847656,383.33673095703125,153.37863159179688,137.71253967285156,902.6780395507812,596.2051391601562,3258.427734375,78.39562225341797,51.48971176147461,187.36810302734375,274.1808166503906,788.2367553710938,26.93498420715332,957.1605834960938,2896.5888671875
2015-01-20,760.6629638671875,297.5376281738281,229.16641235351562,133.24850463867188,740.0157470703125,304.35235595703125,387.29315185546875,158.63658142089844,138.3319854736328,910.8950805664062,593.0947875976562,3239.82763671875,79.00395965576172,51.33300018310547,192.35238647460938,278.55853271484375,796.7310180664062,28.142589569091797,953.1390991210938,2904.045166015625
2015-01-21,771.6304931640625,309.35858154296875,228.9419708251953,131.8672332763672,778.444091796875,304.931640625,395.6253967285156,150.77101135253906,137.5836639404297,924.869873046875,593.0052490234375,3266.0205078125,79.36348724365234,51.158870697021484,193.1404571533203,285.6068115234375,809.198486328125,27.799558639526367,958.2279052734375,2864.983154296875
2015-01-22,785.9971923828125,310.19696044921875,229.23377990722656,132.09744262695312,780.6754150390625,306.0489807128906,400.46612548828125,149.89471435546875,137.5341339111328,929.7609252929688,595.1981201171875,3232.369140625,77.53839874267578,51.66383743286133,188.24142456054688,284.2496643066406,840.3444213867188,28.2406005859375,958.1325073242188,2928.429931640625
2015-01-23,781.419677734375,322.01800537109375,234.0709686279297,133.34060668945312,797.7409057617188,306.7937927246094,403.8573913574219,149.3817138671875,137.30123901367188,956.5922241210938,609.4968872070312,3240.86083984375,78.47858428955078,52.08173751831055,188.912353515625,286.7012634277344,846.5095825195312,28.2195987701416,954.3397216796875,2952.2978515625
2015-01-27,807.1620483398438,330.4855651855469,241.08544921875,131.22264099121094,778.444091796875,317.3871154785156,389.53570556640625,153.95570373535156,137.60354614257812,973.7528686523438,592.7367553710938,3313.82421875,79.16989135742188,52.22105026245117,189.3703155517578,288.9776916503906,834.8184814453125,27.890565872192383,955.6573486328125,2927.4912109375
2015-01-28,825.0635986328125,313.2151184082031,237.5613555908203,129.05860900878906,771.7500610351562,317.84228515625,391.00347900390625,154.87477111816406,133.91648864746094,949.3533935546875,589.08935546875,3347.880126953125,79.00395965576172,52.04692459106445,193.16175842285156,292.96148681640625,830.936767578125,27.383020401000977,969.9994506835938,2944.654296875
2015-01-29,798.8226928710938,315.05950927734375,245.78797912597656,131.13052368164062,778.15478515625,314.73876953125,391.17669677734375,158.25184631347656,131.9590301513672,963.6353759765625,580.3624267578125,3314.6328125,78.45093536376953,51.8205680847168,197.96499633789062,286.3072509765625,840.1159057617188,27.330514907836914,971.9284057617188,2966.22509765625
2015-01-30,777.476806640625,313.2989807128906,241.82618713378906,128.64422607421875,770.67578125,298.5177307128906,390.5203552246094,157.54647827148438,131.04718017578125,950.5830688476562,566.1756591796875,3277.387939453125,79.4464340209961,51.541954040527344,194.95103454589844,270.50341796875,838.2435302734375,27.334016799926758,948.0186157226562,2945.217041015625
2015-02-02,732.4733276367188,301.2264099121094,242.78012084960938,133.7550048828125,750.3872680664062,291.1933288574219,389.599609375,154.16944885253906,134.03546142578125,969.8958740234375,555.4794311523438,3297.24560546875,78.5615463256836,51.48971176147461,193.41738891601562,269.2338562011719,848.6103515625,26.871971130371094,960.2981567382812,2895.228759765625
2015-02-03,738.4557495117188,311.4964599609375,238.85203552246094,134.8600311279297,752.7424926757812,286.848388671875,386.6915283203125,156.47781372070312,129.47129821777344,962.8528442382812,536.6830444335938,3241.89404296875,79.63999938964844,51.26334762573242,199.7116241455078,262.92987060546875,859.7078247070312,26.679458618164062,977.123046875,2914.45556640625
2015-02-04,728.6210327148438,309.3166809082031,239.6600799560547,140.33914184570312,743.6930541992188,285.2346496582031,390.6935729980469,157.14039611816406,128.00442504882812,943.79150390625,541.9417114257812,3196.6962890625,79.38980865478516,50.932518005371094,197.83718872070312,256.58209228515625,875.8742065429688,27.246505737304688,960.3363647460938,2904.467041015625
2015-02-05,734.9658203125,305.753662109375,241.63540649414062,136.33338928222656,751.2549438476562,277.74481201171875,399.98291015625,157.6961212158203,127.6476058959961,940.4375610351562,527.9561157226562,3165.38134765625,77.91654205322266,50.027042388916016,196.75091552734375,254.612060546875,876.42236328125,26.549943923950195,974.888427734375,2873.705322265625
2015-02-06,723.0012817382812,308.7298583984375,236.4727325439453,135.64276123046875,748.5279541015625,272.5722351074219,406.67425537109375,159.6625518798828,125.56624603271484,941.0802612304688,514.552490234375,3147.319580078125,77.8331527709961,49.9573860168457,193.81146240234375,254.1742706298828,846.5550537109375,25.80787467956543,983.8072509765625,2821.41943359375
2015-02-09,728.43994140625,298.5436706542969,233.4648895263672,134.9521026611328,743.8997802734375,264.87548828125,410.02911376953125,157.26861572265625,125.50181579589844,878.9771118164062,498.28466796875,3065.281005859375,77.16602325439453,49.2608642578125,190.99978637695312,244.71827697753906,859.8904418945312,24.3237361907959,959.8015747070312,2778.65283203125
2015-02-10,745.2537841796875,298.5856018066406,236.68592834472656,137.3923797607422,733.6522216796875,273.9791564941406,415.3893737792969,158.12359619140625,127.43451690673828,878.5577392578125,510.27850341796875,3049.600830078125,76.24868774414062,50.53200149536133,187.86866760253906,251.547607421875,839.8876342773438,25.044803619384766,932.3966674804688,2781.888427734375
2015-02-11,762.06787109375,298.5436706542969,237.57260131835938,137.990966796875,744.023681640625,276.9999084472656,416.58355712890625,158.657958984375,128.71803283691406,901.4761962890625,507.2353820800781,3104.3232421875,77.91654205322266,50.758384704589844,191.85183715820312,250.36566162109375,845.6419067382812,25.552350997924805,939.5581665039062,2821.0908203125
2015-02-12,746.6585693359375,295.6931457519531,241.52317810058594,140.70751953125,733.693603515625,280.68280029296875,421.3879089355469,158.3373260498047,128.50991821289062,922.3543090820312,507.7052307128906,3191.618896484375,79.00065612792969,52.32551956176758,193.65170288085938,248.92091369628906,843.5867919921875,25.5733585357666,940.4175415039062,2846.507568359375
2015-02-13,749.3779907226562,297.62139892578125,239.23358154296875,141.39813232421875,737.8256225585938,284.57257080078125,418.6347961425781,161.6075439453125,129.7884521484375,929.1179809570312,533.70703125,3250.071044921875,79.63999938964844,52.76084518432617,195.4302520751953,268.7523193359375,859.0682983398438,25.660860061645508,969.6749877929688,2919.09765625
2015-02-16,756.0853271484375,302.9450988769531,239.62640380859375,139.00389099121094,749.560791015625,279.77239990234375,415.47149658203125,166.54489135742188,128.0985870361328,921.4600830078125,541.7179565429688,3209.7705078125,80.05695343017578,53.1961784362793,192.29913330078125,268.533447265625,835.5036010742188,25.888383865356445,987.2637329101562,2887.491943359375
2015-02-18,744.2114868164062,295.1063232421875,241.25381469726562,139.64849853515625,754.4365844726562,283.37249755859375,418.7076110839844,168.10516357421875,129.6199493408203,929.7889404296875,549.6615600585938,3203.345703125,81.19667053222656,53.8926887512207,192.05418395996094,267.65789794921875,838.2891845703125,25.727365493774414,1006.6860961914062,2916.75341796875
2015-02-19,756.0401000976562,299.0467224121094,242.37612915039062,143.88446044921875,750.5111083984375,280.186279296875,423.8492736816406,166.39529418945312,129.56546020507812,949.4650268554688,559.3731079101562,3230.48193359375,81.53022766113281,53.73597717285156,192.13937377929688,264.7247619628906,837.2846069335938,26.26991844177246,1024.0263671875,2872.01708984375
2015-02-20,748.4262084960938,292.8846740722656,240.8610382080078,144.16073608398438,743.9822998046875,273.89642333984375,416.2645568847656,169.30210876464844,128.6734161376953,937.7544555664062,560.3128662109375,3187.53076171875,80.97427368164062,53.370296478271484,185.97293090820312,264.68096923828125,834.0877685546875,26.231412887573242,1021.92578125,2826.81201171875
2015-02-23,733.8328857421875,291.16595458984375,239.615234375,142.5952606201172,732.3299560546875,272.2826232910156,413.0738525390625,166.82275390625,130.51693725585938,943.0086669921875,564.4525756835938,3186.2275390625,81.19667053222656,54.293174743652344,181.36141967773438,259.6465148925781,829.9320068359375,25.716867446899414,1029.98486328125,2793.049072265625
2015-02-24,724.7235717773438,286.7645568847656,239.64886474609375,141.49024963378906,755.0978393554688,269.8410949707031,414.3865661621094,169.1525115966797,133.832275390625,962.0702514648438,563.3113403320312,3224.326904296875,81.50243377685547,54.589202880859375,179.2313690185547,259.38385009765625,831.575927734375,25.13931655883789,1033.0789794921875,2802.896728515625
2015-02-25,737.6852416992188,292.2558898925781,236.2370147705078,141.49024963378906,745.3460083007812,266.9031066894531,422.5548095703125,170.8624267578125,133.0641326904297,949.1019287109375,567.0706787109375,3216.779296875,81.19667053222656,53.823028564453125,179.59347534179688,258.77099609375,813.5828247070312,24.565261840820312,1020.646240234375,2853.775634765625
2015-02-26,717.7894287109375,292.8846740722656,233.02719116210938,137.89886474609375,732.5365600585938,265.9100036621094,411.7064208984375,169.13111877441406,132.15228271484375,938.0060424804688,559.2387084960938,3142.1533203125,85.2551040649414,53.1961784362793,179.34852600097656,253.3863067626953,790.7027587890625,24.166223526000977,1014.6301879882812,2792.439208984375
2015-02-27,731.6122436523438,297.7891540527344,236.58499145507812,142.8715057373047,733.156494140625,277.4551086425781,413.1012268066406,168.2975616455078,132.58836364746094,983.2279052734375,573.0675659179688,3238.794189453125,88.09046173095703,54.71108627319336,182.23472595214844,262.5796203613281,802.7593994140625,24.547760009765625,1016.8836059570312,2931.571533203125
2015-03-02,748.3355712890625,292.6331787109375,242.99342346191406,144.16073608398438,773.2376098632812,288.8760681152344,417.8325500488281,146.7313690185547,139.2239990234375,1031.9432373046875,572.0159301757812,3334.9853515625,88.67420196533203,54.57177734375,184.0878448486328,264.4183044433594,845.0481567382812,24.680774688720703,1019.5767822265625,3160.40966796875
2015-03-03,759.8472900390625,292.8008117675781,243.17298889160156,146.14056396484375,768.3203125,288.5450439453125,418.9538269042969,146.004638671875,139.62046813964844,1035.0457763671875,551.20556640625,3332.469482421875,88.22943115234375,54.17129135131836,191.87313842773438,264.94366455078125,861.3516845703125,24.722774505615234,1060.29248046875,3152.01611328125
2015-03-04,758.4874267578125,294.4775695800781,239.1214141845703,140.9837646484375,757.0811157226562,289.12432861328125,414.72393798828125,147.1588134765625,139.7740478515625,1027.3599853515625,542.0087280273438,3305.287841796875,87.56230163574219,53.7881965637207,189.1147003173828,257.2825622558594,919.122314453125,24.372743606567383,1048.8343505859375,3104.607177734375
2015-03-05,755.8589477539062,291.66900634765625,243.56576538085938,136.37945556640625,776.5845947265625,287.8001708984375,409.7920837402344,148.01376342773438,139.9722900390625,1020.736083984375,549.863037109375,3305.6025390625,87.9236831665039,54.031982421875,188.49703979492188,257.23870849609375,948.76123046875,24.029712677001953,1029.9083251953125,2991.360107421875
2015-03-09,736.59765625,287.938232421875,237.70726013183594,129.65716552734375,806.5835571289062,275.4274597167969,399.2992248535156,144.63671875,135.2495880126953,985.1005859375,540.0843505859375,3298.908203125,84.39337158203125,52.559268951416016,185.23805236816406,254.4807586669922,950.8162231445312,23.54316520690918,1010.9447021484375,2875.627685546875
2015-03-10,732.3374633789062,308.4783630371094,236.2594757080078,127.1247787475586,791.005615234375,276.13092041015625,400.748779296875,144.7222137451172,133.58447265625,979.594482421875,549.6839599609375,3276.84814453125,83.3648681640625,51.947113037109375,183.00152587890625,251.810302734375,935.8828125,23.214136123657227,1009.3785400390625,2829.7197265625
2015-03-11,733.2891845703125,326.5871276855469,237.1348876953125,120.0341796875,800.7159423828125,275.3033752441406,397.86798095703125,144.5725860595703,136.36953735351562,972.4674682617188,564.02734375,3285.564208984375,85.47747039794922,51.737220764160156,182.31996154785156,249.66517639160156,922.36474609375,22.77309799194336,995.5711669921875,2801.489990234375
2015-03-12,732.4733276367188,333.50372314453125,236.71961975097656,124.2240982055664,793.8154296875,279.8965759277344,404.4499206542969,148.18475341796875,135.78477478027344,976.771728515625,555.4572143554688,3311.398193359375,88.78539276123047,52.34939193725586,183.99200439453125,251.1536407470703,946.386474609375,23.326147079467773,1000.3455810546875,2822.357177734375
2015-03-13,732.7453002929688,335.5577087402344,234.03729248046875,121.27732849121094,778.2374877929688,273.27569580078125,404.8327331542969,145.08558654785156,132.93528747558594,945.8875122070312,549.460205078125,3280.397705078125,88.64640045166016,51.2824592590332,181.0738525390625,245.81272888183594,923.9631958007812,22.857105255126953,986.3284301757812,2763.787841796875
2015-03-16,754.0006103515625,325.6230163574219,236.03501892089844,116.76510620117188,770.0146484375,274.3101806640625,413.2652587890625,143.37567138671875,130.32862854003906,938.984375,545.8799438476562,3277.11767578125,86.64497375488281,51.33494567871094,179.36984252929688,246.60072326660156,940.6321411132812,22.836105346679688,978.6695556640625,2732.369140625
2015-03-17,753.5928955078125,324.072021484375,237.49404907226562,123.62552642822266,770.0559692382812,277.1241149902344,408.4975280761719,145.34207153320312,132.77670288085938,959.0238647460938,551.4740600585938,3290.146728515625,87.75687408447266,51.649757385253906,182.5116424560547,247.8702850341797,951.6383056640625,23.280643463134766,986.8438110351562,2746.437255859375
2015-03-18,738.0025024414062,320.4670104980469,238.72860717773438,122.61257934570312,762.0396728515625,277.08270263671875,406.49200439453125,143.91000366210938,133.0988311767578,949.7445068359375,543.9778442382812,3293.157470703125,84.86595153808594,51.29995346069336,185.02503967285156,251.547607421875,954.0132446289062,23.22463607788086,977.5433349609375,2753.283203125
2015-03-19,756.6746826171875,320.2154846191406,236.18093872070312,121.82984924316406,762.4942626953125,273.27569580078125,406.6652526855469,142.4993438720703,131.39410400390625,940.4375610351562,540.3529052734375,3284.26123046875,86.0334243774414,51.10755920410156,182.36253356933594,246.55699157714844,956.9814453125,23.564170837402344,991.63720703125,2713.237060546875
2015-03-20,734.1503295898438,318.790283203125,237.01144409179688,121.5996322631836,740.2635498046875,263.67547607421875,411.587890625,139.9772186279297,132.78164672851562,933.701904296875,521.5116577148438,3256.271240234375,80.8908920288086,51.842166900634766,181.9259033203125,243.6238250732422,937.7095336914062,23.011119842529297,997.2518310546875,2677.64501953125
2015-03-23,735.645751953125,321.30535888671875,235.1820831298828,125.14493560791016,745.7591552734375,259.7029724121094,407.212158203125,139.95582580566406,132.4001007080078,935.0992431640625,530.5518188476562,3229.80810546875,83.47603607177734,52.191959381103516,179.33787536621094,240.5594024658203,935.5172119140625,23.20013427734375,999.6198120117188,2653.2138671875
2015-03-24,737.186767578125,330.192138671875,232.98231506347656,122.3363265991211,733.19775390625,258.1304626464844,403.2009582519531,139.59249877929688,132.88572692871094,934.7079467773438,533.4832763671875,3223.42919921875,84.89373779296875,51.75471115112305,180.61590576171875,236.88204956054688,947.2996215820312,22.902610778808594,989.7470703125,2627.422119140625
2015-03-25,732.8359375,331.1562805175781,232.1517791748047,122.38236236572266,732.5365600585938,262.2685546875,404.5958251953125,139.67800903320312,131.47833251953125,912.6838989257812,541.6731567382812,3248.093994140625,81.91938781738281,51.24748611450195,179.96624755859375,232.3729248046875,960.9088745117188,22.62257957458496,983.0432739257812,2594.128173828125
2015-03-26,718.877197265625,335.0547180175781,226.02392578125,119.29749298095703,715.5950317382812,254.86143493652344,391.3316955566406,137.8184356689453,129.382080078125,913.6342163085938,537.5333862304688,3200.199951171875,80.05695343017578,50.75773239135742,176.64340209960938,224.7117919921875,938.6682739257812,22.09403419494629,959.8778686523438,2622.07666015625
2015-03-27,705.3262939453125,315.6464538574219,227.75228881835938,123.3492431640625,703.529296875,260.3236389160156,401.5053405761719,135.7238311767578,128.7626190185547,937.8381958007812,531.8944091796875,3243.870361328125,80.94647216796875,50.63532257080078,172.89454650878906,230.7969207763672,923.597900390625,22.059030532836914,960.5272827148438,2627.75048828125
2015-03-30,731.8842163085938,326.46136474609375,232.7466278076172,120.77085876464844,712.4133911132812,263.7582092285156,406.2184753417969,140.01998901367188,130.0213623046875,966.3465576171875,537.1754150390625,3289.6083984375,82.05838775634766,50.72275924682617,172.6921844482422,234.56179809570312,923.232421875,22.570077896118164,979.376708984375,2761.114501953125
2015-03-31,735.3738403320312,329.7310485839844,229.5592498779297,118.79102325439453,721.9169921875,261.1098937988281,404.4590759277344,139.2932586669922,130.16012573242188,961.2596435546875,531.5811767578125,3322.3154296875,81.64141082763672,50.810218811035156,175.9405059814453,233.8175811767578,935.1975708007812,22.174541473388672,975.4802856445312,2699.07470703125
2015-04-01,744.8006591796875,337.2763366699219,231.9273223876953,121.73773956298828,730.1399536132812,267.4411315917969,396.3638610839844,142.1146240234375,134.89772033691406,969.4208374023438,537.9808959960938,3275.006103515625,82.14177703857422,51.22997283935547,178.0811767578125,239.42115783691406,987.4881591796875,22.65758514404297,971.164306640625,2704.514892578125
2015-04-06,747.3385009765625,336.0187683105469,231.63546752929688,124.03988647460938,750.3458862304688,265.86865234375,397.138671875,145.76951599121094,138.52032470703125,982.6406860351562,556.1283569335938,3260.853271484375,84.56018829345703,51.75471115112305,175.65293884277344,240.47183227539062,1068.0015869140625,22.26905059814453,972.9402465820312,2712.81494140625
2015-04-07,757.0370483398438,339.3303527832031,231.81507873535156,126.11184692382812,754.8910522460938,262.68231201171875,393.7292785644531,145.5985565185547,137.454833984375,989.23681640625,567.853759765625,3234.75048828125,86.89515686035156,51.75471115112305,177.3995361328125,238.19534301757812,1052.24609375,23.347148895263672,987.34033203125,2749.6728515625
2015-04-08,767.5967407226562,351.4029541015625,232.44357299804688,127.03270721435547,754.1473999023438,260.7788391113281,401.21368408203125,148.01376342773438,135.943359375,994.6870727539062,570.2481079101562,3260.62890625,86.7839584350586,51.527320861816406,184.4393310546875,239.81515502929688,1050.784423828125,23.529163360595703,1008.8825073242188,2800.8798828125
2015-04-09,773.3074951171875,341.38433837890625,237.05628967285156,128.82839965820312,765.6345825195312,265.3306579589844,403.8482666015625,148.3985137939453,141.79103088378906,989.8517456054688,570.4048461914062,3288.035888671875,87.47891998291016,52.82164001464844,190.65896606445312,245.90029907226562,1016.9896240234375,24.225730895996094,1017.7241821289062,2779.778076171875
2015-04-10,779.017578125,345.3666076660156,234.03729248046875,126.98665618896484,771.7086791992188,263.42718505859375,407.30322265625,148.18475341796875,140.9783477783203,986.0508422851562,575.8646850585938,3294.684814453125,86.5337905883789,53.41631317138672,192.62925720214844,250.19053649902344,1022.7437744140625,23.991209030151367,1013.59912109375,2784.5615234375
2015-04-13,781.3743896484375,356.8941955566406,233.17311096191406,125.3291244506836,784.3942260742188,262.2685546875,408.1875915527344,150.25802612304688,143.27772521972656,1008.1307983398438,558.4332885742188,3293.427001953125,87.45111846923828,53.993507385253906,196.4952850341797,250.67205810546875,1051.2410888671875,24.166223526000977,1014.2677612304688,2814.947998046875
2015-04-15,760.5266723632812,348.0494079589844,231.5681915283203,124.45429229736328,772.4524536132812,260.696044921875,403.6112365722656,151.73281860351562,143.10923767089844,999.2706909179688,541.024169921875,3306.9501953125,85.81103515625,53.0140380859375,196.740234375,253.91165161132812,1020.5062255859375,23.637676239013672,1003.6681518554688,2800.92724609375
2015-04-16,745.2991333007812,350.438720703125,231.1192626953125,126.2960433959961,771.1302490234375,258.6271057128906,400.1379699707031,149.65960693359375,140.58184814453125,980.6284790039062,549.7958984375,3304.83837890625,86.7839584350586,52.71669006347656,197.74136352539062,256.0129699707031,993.6987915039062,23.64117431640625,986.4994506835938,2715.1591796875
2015-04-17,740.3590087890625,340.3363952636719,228.5603790283203,128.69024658203125,774.890380859375,256.6407775878906,397.3301086425781,150.40765380859375,137.4251251220703,972.4954223632812,548.0057373046875,3276.893310546875,87.84027862548828,52.506805419921875,197.4218292236328,255.44386291503906,947.84765625,24.222225189208984,945.2681884765625,2634.596923828125
2015-04-20,733.243896484375,337.2763366699219,225.608642578125,127.30896759033203,754.8910522460938,257.5098571777344,388.74267578125,146.15426635742188,135.87399291992188,949.409423828125,531.536376953125,3242.073974609375,85.8388442993164,52.40186309814453,188.64613342285156,251.8541259765625,953.3737182617188,24.11371612548828,927.6795043945312,2605.523193359375
2015-04-21,721.9589233398438,333.9229431152344,225.13729858398438,123.67157745361328,721.5452880859375,257.26153564453125,390.6480712890625,146.17564392089844,134.09986877441406,943.987060546875,532.76708984375,3136.1328125,84.14319610595703,52.06953811645508,186.68649291992188,253.21119689941406,869.7091064453125,24.379745483398438,927.0111083984375,2580.248046875
2015-04-22,711.9430541992188,334.8450622558594,227.40438842773438,123.99391174316406,749.6846313476562,258.9994812011719,389.7546081542969,146.79547119140625,135.01666259765625,975.7650756835938,542.8366088867188,3111.69140625,84.89373779296875,51.43986892700195,187.38938903808594,248.52694702148438,883.9577026367188,24.596763610839844,933.9056396484375,2619.262939453125
2015-04-23,712.80419921875,335.2223205566406,227.49412536621094,124.36222839355469,745.9657592773438,258.089111328125,386.89202880859375,146.23974609375,136.5331268310547,963.7473754882812,536.5264282226562,3139.99658203125,83.11469268798828,51.29995346069336,186.81430053710938,243.0984649658203,860.392578125,25.86388397216797,938.5462646484375,2558.770751953125
2015-04-24,699.1626586914062,334.635498046875,225.9116973876953,120.77085876464844,735.0985107421875,255.10975646972656,363.77337646484375,148.74050903320312,135.61134338378906,938.3135375976562,524.5548706054688,3182.184326171875,83.28147888183594,51.02009582519531,187.2083282470703,241.25982666015625,865.3250732421875,25.937389373779297,952.2198486328125,2538.74755859375
2015-04-27,675.0973510742188,327.80279541015625,225.68722534179688,119.7579116821289,716.21484375,250.18551635742188,361.8498229980469,147.41534423828125,132.49917602539062,932.220458984375,521.8025512695312,3278.330810546875,82.41973876953125,50.705265045166016,186.44154357910156,233.8175811767578,846.144287109375,25.825374603271484,954.9508056640625,2490.30712890625
2015-04-28,693.8150024414062,335.9769287109375,225.48519897460938,120.95504760742188,711.2149658203125,270.5032043457031,357.5196228027344,144.2947540283203,133.0145721435547,930.9628295898438,529.0750122070312,3434.861328125,84.11539459228516,50.530357360839844,184.29022216796875,238.58937072753906,844.728515625,25.98989486694336,952.9645385742188,2521.819091796875
2015-04-29,683.7987670898438,324.74267578125,222.92633056640625,120.2643814086914,708.818359375,273.23431396484375,357.5652770996094,140.27645874023438,131.80044555664062,925.2609252929688,524.8011474609375,3384.1826171875,84.2822036743164,50.040626525878906,181.05255126953125,238.06405639648438,859.0228271484375,25.89888572692871,950.0239868164062,2512.7685546875
2015-04-30,691.0955810546875,319.5028991699219,221.94989013671875,118.42266845703125,702.7442016601562,274.0619201660156,354.11932373046875,137.79708862304688,132.10769653320312,911.8734130859375,512.4268188476562,3347.925537109375,83.55945587158203,49.74329376220703,183.6831512451172,236.18161010742188,857.5155639648438,25.226823806762695,941.0095825195312,2506.06298828125
2015-05-04,706.459228515625,329.3956604003906,224.6771697998047,122.61257934570312,712.1653442382812,272.53082275390625,363.3904724121094,141.1527862548828,132.69247436523438,910.75537109375,538.1598510742188,3376.5888671875,84.69915771484375,50.4254264831543,189.77500915527344,242.6606903076172,865.6446533203125,25.31783103942871,947.8271484375,2540.71728515625
2015-05-05,708.2722778320312,324.4912414550781,221.69174194335938,128.32192993164062,726.4624633789062,271.8273620605469,357.8569641113281,139.46424865722656,141.0625457763672,918.0780639648438,527.7547607421875,3408.308837890625,83.67064666748047,50.07561492919922,190.03062438964844,238.19534301757812,875.417724609375,26.60944938659668,961.6924438476562,2540.857421875
2015-05-06,689.6452026367188,327.1321105957031,217.86460876464844,126.8485336303711,709.231689453125,258.3373718261719,350.4363708496094,136.08717346191406,133.9214630126953,874.616943359375,520.549560546875,3265.885986328125,80.39051055908203,49.18358612060547,187.4958953857422,232.3729248046875,855.9628295898438,25.737873077392578,940.7611694335938,2443.7890625
2015-05-07,694.0867309570312,330.0244140625,213.5325164794922,123.67157745361328,715.88427734375,252.08897399902344,354.4383544921875,137.882568359375,129.65960693359375,876.9926147460938,523.95068359375,3184.161376953125,79.2230453491211,49.07863998413086,185.4723663330078,228.47669982910156,847.514404296875,25.71336555480957,972.1578979492188,2456.403076171875
2015-05-08,688.3308715820312,333.62945556640625,220.423583984375,127.95356750488281,739.8089599609375,262.351318359375,356.9818115234375,140.21231079101562,131.7707061767578,895.0758666992188,528.2470703125,3244.31982421875,78.94505310058594,48.973690032958984,191.89642333984375,229.35226440429688,858.79443359375,25.671361923217773,965.2825927734375,2530.353515625
2015-05-11,699.4346313476562,332.1623229980469,222.28659057617188,131.22264099121094,714.6033325195312,267.7307434082031,363.49078369140625,139.54977416992188,132.71722412109375,902.9295043945312,534.4677734375,3281.296142578125,80.5851058959961,50.02314758300781,193.24447631835938,241.6975860595703,880.8521118164062,26.399429321289062,976.263427734375,2648.337158203125
2015-05-12,687.3792114257812,328.26385498046875,218.16769409179688,126.71038818359375,697.4552001953125,255.06834411621094,355.00360107421875,138.60928344726562,130.7151641845703,871.6821899414062,526.7925415039062,3214.577392578125,78.7504653930664,48.728824615478516,187.3670196533203,234.1240234375,867.3800659179688,24.75428009033203,963.620849609375,2578.044189453125
2015-05-13,691.140869140625,320.718505859375,222.27536010742188,122.93487548828125,695.0584106445312,262.8892517089844,356.75390625,140.14822387695312,132.96005249023438,888.6195068359375,540.1290893554688,3238.5244140625,76.9436264038086,49.27104949951172,190.90428161621094,240.16537475585938,871.39892578125,25.167314529418945,960.7564697265625,2620.763427734375
2015-05-14,721.91357421875,323.6109924316406,222.4549560546875,126.5722885131836,699.5210571289062,260.6546630859375,352.76104736328125,138.8016815185547,131.5030975341797,881.4366455078125,549.1917724609375,3276.623779296875,77.30500030517578,48.763824462890625,189.416015625,245.98789978027344,862.5848388671875,25.650362014770508,954.588134765625,2622.311279296875
2015-05-15,716.3390502929688,328.64111328125,222.24171447753906,126.15792846679688,698.1575927734375,258.5029602050781,357.67462158203125,139.52835083007812,133.26234436035156,889.8771362304688,558.9926147460938,3298.818359375,75.6649398803711,48.99119567871094,188.4993896484375,251.67897033691406,864.3658447265625,25.489349365234375,959.1331176757812,2631.080078125
2015-05-18,694.9931640625,333.2102966308594,226.6748504638672,128.0916748046875,704.6863403320312,261.7305603027344,363.3813781738281,142.34971618652344,135.22479248046875,901.2805786132812,565.526611328125,3322.54052734375,75.69274139404297,48.99119567871094,192.29542541503906,253.69271850585938,874.0476684570312,25.49285316467285,962.666259765625,2719.89599609375
2015-05-19,702.2445678710938,333.6713562011719,226.1586151123047,128.87445068359375,698.1163330078125,260.9857177734375,368.72344970703125,142.1573486328125,136.50831604003906,905.9481201171875,561.140869140625,3330.762451171875,75.6649398803711,48.53642654418945,193.15821838378906,252.5545196533203,874.138916015625,25.786874771118164,959.7252807617188,2786.765625
2015-05-20,699.026611328125,335.8092346191406,229.86227416992188,127.95356750488281,707.0830078125,263.7996520996094,373.2724304199219,141.90084838867188,137.24671936035156,901.3923950195312,559.7534790039062,3335.3896484375,75.69274139404297,49.25355911254883,196.02682495117188,256.1880798339844,881.7200317382812,25.293325424194336,976.6650390625,2843.834228515625
2015-05-21,704.4649658203125,332.37188720703125,230.0081329345703,128.0916748046875,714.3141479492188,259.49603271484375,373.4821472167969,139.95582580566406,138.51039123535156,915.7861938476562,558.947998046875,3322.990234375,75.02559661865234,48.798789978027344,193.41702270507812,254.1305694580078,896.2425537109375,23.959707260131836,976.0725708007812,2874.174072265625
2015-05-22,702.8336791992188,331.07244873046875,229.9183807373047,126.0657730102539,713.818359375,259.5374450683594,373.1174621582031,140.7039337158203,137.49940490722656,924.2548217773438,561.9463500976562,3326.988037109375,75.24796295166016,49.30601119995117,194.94839477539062,247.30117797851562,916.7932739257812,23.893198013305664,999.9065551757812,2790.5166015625
2015-05-25,690.5969848632812,335.2642517089844,229.75001525878906,123.85577392578125,704.4796752929688,258.3373718261719,367.7115478515625,135.42462158203125,136.2902374267578,911.2864379882812,563.8485107421875,3318.1826171875,74.63642883300781,50.05812454223633,192.93173217773438,243.0984649658203,915.3319702148438,23.24213981628418,993.451171875,2752.626953125
2015-05-26,692.0472412109375,335.8092346191406,230.61422729492188,123.67157745361328,706.8762817382812,256.30975341796875,365.9795227050781,134.2276611328125,137.0137939453125,904.6622924804688,565.2581787109375,3348.4638671875,73.66352081298828,50.040626525878906,190.7964324951172,242.6606903076172,908.6642456054688,23.301647186279297,996.449951171875,2726.2265625
2015-05-27,688.195068359375,342.6838684082031,233.02719116210938,122.98091888427734,708.818359375,259.1650390625,358.9053649902344,135.809326171875,136.23574829101562,914.165283203125,547.2449340820312,3344.3759765625,74.63642883300781,50.093116760253906,190.94744873046875,245.81272888183594,891.0363159179688,22.972612380981445,998.8941650390625,2705.87451171875
2015-05-28,695.5369262695312,337.86322021484375,231.06314086914062,121.18524169921875,699.3146362304688,260.2823181152344,367.6751708984375,137.41236877441406,135.6014404296875,909.330078125,536.2133178710938,3332.69384765625,74.85881042480469,50.093116760253906,188.8983917236328,246.12301635742188,872.0839233398438,22.73109245300293,996.697998046875,2736.1669921875
2015-05-29,713.393310546875,356.81036376953125,235.810546875,119.02122497558594,710.34716796875,262.5581970214844,368.869384765625,139.82760620117188,138.68878173828125,924.8138427734375,563.0428466796875,3401.703857421875,75.91512298583984,50.26801681518555,189.15719604492188,246.6106414794922,882.4048461914062,22.997119903564453,997.0036010742188,2790.423095703125
2015-06-01,715.840576171875,349.2650146484375,232.5894775390625,118.19244384765625,727.9086303710938,261.8960876464844,373.3636779785156,141.94361877441406,138.0395965576172,953.378173828125,563.0428466796875,3488.999755859375,77.02702331542969,50.05812454223633,194.60328674316406,246.6549835205078,801.6175537109375,23.077621459960938,999.8486938476562,2818.652587890625
2015-06-02,688.14990234375,350.5226745605469,226.43919372558594,113.49606323242188,704.7277221679688,252.00616455078125,366.22564697265625,136.2154541015625,134.7242889404297,935.490478515625,548.0504760742188,3442.7685546875,76.69345092773438,49.848236083984375,193.82684326171875,236.05999755859375,786.1815185546875,22.52457046508789,993.0313110351562,2729.414794921875
2015-06-03,691.322265625,352.70233154296875,225.7096710205078,112.29894256591797,687.125,244.76470947265625,368.4590759277344,132.82952880859375,133.40110778808594,924.36669921875,539.211669921875,3394.066162109375,76.97144317626953,50.093116760253906,193.3307342529297,228.21351623535156,769.4214477539062,22.139537811279297,997.232666015625,2655.18359375
2015-06-04,688.51220703125,349.0973815917969,227.81961059570312,111.70038604736328,679.8524169921875,244.2174530029297,369.7626953125,131.6077423095703,135.28924560546875,929.2857055664062,535.0718994140625,3389.4384765625,76.10970306396484,50.49538040161133,196.8572235107422,228.39083862304688,759.5112915039062,21.56548500061035,995.2274169921875,2689.83740234375
2015-06-05,687.787109375,348.4267272949219,227.101318359375,110.64139556884766,685.182861328125,239.16644287109375,366.77264404296875,132.78591918945312,134.431884765625,941.1082763671875,539.6592407226562,3378.116455078125,77.8609390258789,50.68777847290039,195.78956604003906,228.56813049316406,774.4449462890625,21.77900505065918,992.991455078125,2631.876953125
2015-06-08,677.9979858398438,344.1929016113281,225.23828125,108.845703125,671.2578735351562,238.3666534423828,364.6576843261719,132.8077392578125,134.08502197265625,938.3970947265625,539.9053955078125,3345.813232421875,76.97144317626953,51.12505340576172,190.97976684570312,226.04132080078125,757.6845703125,21.15945053100586,993.6084594726562,2635.25341796875
2015-06-09,666.8489990234375,342.01312255859375,224.87916564941406,110.59534454345703,677.455810546875,241.69190979003906,363.2082214355469,131.17138671875,131.91444396972656,931.7732543945312,539.368408203125,3317.7783203125,77.27719116210938,51.54482650756836,190.6023406982422,228.39083862304688,740.421875,21.33446502685547,987.517578125,2635.722900390625
2015-06-10,669.9762573242188,347.9655456542969,227.96551513671875,110.7795181274414,678.0342407226562,246.23788452148438,369.4801025390625,131.38955688476562,132.2761993408203,953.6577758789062,546.2155151367188,3362.930908203125,77.8331527709961,51.474853515625,195.3689727783203,231.05067443847656,751.7933959960938,21.42197036743164,1002.590576171875,2630.282958984375
2015-06-11,642.1039428710938,344.1929016113281,224.50880432128906,109.76657104492188,674.935302734375,242.87051391601562,364.2200927734375,129.6222686767578,126.95381927490234,936.9439086914062,531.49169921875,3325.955078125,75.91512298583984,51.072566986083984,189.18955993652344,225.19903564453125,748.55078125,20.91092300415039,991.2374267578125,2533.77685546875
2015-06-12,639.611328125,347.7560119628906,226.51776123046875,107.51046752929688,673.1171875,249.14219665527344,360.09954833984375,129.84043884277344,129.947021484375,926.4909057617188,533.8859252929688,3357.764404296875,75.88732147216797,50.86269760131836,191.92880249023438,225.15472412109375,743.070556640625,20.83041763305664,965.9872436523438,2577.716064453125
2015-06-15,633.1755981445312,346.79180908203125,225.63113403320312,105.25436401367188,679.1085815429688,251.87820434570312,366.6424560546875,130.2550048828125,127.82604217529297,932.6116943359375,546.1260986328125,3385.260498046875,75.52594757080078,49.39347839355469,194.49545288085938,221.87423706054688,765.1284790039062,20.791913986206055,965.601806640625,2542.3583984375
2015-06-16,638.9766845703125,347.3368225097656,226.3494110107422,105.89895629882812,690.0175170898438,254.27743530273438,369.9369812011719,130.45135498046875,127.77149200439453,937.6426391601562,551.787353515625,3405.208251953125,76.52666473388672,50.407928466796875,194.969970703125,225.73098754882812,767.320556640625,20.61339569091797,968.3778076171875,2574.198486328125
2015-06-17,644.1432495117188,354.04376220703125,225.5188751220703,109.16801452636719,712.4133911132812,253.6881866455078,368.5857849121094,131.38955688476562,128.35626220703125,956.3406372070312,561.0066528320312,3422.416259765625,76.16529846191406,49.60336685180664,200.84742736816406,226.17430114746094,770.7914428710938,21.3554630279541,969.0714111328125,2622.77978515625
2015-06-18,660.7306518554688,357.5230407714844,228.8634033203125,110.50325012207031,712.8678588867188,255.37185668945312,370.8995056152344,131.7386016845703,129.67042541503906,959.8621826171875,561.1856689453125,3469.4560546875,75.94292449951172,49.65583801269531,211.14645385742188,228.83413696289062,781.8887329101562,21.260957717895508,975.3357543945312,2624.796630859375
2015-06-19,670.7465209960938,363.85272216796875,231.31005859375,111.23995208740234,716.2919311523438,256.38201904296875,368.456298828125,133.09136962890625,131.72845458984375,959.2752685546875,584.2783203125,3537.9716796875,75.63714599609375,48.973690032958984,214.96412658691406,230.65167236328125,772.6637573242188,21.348464965820312,982.8531494140625,2628.594970703125
2015-06-22,677.7259521484375,355.88818359375,235.04736328125,111.6082992553711,729.4451904296875,265.22137451171875,379.0064392089844,135.44772338867188,134.67910766601562,968.4427490234375,587.1650390625,3576.87939453125,76.16529846191406,49.428462982177734,213.89646911621094,235.83834838867188,782.665283203125,21.74750328063965,999.0248413085938,2629.767578125
2015-06-23,685.7024536132812,360.7507019042969,236.15846252441406,111.97663879394531,731.3240966796875,263.91650390625,370.32568359375,137.25865173339844,136.9156494140625,987.47607421875,597.9505615234375,3609.677001953125,77.41619873046875,48.763824462890625,214.60824584960938,237.38992309570312,783.3958740234375,21.915515899658203,992.5095825195312,2715.956787109375
2015-06-24,687.0242309570312,356.2654724121094,234.74435424804688,107.97090911865234,748.7366333007812,267.49432373046875,368.3637390136719,136.86593627929688,137.2479248046875,980.041748046875,582.84619140625,3602.623779296875,76.05412292480469,48.921226501464844,213.72393798828125,232.60223388671875,795.635009765625,21.320466995239258,990.852294921875,2675.11328125
2015-06-25,683.879150390625,357.7326354980469,239.0540771484375,108.66153717041016,737.6294555664062,265.0108642578125,366.6424560546875,136.2986297607422,139.50930786132812,1011.6243286132812,581.7051391601562,3622.572021484375,75.3869857788086,49.428462982177734,216.66806030273438,234.77442932128906,791.0680541992188,21.190950393676758,983.0264282226562,2684.1630859375
2015-06-26,683.9246826171875,350.3968505859375,238.57144165039062,107.74069213867188,741.5545654296875,262.4012451171875,372.1210021972656,134.37863159179688,136.90078735351562,995.385986328125,583.6294555664062,3657.12158203125,76.5544662475586,48.65886688232422,215.83766174316406,235.12908935546875,792.0728149414062,20.90742301940918,999.5255737304688,2733.58837890625
2015-06-29,671.5729370117188,347.0014343261719,237.17974853515625,103.91910552978516,751.9520874023438,261.9802551269531,366.53143310546875,135.25137329101562,135.72547912597656,1000.8916625976562,574.7010498046875,3588.246337890625,77.0826187133789,48.798789978027344,213.713134765625,230.20838928222656,775.9518432617188,20.742908477783203,999.5642700195312,2724.397216796875
2015-06-30,688.5739135742188,352.15740966796875,239.53665161132812,103.04429626464844,765.5645751953125,259.286376953125,364.38433837890625,137.5204620361328,137.4462890625,996.5597534179688,573.8955688476562,3615.24853515625,76.52666473388672,48.65886688232422,215.708251953125,232.95687866210938,798.831787109375,21.323963165283203,983.3927001953125,2807.4453125
2015-07-01,693.542236328125,355.8462829589844,240.70384216308594,104.10327911376953,766.9009399414062,262.8221130371094,369.2152099609375,136.8441162109375,139.67291259765625,1012.7145385742188,576.424072265625,3622.751708984375,76.88803100585938,49.79576110839844,216.90530395507812,237.38992309570312,797.461669921875,21.488479614257812,999.6415405273438,2867.93701171875
2015-07-02,695.456298828125,363.14007568359375,239.31301879882812,102.26155853271484,771.2017211914062,263.4955139160156,365.7354736328125,137.47683715820312,142.36077880859375,1006.369873046875,587.8137817382812,3588.336669921875,76.52666473388672,49.4984130859375,218.02687072753906,237.4785919189453,795.635009765625,21.306455612182617,993.7236938476562,2867.70263671875
2015-07-03,704.39013671875,364.77490234375,242.94276428222656,101.84717559814453,772.07861328125,264.8004150390625,366.5868835449219,137.71682739257812,141.71609497070312,1010.2548217773438,587.4558715820312,3593.2783203125,77.19380187988281,49.4984130859375,217.2396240234375,238.85281372070312,795.543701171875,21.085941314697266,1003.8046264648438,2874.220947265625
2015-07-06,714.2808837890625,363.09814453125,245.0346221923828,100.41983795166016,774.542236328125,265.3055114746094,363.99566650390625,138.93865966796875,143.20877075195312,1015.1458740234375,591.5283813476562,3583.439208984375,76.72125244140625,48.973690032958984,219.04061889648438,240.09408569335938,802.7593994140625,20.931930541992188,1015.1385498046875,2909.484375
2015-07-07,751.701904296875,362.0502014160156,245.79222106933594,98.67021179199219,771.9533081054688,263.15887451171875,362.95916748046875,138.48048400878906,141.3937225341797,1012.5186767578125,589.7606811523438,3569.24169921875,74.74762725830078,48.48396301269531,216.3876953125,241.95596313476562,808.650390625,20.87592124938965,1008.5657958984375,2965.052734375
2015-07-08,731.327880859375,360.7507019042969,241.72152709960938,93.78964233398438,774.7091064453125,258.90753173828125,354.445068359375,136.5604705810547,140.26304626464844,1009.779541015625,572.4634399414062,3548.43994140625,73.9415054321289,48.27407455444336,214.9533233642578,237.0352783203125,795.8175659179688,19.822324752807617,1000.4127197265625,2921.676513671875
2015-07-09,726.4962768554688,363.76885986328125,242.89752197265625,95.76948547363281,769.6149291992188,260.5491638183594,347.22662353515625,135.53501892089844,139.8861541748047,1033.5086669921875,565.683349609375,3536.44384765625,72.88519287109375,47.92427062988281,212.9690399169922,237.38992309570312,796.8224487304688,19.636808395385742,972.425048828125,2910.2353515625
2015-07-10,724.9923095703125,351.5285949707031,246.6742401123047,96.32200622558594,751.8265991210938,263.62188720703125,347.04156494140625,135.22955322265625,140.7193145751953,1048.880859375,559.2163696289062,3535.321044921875,72.19026947021484,48.501461029052734,216.0749053955078,239.8724365234375,823.4469604492188,19.664810180664062,953.8634643554688,2935.322998046875
2015-07-13,745.3663330078125,355.21746826171875,247.89549255371094,98.20979309082031,760.5538330078125,266.3578186035156,351.72430419921875,137.28045654296875,141.8301239013672,1038.427490234375,567.29443359375,3625.94140625,73.99707794189453,48.973690032958984,217.1964874267578,242.66525268554688,836.1884155273438,19.913331985473633,967.4329833984375,2967.210693359375
2015-07-14,749.9699096679688,354.04376220703125,246.92303466796875,96.32200622558594,774.4169311523438,263.8743896484375,359.5350036621094,136.27685546875,140.9771728515625,1038.3441162109375,568.3461303710938,3639.779052734375,73.99707794189453,49.04366683959961,215.212158203125,237.78892517089844,839.7506713867188,19.682310104370117,963.5585327148438,2943.013671875
2015-07-15,763.7805786132812,354.5887145996094,248.0198516845703,97.19683074951172,775.8365478515625,264.8846130371094,364.25482177734375,137.0186309814453,141.2945556640625,1044.9678955078125,576.424072265625,3730.983642578125,74.02488708496094,48.88623809814453,218.0915985107422,237.65591430664062,849.2040405273438,19.629806518554688,981.3875122070312,3001.207763671875
2015-07-16,773.0787963867188,356.013916015625,252.09051513671875,98.25581359863281,782.3924560546875,266.9471130371094,366.1241760253906,138.7422637939453,147.03717041015625,1044.2135009765625,576.8081665039062,3754.3466796875,74.88658905029297,48.83378219604492,220.79844665527344,241.33535766601562,859.7989501953125,19.65781021118164,979.2484741210938,2977.760986328125
2015-07-17,752.43115234375,357.0199890136719,251.15206909179688,98.71624755859375,771.9114990234375,267.2417297363281,370.8624267578125,140.64047241210938,145.430419921875,1046.1976318359375,585.72998046875,3767.6904296875,75.35917663574219,49.39347839355469,220.36705017089844,240.36004638671875,865.5533447265625,19.885334014892578,988.577880859375,3023.29443359375
2015-07-20,776.953125,360.03802490234375,252.21493530273438,100.74215698242188,762.5582275390625,265.85272216796875,370.6404113769531,139.8550262451172,146.1147918701172,1043.7940673828125,593.7711181640625,3752.459716796875,75.44258117675781,49.04366683959961,221.02491760253906,237.12396240234375,865.8729248046875,19.850326538085938,996.40087890625,3145.45068359375
2015-07-21,743.9078979492188,373.2843322753906,248.32513427734375,99.5450210571289,744.352294921875,262.190673828125,411.878173828125,136.75680541992188,142.95089721679688,1031.30078125,586.6334838867188,3731.6123046875,75.3869857788086,48.973690032958984,217.36900329589844,234.3311004638672,735.48974609375,19.23076820373535,989.54345703125,3023.57568359375
2015-07-22,768.7489013671875,368.3798828125,252.02272033691406,99.17668151855469,768.7381591796875,266.6945495605469,408.36151123046875,137.23684692382812,144.53778076171875,1036.611083984375,606.3521118164062,3766.02783203125,76.4710693359375,49.95317077636719,226.55728149414062,238.0991668701172,762.2514038085938,19.629806518554688,976.6591796875,3055.697265625
2015-07-23,771.665771484375,362.93048095703125,250.5527801513672,100.09752655029297,755.1672973632812,263.411376953125,406.4550476074219,137.49864196777344,142.8914031982422,1023.5309448242188,613.8735961914062,3804.57666015625,76.91583251953125,49.760772705078125,225.457275390625,239.42910766601562,757.0452270507812,19.449647903442383,961.4188842773438,3037.877685546875
2015-07-24,773.9449462890625,363.76885986328125,250.54144287109375,100.69610595703125,757.2966918945312,253.05679321289062,402.6051025390625,137.25865173339844,143.75425720214844,1007.4879150390625,600.6828002929688,3804.7109375,76.72125244140625,49.690818786621094,221.089599609375,233.4001922607422,763.7584838867188,19.100143432617188,967.81201171875,3005.287109375
2015-07-27,777.72802734375,350.3968505859375,247.82765197753906,96.13785552978516,751.701416015625,245.05926513671875,394.3503112792969,135.99317932128906,141.8301239013672,974.5076293945312,594.4711303710938,3754.302001953125,74.60863494873047,49.11363220214844,216.84060668945312,229.1444549560547,752.3413696289062,18.06965446472168,964.6832885742188,2939.35595703125
2015-07-28,761.3192749023438,343.7317810058594,250.6884307861328,97.15078735351562,755.584716796875,239.92408752441406,393.4432678222656,135.79685974121094,144.68658447265625,983.2279052734375,593.59033203125,3771.239990234375,76.19308471679688,49.44595718383789,217.89747619628906,229.80941772460938,749.0989379882812,17.96156120300293,966.61474609375,2933.35302734375
2015-07-29,771.9849243164062,350.1453552246094,250.65451049804688,98.11767578125,750.9498901367188,243.50189208984375,401.7908020019531,132.65499877929688,144.00221252441406,1000.751953125,594.2904663085938,3840.205322265625,75.33137512207031,48.973690032958984,214.82391357421875,224.84439086914062,757.8671875,18.055240631103516,968.4304809570312,2941.60595703125
2015-07-30,781.7391357421875,349.5584716796875,251.15206909179688,96.4140853881836,768.9051513671875,244.97508239746094,396.09002685546875,137.86956787109375,142.1872100830078,991.5009765625,595.2843627929688,3860.6474609375,75.52594757080078,49.8132438659668,215.7190399169922,227.6815185546875,743.7099609375,17.88228988647461,958.3474731445312,2963.974853515625
2015-07-31,804.7567749023438,351.10943603515625,251.40081787109375,96.8745346069336,769.6983032226562,254.57205200195312,398.6998596191406,142.25503540039062,137.94219970703125,1001.2831420898438,615.996826171875,3892.097900390625,75.08119201660156,49.67333221435547,216.085693359375,239.42910766601562,751.154052734375,17.792217254638672,969.9757690429688,2953.47021484375
2015-08-03,799.9253540039062,351.1933288574219,247.72584533691406,97.33495330810547,759.71875,263.411376953125,399.4031066894531,144.6768341064453,136.9106903076172,994.6591186523438,604.3870849609375,3977.999755859375,75.08119201660156,49.18358612060547,216.21510314941406,249.1818389892578,758.9633178710938,17.86787986755371,969.5315551757812,2966.9287109375
2015-08-04,825.63232421875,346.4565124511719,245.7018280029297,100.60401153564453,758.3825073242188,264.37945556640625,391.370361328125,143.9568634033203,137.0396270751953,992.0598754882812,616.31298828125,3988.557861328125,75.13678741455078,49.323516845703125,213.09844970703125,255.87574768066406,758.1869506835938,18.469600677490234,969.26123046875,2949.625244140625
2015-08-05,841.67626953125,350.0615234375,247.0021514892578,99.68314361572266,758.7999877929688,262.10650634765625,402.1424865722656,144.78594970703125,137.2479248046875,994.77099609375,626.4998168945312,4018.075927734375,76.02631378173828,49.236053466796875,213.0445098876953,253.03860473632812,768.9646606445312,18.901975631713867,984.0382080078125,3016.541748046875
2015-08-06,835.1127319335938,347.9236145019531,247.8502197265625,100.09752655029297,758.0901489257812,261.85400390625,402.3645324707031,142.36412048339844,140.2035369873047,1023.363037109375,631.1979370117188,4000.508544921875,75.55375671386719,49.341007232666016,211.14645385742188,256.27471923828125,772.1614990234375,18.80829429626465,994.1404418945312,3025.216552734375
2015-08-07,819.2056274414062,345.07318115234375,247.1039276123047,100.88027954101562,755.668212890625,261.09637451171875,405.566650390625,141.57864379882812,139.84649658203125,1024.8721923828125,628.0584106445312,4001.27294921875,74.41407012939453,48.83378219604492,212.31118774414062,249.40347290039062,778.14404296875,18.88395881652832,985.9312133789062,3003.458251953125
2015-08-10,822.3960571289062,343.8995056152344,247.55625915527344,99.26878356933594,756.7540283203125,260.6333312988281,402.0129089355469,140.0513916015625,140.302734375,1017.7733154296875,614.2349243164062,4040.989013671875,73.02418518066406,48.291568756103516,208.97882080078125,250.68910217285156,767.8687133789062,18.819103240966797,993.677001953125,2977.292236328125
2015-08-11,805.3038330078125,339.4141845703125,247.56748962402344,95.07884979248047,741.7632446289062,254.4458465576172,410.5824890136719,139.6804656982422,139.78700256347656,1006.8170166015625,605.1325073242188,4047.413818359375,72.71839904785156,48.256595611572266,208.35330200195312,238.32086181640625,768.8276977539062,17.78500747680664,1006.0785522460938,2959.331787109375
2015-08-12,794.3189697265625,334.25830078125,242.0833740234375,88.31053161621094,723.5158081054688,245.5222930908203,423.6312561035156,138.21865844726562,136.10736083984375,985.2123413085938,586.9949340820312,4047.413818359375,71.18953704833984,47.57445526123047,203.3709716796875,227.28257751464844,791.1138916015625,17.94715118408203,1032.1556396484375,2873.423828125
2015-08-13,797.0537719726562,324.41119384765625,243.68907165527344,83.61412811279297,723.6828002929688,245.73275756835938,428.6656799316406,138.0441131591797,137.01979064941406,983.898681640625,605.155029296875,4037.1259765625,71.07833862304688,48.20412063598633,201.31117248535156,229.89805603027344,802.896240234375,16.833784103393555,1018.2088623046875,2879.097900390625
2015-08-14,816.1062622070312,333.0948181152344,249.17324829101562,85.77816009521484,727.0232543945312,254.74044799804688,425.4266357421875,138.82957458496094,142.36570739746094,1005.89453125,622.5697021484375,4108.697265625,72.07904815673828,48.396514892578125,208.55824279785156,238.05487060546875,819.9306030273438,17.122034072875977,1044.3251953125,2919.59130859375
2015-08-17,820.48193359375,328.96380615234375,246.84384155273438,83.47599792480469,728.7770385742188,254.9929962158203,422.7984313964844,138.2841033935547,142.7823028564453,995.1901245117188,610.327392578125,4088.298828125,71.18953704833984,48.30906677246094,205.05332946777344,248.02926635742188,827.6942138671875,17.78140640258789,1037.196533203125,2898.803955078125
2015-08-18,821.6669311523438,325.04351806640625,245.67913818359375,81.864501953125,728.9440307617188,253.4776611328125,431.01629638671875,137.38955688476562,139.8663330078125,1006.2581787109375,616.606689453125,4163.95751953125,70.74475860595703,48.064178466796875,203.62982177734375,252.50662231445312,812.669189453125,18.184953689575195,1058.8895263671875,2942.68359375
2015-08-19,820.2080688476562,322.5142822265625,244.6614990234375,79.33214569091797,731.741943359375,256.3398742675781,435.162353515625,138.2841033935547,141.31439208984375,1014.3914184570312,616.9228515625,4197.9697265625,70.04984283447266,47.73187255859375,205.89450073242188,246.47767639160156,847.3773803710938,18.001195907592773,1056.0692138671875,2973.5830078125
2015-08-20,805.1214599609375,320.3645324707031,243.04449462890625,78.22710418701172,728.27587890625,251.0784149169922,419.9850769042969,143.71685791015625,138.3488311767578,996.0285034179688,602.9640502929688,4164.0927734375,70.02204895019531,47.60942840576172,197.63369750976562,239.8724365234375,855.5062866210938,17.406681060791016,1038.0086669921875,2864.236083984375
2015-08-21,808.357666015625,311.5545349121094,240.0141143798828,79.19400024414062,738.3810424804688,249.60523986816406,425.667236328125,144.3277587890625,136.47433471679688,972.63525390625,597.317138671875,4104.068359375,68.6043701171875,46.66494369506836,195.83273315429688,237.16827392578125,856.6478881835938,17.096813201904297,1033.87451171875,2796.369873046875
2015-08-24,763.4615478515625,293.63934326171875,230.45921325683594,72.42568969726562,710.8215942382812,227.25439453125,404.2524719238281,139.72409057617188,128.4604034423828,912.0130615234375,561.6295166015625,3811.54052734375,64.10115814208984,45.86037826538086,178.92286682128906,217.57415771484375,813.9022827148438,14.852066040039062,996.207763671875,2673.384033203125
2015-08-25,776.81640625,293.6815490722656,230.3235321044922,74.08323669433594,723.1815795898438,238.6613006591797,401.8833923339844,139.5932159423828,126.84373474121094,908.1561279296875,565.10791015625,3773.0810546875,66.2415771484375,44.98584747314453,182.9346466064453,224.6227569580078,813.4456176757812,15.38172435760498,991.7651977539062,2720.462158203125
2015-08-26,776.5885009765625,285.96746826171875,229.20407104492188,74.03717803955078,714.0369873046875,234.0732879638672,394.09112548828125,138.6113739013672,124.4237060546875,890.0170288085938,549.0936279296875,3802.95654296875,66.65852355957031,45.80790710449219,184.0670166015625,217.84014892578125,797.2791748046875,15.540263175964355,995.4734497070312,2732.595947265625
2015-08-27,779.4144897460938,292.7962951660156,231.1489715576172,74.26740264892578,716.3753662109375,237.77740478515625,400.8283386230469,142.12413024902344,129.0158233642578,905.584716796875,555.7343139648438,3799.97412109375,66.2415771484375,47.17216491699219,187.46405029296875,221.16493225097656,823.858154296875,16.314937591552734,994.6624755859375,2728.78662109375
2015-08-28,782.3771362304688,305.6108703613281,232.47195434570312,75.1882553100586,713.6193237304688,238.82968139648438,411.2858581542969,142.6914520263672,128.4306640625,903.5723876953125,557.4283447265625,3801.872314453125,67.6036605834961,47.277122497558594,188.16505432128906,220.7216339111328,809.6552734375,16.498693466186523,993.1942749023438,2771.77294921875
2015-08-31,773.5802612304688,298.69781494140625,232.35887145996094,73.71488952636719,718.9642333984375,233.94700622558594,405.1223449707031,141.8841094970703,129.27369689941406,895.9981079101562,551.5330810546875,3766.934814453125,67.52027130126953,45.70295333862305,184.606201171875,219.30308532714844,821.0723266601562,16.242874145507812,990.567138671875,2718.204833984375
2015-09-01,746.6882934570312,291.1944885253906,226.1736602783203,69.93934631347656,712.9931640625,228.0962371826172,403.1234436035156,137.6513671875,121.74578857421875,879.7628173828125,531.7918701171875,3671.34228515625,66.85313415527344,45.16075897216797,181.1444549560547,211.98854064941406,823.8125,15.587105751037598,980.2713623046875,2665.812255859375
2015-09-02,734.746337890625,289.38189697265625,225.05419921875,68.46597290039062,693.6597290039062,222.96102905273438,406.99176025390625,139.6804656982422,120.74404907226562,862.68017578125,512.5250854492188,3642.9130859375,64.76831817626953,43.796478271484375,183.23660278320312,204.4080352783203,813.0347290039062,15.817702293395996,1001.287841796875,2714.72412109375
2015-09-03,753.5250854492188,292.33258056640625,228.48040771484375,71.0904312133789,696.2904052734375,224.6446990966797,406.9548034667969,139.63682556152344,124.39395904541016,885.9180297851562,515.28076171875,3745.284912109375,66.3769302368164,44.49610137939453,184.16407775878906,205.91525268554688,808.2850952148438,16.55634117126465,1006.619140625,2825.529541015625
2015-09-04,740.9906005859375,295.07257080078125,225.25772094726562,68.05160522460938,693.15869140625,216.9839324951172,397.55230712890625,138.3713836669922,120.26797485351562,866.181396484375,501.70574951171875,3673.0146484375,64.62718963623047,43.23678970336914,180.29249572753906,199.62030029296875,783.3958740234375,15.774468421936035,984.1539916992188,2742.0029296875
2015-09-07,718.3374633789062,292.6276550292969,222.63441467285156,66.79137420654297,684.6820068359375,209.70205688476562,391.9255676269531,136.77865600585938,119.14723205566406,852.4307861328125,501.8414001464844,3678.709716796875,63.554786682128906,43.24032211303711,179.7101287841797,196.02957153320312,764.0323486328125,15.55467700958252,981.1795654296875,2684.85986328125
2015-09-08,721.5281372070312,293.1756896972656,227.06695556640625,67.8648910522461,669.0233764648438,219.5515594482422,391.9441223144531,136.53863525390625,123.0649185180664,883.4898071289062,517.65234375,3741.71484375,64.5989761352539,44.566165924072266,183.03170776367188,202.45748901367188,771.4306640625,16.484281539916992,981.3914184570312,2712.65478515625
2015-09-09,748.5570068359375,298.8663635253906,229.83729553222656,73.37248992919922,670.6519165039062,222.70846557617188,403.01239013671875,137.19322204589844,125.9015121459961,899.3015747070312,528.8104248046875,3891.6337890625,68.23953247070312,44.54848861694336,188.52093505859375,205.38330078125,766.361572265625,17.258955001831055,985.0426635742188,2807.751708984375
2015-09-10,736.5238037109375,295.45196533203125,228.6387176513672,71.41216278076172,659.8787231445312,225.10772705078125,399.9584655761719,136.7350311279297,126.0205307006836,912.2053833007812,528.58447265625,3888.290283203125,67.30823516845703,43.61155319213867,187.00035095214844,201.65953063964844,766.955078125,17.309396743774414,983.3616943359375,2788.37451171875
2015-09-11,743.9990844726562,293.9765625,228.525634765625,71.03876495361328,664.1378173828125,225.23399353027344,403.771240234375,136.90953063964844,125.2171630859375,905.2029418945312,526.9581909179688,3903.0234375,67.53400421142578,43.94744873046875,185.6954345703125,204.00904846191406,772.7550659179688,16.786943435668945,985.9121704101562,2767.493408203125
2015-09-14,765.9684448242188,298.5712890625,230.60621643066406,73.4191665649414,663.7203979492188,229.31689453125,407.1028747558594,136.86593627929688,128.09344482421875,906.89697265625,529.7816162109375,3904.606689453125,71.06167602539062,45.09649658203125,186.32095336914062,208.57508850097656,782.8021240234375,17.424694061279297,985.7766723632812,2773.8896484375
2015-09-15,757.62744140625,295.9156494140625,229.12493896484375,71.17878723144531,671.9462890625,226.03372192382812,406.8992614746094,138.3495635986328,126.95283508300781,879.9038696289062,520.3627319335938,3909.578369140625,71.59790802001953,45.379356384277344,187.00035095214844,206.49156188964844,791.6162109375,16.473472595214844,980.2132568359375,2746.611328125
2015-09-16,751.109375,303.0816955566406,231.43165588378906,72.1122817993164,673.8255004882812,229.69573974609375,407.8061828613281,140.57501220703125,127.15120697021484,874.5673217773438,527.6132202148438,3937.239013671875,72.16232299804688,46.35164260864258,188.19741821289062,209.9493408203125,810.3402709960938,16.61039161682129,985.2744750976562,2759.68603515625
2015-09-18,766.6976928710938,300.8897399902344,237.40203857421875,70.85208892822266,666.3092041015625,233.90493774414062,408.8427429199219,138.76409912109375,130.4043731689453,869.9931640625,541.7528076171875,3978.142333984375,71.56967163085938,47.2001953125,193.12586975097656,214.55970764160156,826.7808227539062,16.437440872192383,985.6224365234375,2763.49560546875
2015-09-21,756.3509521484375,297.0115966796875,238.12571716308594,72.90574645996094,660.3380737304688,235.12557983398438,408.9166564941406,137.1277618408203,132.00119018554688,875.4427490234375,535.4510498046875,4058.95556640625,71.54145812988281,48.278541564941406,189.39447021484375,217.44119262695312,821.9857177734375,16.31853485107422,985.5448608398438,2733.630615234375
2015-09-22,733.5612182617188,289.8455810546875,233.0825653076172,68.33165740966797,656.3294677734375,227.75950622558594,409.9532470703125,136.2113800048828,127.48841857910156,838.5669555664062,536.3997192382812,4043.4072265625,68.23953247070312,46.316280364990234,182.88072204589844,210.9689483642578,822.5792846679688,15.860939979553223,976.1764526367188,2641.732666015625
2015-09-23,723.8982543945312,284.8714599609375,237.2776641845703,68.09827423095703,655.5778198242188,230.11666870117188,413.2107849121094,137.9350128173828,130.65228271484375,844.411865234375,545.8184814453125,4065.64453125,68.46531677246094,45.18488693237305,183.40916442871094,212.6534881591797,819.0628662109375,15.925797462463379,978.4364013671875,2617.74658203125
2015-09-24,735.0653686523438,280.6983337402344,237.7751922607422,66.65135955810547,652.822021484375,225.86537170410156,422.2060852050781,140.7495880126953,129.81919860839844,825.861083984375,551.5782470703125,4128.01708984375,68.88863372802734,44.33634948730469,180.605224609375,211.9442138671875,814.633056640625,15.504233360290527,996.8837890625,2644.177490234375
2015-09-28,724.2174072265625,276.1879577636719,236.6444854736328,65.85790252685547,660.29638671875,225.69700622558594,409.2500305175781,139.3095703125,127.17105102539062,807.5643310546875,551.8492431640625,4100.537109375,68.26776123046875,44.83134078979492,179.93661499023438,212.29885864257812,786.4100341796875,15.079065322875977,1002.0213623046875,2556.417724609375
2015-09-29,733.65234375,272.0147705078125,240.80564880371094,63.66417694091797,655.0348510742188,226.4546661376953,415.28375244140625,139.8114013671875,129.23402404785156,816.7128295898438,564.543212890625,4232.55908203125,68.4935302734375,45.379356384277344,181.33856201171875,214.47103881835938,774.7644653320312,14.513374328613281,999.9163208007812,2549.50439453125
2015-09-30,767.198974609375,284.8293762207031,241.71026611328125,66.09125518798828,680.4230346679688,227.5911102294922,430.1279602050781,143.4768524169922,128.55958557128906,828.0069580078125,570.9129638671875,4235.54248046875,69.84815979003906,46.79358673095703,185.9866180419922,210.25965881347656,793.1688842773438,15.32047176361084,999.839111328125,2514.654296875
2015-10-01,765.42138671875,286.1782531738281,241.45018005371094,66.18461608886719,681.8008422851562,224.85516357421875,434.23699951171875,143.45501708984375,127.12144470214844,841.475341796875,564.701416015625,4140.40185546875,69.70708465576172,46.15719223022461,186.50428771972656,208.4864501953125,813.81103515625,15.295251846313477,1021.6856689453125,2608.763427734375
2015-10-05,779.779052734375,291.91107177734375,248.3929443359375,69.07843017578125,676.2889404296875,236.51463317871094,437.45751953125,143.78231811523438,129.54148864746094,875.6685791015625,574.0298461914062,3990.073974609375,72.07767486572266,46.84662628173828,191.52976989746094,212.78648376464844,820.1589965820312,16.214046478271484,1047.589111328125,2649.210205078125
2015-10-06,778.2291870117188,294.10302734375,245.58872985839844,70.0119400024414,692.5740356445312,238.0299072265625,427.4071350097656,149.60780334472656,130.0770721435547,878.0403442382812,571.1161499023438,3935.7919921875,70.97702026367188,46.758235931396484,193.69744873046875,212.87515258789062,831.1194458007812,16.39420509338379,1043.08837890625,2603.448974609375
2015-10-07,788.5761108398438,288.8760986328125,245.99578857421875,76.45303344726562,687.7721557617188,238.24041748046875,419.4852294921875,151.52780151367188,131.01930236816406,872.3368530273438,581.7772216796875,3945.283203125,72.10588836669922,46.86430358886719,197.09449768066406,215.9339599609375,845.9615478515625,17.064382553100586,1025.298095703125,2589.998291015625
2015-10-08,796.87158203125,287.9486999511719,244.94418334960938,76.87310028076172,686.3942260742188,234.41001892089844,419.0966491699219,147.971435546875,129.6505889892578,866.0968017578125,574.9108276367188,3935.566650390625,71.11812591552734,46.828948974609375,191.7670135498047,215.71229553222656,836.3255615234375,17.35263442993164,1017.5136108398438,2650.3388671875
2015-10-09,778.3206176757812,293.0491943359375,245.63397216796875,78.3666763305664,683.1371459960938,240.85008239746094,432.14532470703125,149.8695831298828,130.8209228515625,873.2687377929688,575.22705078125,3865.600830078125,71.11812591552734,46.86430358886719,191.38955688476562,215.84527587890625,827.6942138671875,18.09487533569336,1015.9100341796875,2651.37353515625
2015-10-12,783.2886962890625,294.6510314941406,244.3675079345703,82.75408935546875,680.50634765625,242.11285400390625,415.6724548339844,148.69140625,131.3267822265625,877.5604248046875,575.9273071289062,3825.375244140625,71.82366943359375,47.12945556640625,192.33860778808594,216.82057189941406,814.724365234375,18.076860427856445,1001.5971069335938,2675.829345703125
2015-10-13,788.8494262695312,291.2366027832031,243.4176788330078,80.42036437988281,678.8780517578125,241.986572265625,406.9733581542969,150.13145446777344,130.1365966796875,872.9297485351562,579.5636596679688,3863.34130859375,71.9365463256836,47.04107666015625,192.73760986328125,216.1555938720703,805.2252807617188,17.655296325683594,1003.8952026367188,2734.383056640625
2015-10-14,786.0234985351562,291.9532470703125,245.31732177734375,82.7074203491211,665.7664794921875,238.15621948242188,406.3069763183594,150.1532440185547,129.50181579589844,869.85205078125,581.89013671875,3841.555419921875,71.03347778320312,47.02340316772461,194.75428771972656,216.55458068847656,807.1434326171875,17.896705627441406,959.5257568359375,2734.007080078125
2015-10-15,793.1337890625,296.12640380859375,245.1815948486328,81.96063232421875,661.0478515625,241.06051635742188,406.2144470214844,152.46597290039062,129.62083435058594,881.2310180664062,575.9046630859375,3956.944580078125,70.55370330810547,47.74820327758789,194.91603088378906,220.7216339111328,811.0709228515625,18.393932342529297,953.363525390625,2771.72607421875
2015-10-16,804.4832153320312,294.77752685546875,248.77745056152344,81.9139633178711,655.5778198242188,243.67025756835938,409.03497314453125,152.22598266601562,130.78126525878906,906.332275390625,582.2289428710938,4019.859619140625,71.56967163085938,47.730525970458984,197.3101806640625,227.6815185546875,813.354248046875,18.231796264648438,955.0051879882812,2779.203857421875
2015-10-19,801.5205078125,306.62255859375,248.26861572265625,80.98046875,668.5464477539062,241.77609252929688,415.404541015625,153.1641845703125,130.59280395507812,892.694580078125,578.7957763671875,4030.66162109375,71.85188293457031,47.30624771118164,207.81411743164062,225.64231872558594,827.4658813476562,17.900306701660156,961.476318359375,2726.764404296875
2015-10-20,798.056640625,305.06292724609375,247.61277770996094,78.83343505859375,662.8199462890625,240.93429565429688,420.6346435546875,152.13873291015625,129.7398681640625,888.600341796875,564.9724731445312,4075.677734375,72.2187728881836,48.04872512817383,206.3474578857422,225.95265197753906,824.3604125976562,17.35263442993164,976.1570434570312,2745.764892578125
2015-10-21,780.5538940429688,313.1984558105469,247.63536071777344,79.86026763916016,665.556884765625,237.98782348632812,425.2857971191406,152.0950927734375,130.24571228027344,875.5555419921875,567.6829223632812,4044.899169921875,73.34764099121094,48.04872512817383,205.9807891845703,221.4752655029297,814.6923828125,17.612060546875,977.4129028320312,2724.742431640625
2015-10-23,782.6961669921875,302.7444152832031,250.6884307861328,79.44020080566406,673.8515625,240.9763641357422,429.5819396972656,156.37144470214844,131.95159912109375,852.8826293945312,563.1654663085938,3960.1083984375,74.87159729003906,48.207828521728516,206.1209716796875,224.66705322265625,810.6600341796875,17.727359771728516,982.3102416992188,2728.73974609375
2015-10-26,745.4118041992188,296.9273681640625,249.10540771484375,79.7202377319336,680.9252319335938,240.2187042236328,430.4225769042969,155.564208984375,131.2969970703125,851.8378295898438,562.5557250976562,3963.95068359375,74.98448944091797,47.99569320678711,203.36019897460938,222.7608642578125,814.5089721679688,17.990386962890625,982.0779418945312,2676.158935546875
2015-10-27,753.98095703125,297.30670166015625,251.23118591308594,78.7867660522461,683.91455078125,238.82968139648438,429.39520263671875,155.34596252441406,131.00938415527344,844.101318359375,564.701416015625,4065.056884765625,74.87159729003906,47.34160614013672,202.64842224121094,220.58865356445312,832.69970703125,17.723752975463867,979.9682006835938,2736.8759765625
2015-10-28,757.1343383789062,302.070068359375,251.3668670654297,78.8801040649414,689.261962890625,228.30670166015625,430.81475830078125,154.99688720703125,133.19139099121094,842.9717407226562,554.2435302734375,4063.43017578125,73.0654296875,46.3339729309082,202.08761596679688,214.60403442382812,826.1932373046875,17.810232162475586,979.1939086914062,2720.13330078125
2015-10-29,758.0482788085938,299.6250915527344,249.56898498535156,77.71324920654297,674.9041748046875,228.51715087890625,427.77008056640625,152.72781372070312,131.7135772705078,830.5481567382812,554.6502075195312,4013.125,72.2187728881836,45.30864715576172,202.96115112304688,210.08230590820312,805.4365234375,17.8426570892334,966.1265258789062,2741.72021484375
2015-10-30,759.2366333007812,294.2716369628906,248.67564392089844,78.46002197265625,674.2305908203125,233.18936157226562,424.1837158203125,146.02960205078125,136.40487670898438,796.6654663085938,534.6830444335938,4021.6669921875,74.95624542236328,45.52077865600586,204.40625,210.17098999023438,815.1962890625,17.77059555053711,966.0684204101562,2714.72412109375
2015-11-02,758.73388671875,295.1990661621094,244.94418334960938,75.56620025634766,675.9989013671875,235.33607482910156,422.595947265625,147.14231872558594,136.17677307128906,784.1853637695312,546.089599609375,4063.9267578125,74.89981842041016,45.59149169921875,207.0160675048828,210.03799438476562,793.0189819335938,17.215715408325195,974.64453125,2753.85400390625
2015-11-03,744.2008666992188,293.0914001464844,245.35122680664062,76.87310028076172,677.430419921875,235.25184631347656,427.93817138671875,146.1168670654297,135.5023193359375,775.5171508789062,556.9765625,4051.9951171875,76.59310913085938,46.54610061645508,208.61216735839844,209.1957244873047,795.9515991210938,16.98511505126953,984.7494506835938,2751.784423828125
2015-11-04,733.2325439453125,292.0375671386719,244.6276092529297,76.40633392333984,674.525146484375,230.11666870117188,424.68804931640625,146.4877471923828,133.46913146972656,772.5806884765625,566.6212768554688,4086.344970703125,76.2262191772461,46.386993408203125,205.18272399902344,211.8998565673828,781.2431030273438,16.963497161865234,981.0133666992188,2720.0859375
2015-11-05,736.5687866210938,283.73333740234375,244.2091522216797,75.65955352783203,675.91455078125,227.33859252929688,419.4952392578125,147.12049865722656,129.0554962158203,773.060546875,569.083251953125,4091.814208984375,76.76243591308594,46.298606872558594,202.0121612548828,207.37815856933594,747.7482299804688,16.242874145507812,961.2092895507812,2666.56494140625
2015-11-06,732.3184204101562,285.96746826171875,244.4466552734375,75.51953887939453,672.8829956054688,224.85516357421875,425.2484130859375,147.36050415039062,130.225830078125,777.7477416992188,564.4754638671875,4088.37841796875,76.50843048095703,46.42235565185547,205.4199981689453,215.44631958007812,736.2472534179688,15.871750831604004,970.1529541015625,2627.481689453125
2015-11-09,746.2118530273438,282.6373596191406,240.80564880371094,74.6327133178711,675.87255859375,221.52989196777344,423.8661804199219,149.69505310058594,130.93997192382812,767.4700317382812,564.2720947265625,4183.65478515625,75.37959289550781,45.98040771484375,207.3288116455078,218.19482421875,693.6796875,16.0158748626709,956.8345336914062,2591.78564453125
2015-11-10,729.2108764648438,279.6023254394531,238.49887084960938,73.97927856445312,676.672607421875,221.2352752685547,412.37847900390625,146.94595336914062,128.31161499023438,761.4559326171875,569.7156982421875,4260.0390625,74.13784790039062,45.36166000366211,199.02488708496094,213.8504180908203,670.7694091796875,15.713215827941895,951.7235717773438,2542.308349609375
2015-11-13,731.5873413085938,281.4992370605469,237.92222595214844,72.25231170654297,670.9041137695312,220.35130310058594,411.2391052246094,143.91323852539062,132.8244171142578,751.7426147460938,565.3112182617188,4176.0615234375,73.82740020751953,46.0334358215332,201.24644470214844,213.00814819335938,678.6963500976562,16.044700622558594,928.2028198242188,2521.521240234375
2015-11-16,732.0900268554688,283.05889892578125,239.93495178222656,73.79257202148438,660.2935791015625,224.98141479492188,403.54327392578125,147.622314453125,134.7088623046875,766.3970336914062,577.2824096679688,4200.55859375,74.05317687988281,45.60915756225586,201.5160675048828,220.14535522460938,676.9093627929688,16.617595672607422,919.3760375976562,2573.02001953125
2015-11-17,738.2139892578125,282.0050354003906,239.90101623535156,75.47285461425781,672.25146484375,225.48655700683594,396.557373046875,152.33506774902344,134.32205200195312,763.3475952148438,582.2064208984375,4187.3154296875,74.5611572265625,46.22788619995117,200.1033172607422,219.74636840820312,690.380615234375,16.90224266052246,925.5511474609375,2576.64111328125
2015-11-18,751.1018676757812,281.5413513183594,237.14199829101562,71.4588394165039,668.2094116210938,219.25694274902344,381.0537109375,151.7896270751953,133.45916748046875,759.2251586914062,577.463134765625,4097.82568359375,75.01270294189453,46.28093719482422,196.70626831054688,213.67308044433594,690.7473754882812,16.27530288696289,910.4127807617188,2572.549560546875
2015-11-19,752.8841552734375,286.26263427734375,241.73281860351562,73.18579864501953,669.1356811523438,224.26588439941406,391.4392395019531,153.62234497070312,135.303955078125,767.41357421875,583.6971435546875,4203.67822265625,75.60536193847656,46.616798400878906,201.61314392089844,216.24424743652344,680.4375,16.484281539916992,914.7102661132812,2590.656494140625
2015-11-20,757.9112548828125,287.780029296875,242.17384338378906,72.06560516357422,672.1253051757812,223.0452117919922,393.15777587890625,150.30596923828125,135.34364318847656,771.8746948242188,594.155029296875,4282.81787109375,75.7182388305664,46.28093719482422,204.22293090820312,215.40199279785156,665.1793212890625,16.574359893798828,928.5714721679688,2611.585205078125
2015-11-23,777.1973266601562,285.79888916015625,241.0883026123047,69.31179809570312,666.2724609375,223.88705444335938,393.6433410644531,147.1641387939453,135.70069885253906,773.0324096679688,597.8820190429688,4281.32763671875,75.12557983398438,46.45771789550781,205.71115112304688,215.18032836914062,657.1605834960938,16.17441177368164,925.744873046875,2633.8310546875
2015-11-24,782.9555053710938,287.9486999511719,240.70384216308594,68.70504760742188,683.7462768554688,221.69825744628906,388.9549560546875,146.57504272460938,134.41134643554688,757.5875854492188,596.0975341796875,4194.23095703125,74.02495574951172,46.616798400878906,208.72000122070312,214.02772521972656,647.1717529296875,16.167203903198242,916.8012084960938,2613.466796875
2015-11-26,787.7542114257812,288.45452880859375,240.61338806152344,70.10527038574219,684.1672973632812,222.2454376220703,393.15777587890625,149.58595275878906,135.91888427734375,752.5617065429688,608.1590576171875,4164.0849609375,75.01270294189453,47.30624771118164,213.23863220214844,215.00302124023438,674.389404296875,16.423030853271484,908.12841796875,2636.55859375
2015-11-27,785.24072265625,288.4967041015625,244.1074676513672,72.4856948852539,687.3252563476562,227.33859252929688,398.3691711425781,150.26231384277344,138.60671997070312,770.8300170898438,610.3951416015625,4140.13037109375,74.89981842041016,47.2001953125,211.1680450439453,221.38661193847656,678.009033203125,16.66443634033203,911.1484985351562,2662.849609375
2015-11-30,766.4116821289062,281.87860107421875,243.73423767089844,71.92559814453125,683.7883911132812,230.2850341796875,406.41986083984375,151.04776000976562,137.33718872070312,776.2512817382812,616.855224609375,4117.486328125,73.88384246826172,48.15480422973633,208.59059143066406,220.45567321777344,668.5242309570312,16.502294540405273,918.96923828125,2634.724853515625
2015-12-01,771.9871826171875,272.0990905761719,244.9215545654297,74.25933074951172,701.809326171875,230.5796661376953,403.0950927734375,151.0914306640625,136.5933380126953,770.745361328125,618.3910522460938,4118.57080078125,74.87159729003906,48.084083557128906,208.33175659179688,221.8299102783203,668.2949829101562,17.11842918395996,914.4584350585938,2694.077880859375
2015-12-02,775.5975952148438,272.2254943847656,243.74560546875,75.09945678710938,698.8619384765625,227.63320922851562,396.25848388671875,152.46597290039062,134.97666931152344,764.6182861328125,619.0911254882812,4175.158203125,75.12557983398438,47.871952056884766,210.93080139160156,216.86488342285156,670.6318969726562,17.57242774963379,915.7361450195312,2679.450927734375
2015-12-03,769.9764404296875,269.4012756347656,243.50814819335938,73.93258666992188,687.661865234375,223.76075744628906,395.1563720703125,149.82595825195312,133.85594177246094,761.1453247070312,607.9105224609375,4182.61572265625,75.35135650634766,47.30624771118164,210.7689971923828,213.76177978515625,666.1414184570312,17.30579376220703,910.1420288085938,2689.56298828125
2015-12-04,762.9385375976562,270.8766174316406,239.47134399414062,73.79257202148438,686.2725830078125,220.0987548828125,391.90631103515625,146.59686279296875,131.842529296875,756.6275024414062,594.1776123046875,4158.47998046875,73.60163879394531,46.22788619995117,208.2346954345703,213.76177978515625,692.2593383789062,17.312999725341797,901.4884643554688,2696.8525390625
2015-12-07,796.5288696289062,269.8649597167969,240.1610565185547,73.97927856445312,701.8935546875,221.44570922851562,390.8601989746094,136.82229614257812,133.22116088867188,757.3616333007812,597.9722290039062,4125.802734375,73.4887466430664,46.369327545166016,205.344482421875,211.58953857421875,712.3746337890625,17.55080223083496,898.1588745117188,2694.548095703125
2015-12-08,786.7487182617188,267.96807861328125,237.28900146484375,70.94542694091797,695.3671875,220.0987548828125,390.16900634765625,137.345947265625,133.69720458984375,746.6039428710938,593.7032470703125,4106.2314453125,73.40408325195312,46.0334358215332,202.93959045410156,209.1957244873047,706.4637451171875,16.916656494140625,901.720703125,2691.208740234375
2015-12-09,767.78271484375,262.0666198730469,236.88189697265625,68.84505462646484,690.6513671875,218.4150848388672,384.1169738769531,138.50228881835938,132.62603759765625,734.5191650390625,592.7321166992188,4048.8759765625,73.46050262451172,46.01576614379883,197.54742431640625,207.82147216796875,695.6958618164062,16.347362518310547,916.684814453125,2618.5927734375
2015-12-10,785.3320922851562,263.5841064453125,239.8557891845703,70.66535949707031,687.0726318359375,217.99417114257812,391.27117919921875,140.18228149414062,134.47080993652344,740.3074340820312,583.0647583007812,4066.0517578125,75.18201446533203,46.22788619995117,204.9778289794922,205.64926147460938,693.542236328125,16.790544509887695,923.2280883789062,2646.10595703125
2015-12-11,784.6010131835938,260.9705810546875,236.63314819335938,71.17878723144531,692.2935791015625,209.8704071044922,393.3071594238281,140.0731964111328,132.447509765625,726.0767822265625,570.054443359375,4050.367431640625,74.92802429199219,45.255611419677734,205.53863525390625,201.52655029296875,694.458740234375,17.359838485717773,923.7897338867188,2618.123046875
2015-12-14,800.1849975585938,258.1042175292969,238.6006622314453,73.55921173095703,706.5250854492188,209.6178741455078,399.54595947265625,139.6804656982422,133.7170867919922,719.667236328125,580.3994750976562,4137.19189453125,74.98448944091797,45.30864715576172,206.00233459472656,200.32960510253906,704.3558349609375,17.655296325683594,920.8663330078125,2662.52001953125
2015-12-15,803.0184326171875,260.675537109375,239.595703125,73.74590301513672,723.0304565429688,207.42909240722656,402.5533142089844,140.92410278320312,136.1966094970703,724.6365966796875,582.3193969726562,4176.2431640625,74.39183807373047,45.78593826293945,210.4886016845703,200.7285919189453,709.0753784179688,17.60845184326172,919.8599853515625,2693.27880859375
2015-12-16,792.0044555664062,270.07574462890625,241.37103271484375,73.32583618164062,720.3356323242188,212.1855010986328,409.3898010253906,139.3095703125,137.763671875,723.3377685546875,550.2457275390625,4175.70068359375,75.37959289550781,47.14714431762695,211.0817413330078,201.52655029296875,718.5604858398438,17.633678436279297,932.4619140625,2678.69873046875
2015-12-17,800.7792358398438,271.8039855957031,244.2996368408203,75.89293670654297,727.7880859375,213.1114959716797,413.59271240234375,139.8550262451172,139.48941040039062,731.9779052734375,563.5720825195312,4218.50244140625,76.50843048095703,47.57143020629883,217.77882385253906,204.71832275390625,735.193359375,18.527252197265625,944.5999145507812,2725.776611328125
2015-12-18,803.8411254882812,268.97979736328125,242.6600799560547,74.58602905273438,721.7252807617188,210.54388427734375,404.6454162597656,138.3713836669922,139.34066772460938,727.008544921875,561.6521606445312,4176.65087890625,76.67777252197266,47.871952056884766,213.9396209716797,200.81724548339844,724.1047973632812,18.422760009765625,935.7141723632812,2647.94091796875
2015-12-21,798.4026489257812,270.5394287109375,243.2028350830078,75.89293670654297,717.1356201171875,217.36276245117188,412.2290344238281,142.4950408935547,140.02499389648438,728.6461791992188,577.7115478515625,4193.50830078125,76.98820495605469,49.303855895996094,213.9827423095703,204.3193817138672,691.1596069335938,18.624536514282227,947.1744995117188,2638.580810546875
2015-12-22,805.2122802734375,272.4784240722656,241.17874145507812,74.30597686767578,717.0093383789062,218.499267578125,404.86956787109375,139.74591064453125,138.49761962890625,722.9425659179688,567.6376953125,4173.7119140625,77.32686614990234,48.967987060546875,212.94744873046875,202.45748901367188,699.8654174804688,18.548871994018555,931.1651000976562,2632.60791015625
2015-12-23,803.3842163085938,280.1925048828125,242.90882873535156,78.32000732421875,726.9461059570312,220.43553161621094,411.2577209472656,140.2913818359375,139.36050415039062,729.0415649414062,565.5145263671875,4189.7568359375,78.4556884765625,49.5160026550293,216.5062713623047,203.61004638671875,724.333740234375,19.05691146850586,939.1987915039062,2651.467529296875
2015-12-24,805.9891357421875,285.335205078125,242.88621520996094,79.58021545410156,727.7880859375,217.15232849121094,409.5765686035156,141.25140380859375,139.12246704101562,731.0180053710938,568.1798095703125,4156.71826171875,78.62505340576172,49.53367614746094,215.80531311035156,202.4131622314453,724.7461547851562,18.977643966674805,942.470458984375,2646.200439453125
2015-12-28,805.3035888671875,279.6866149902344,243.62120056152344,79.30016326904297,729.1355590820312,222.28756713867188,412.7147521972656,142.34231567382812,140.44158935546875,731.3849487304688,564.4077758789062,4194.3212890625,81.2496566772461,50.25847625732422,217.92982482910156,202.9451141357422,743.7618408203125,18.311065673828125,953.4857788085938,2644.7421875
2015-12-29,804.4352416992188,282.6373596191406,243.77951049804688,78.7867660522461,722.4407348632812,222.87681579589844,412.6960144042969,141.7532196044922,140.08453369140625,728.2225952148438,571.2743530273438,4191.51904296875,81.7293930053711,49.83419418334961,219.00823974609375,202.32449340820312,743.5326538085938,18.397539138793945,950.8140869140625,2651.04443359375
2015-12-30,802.6529541015625,280.8248596191406,242.95408630371094,79.06681823730469,722.0619506835938,220.85641479492188,405.82220458984375,142.4950408935547,140.66970825195312,724.80615234375,570.5514526367188,4146.59423828125,81.87052917480469,49.851890563964844,216.65724182128906,200.19664001464844,742.4330444335938,18.642549514770508,936.2950439453125,2619.1572265625
2015-12-31,807.588623046875,286.9791259765625,244.7293701171875,79.11347961425781,726.5250244140625,220.01458740234375,412.95758056640625,143.04051208496094,142.8318634033203,720.2601928710938,574.7752075195312,4178.005859375,82.5478515625,49.90492248535156,218.835693359375,198.99969482421875,751.5972900390625,18.721820831298828,943.4772338867188,2615.44189453125
2016-01-01,803.2012329101562,287.0634765625,246.22195434570312,79.25350952148438,721.3040161132812,221.4036102294922,412.9014892578125,142.9095916748047,144.26010131835938,728.0250244140625,571.613037109375,4192.9658203125,81.56008911132812,49.851890563964844,218.99745178222656,201.9698486328125,747.381591796875,18.548871994018555,935.5595092773438,2656.3115234375
2016-01-04,805.074951171875,275.5135192871094,242.0946807861328,75.37950897216797,723.3670654296875,215.13189697265625,403.0576477050781,141.86228942871094,139.906005859375,709.2483520507812,561.290771484375,4140.67236328125,80.88276672363281,49.83419418334961,214.6729278564453,195.6748809814453,732.3065795898438,18.51283836364746,917.4400634765625,2585.906494140625
2016-01-05,823.218505859375,272.6892395019531,240.26287841796875,77.10645294189453,714.0619506835938,216.10003662109375,401.2457580566406,141.7532196044922,140.39199829101562,709.7848510742188,564.3173217773438,4128.28857421875,80.29011535644531,49.19779968261719,216.79745483398438,193.05941772460938,733.5895385742188,19.7667236328125,909.4448852539062,2570.7626953125
2016-01-06,810.1936645507812,271.6353759765625,241.32574462890625,75.19281768798828,709.9354858398438,210.54388427734375,399.4898986816406,137.49864196777344,139.5687713623047,698.46240234375,553.90478515625,4050.412841796875,79.83856201171875,49.32154083251953,222.63182067871094,192.26145935058594,725.7542724609375,19.36678123474121,922.0858154296875,2572.879150390625
2016-01-07,797.3514404296875,271.7618713378906,238.86070251464844,71.55219268798828,690.7356567382812,207.7237091064453,392.5600891113281,135.09864807128906,137.1983184814453,681.2669677734375,540.939697265625,3857.962158203125,77.8066177368164,48.82656478881836,218.5445098876953,185.78919982910156,718.2855834960938,18.00840187072754,918.0787353515625,2509.292724609375
2016-01-08,799.4081420898438,273.0264587402344,240.25155639648438,71.78556060791016,681.9778442382812,206.2926025390625,397.22979736328125,136.86593627929688,137.88270568847656,665.8502807617188,541.1881713867188,3809.91748046875,78.76617431640625,50.08169937133789,221.2406005859375,185.25723266601562,727.7703857421875,18.27503204345703,928.2806396484375,2544.566162109375
2016-01-11,798.7225341796875,270.7502136230469,239.40347290039062,72.71906280517578,683.577880859375,201.5783233642578,394.3905334472656,137.91317749023438,139.02328491210938,662.6032104492188,525.196533203125,3862.0302734375,79.92324829101562,50.64738082885742,226.8161163330078,181.13449096679688,716.8650512695312,18.134511947631836,914.6327514648438,2564.8837890625
2016-01-12,797.8543090820312,265.90252685546875,236.7688446044922,70.57202911376953,690.2726440429688,199.30532836914062,392.24237060546875,137.5204620361328,137.26776123046875,665.8784790039062,533.915283203125,3858.957275390625,81.95518493652344,50.470619201660156,225.4896240234375,176.79010009765625,722.2719116210938,17.709341049194336,900.9655151367188,2511.503662109375
2016-01-13,793.8782958984375,260.169677734375,239.7540283203125,71.59886169433594,701.2620239257812,201.6204071044922,404.7387390136719,137.78228759765625,136.70242309570312,653.2290649414062,544.3729248046875,3879.069580078125,81.41898345947266,50.523651123046875,232.26222229003906,178.12001037597656,730.0155639648438,17.77059555053711,882.439697265625,2524.9541015625
2016-01-14,812.935791015625,260.2961730957031,237.40203857421875,69.73188018798828,696.63037109375,198.46351623535156,423.2684631347656,138.4368133544922,135.70069885253906,640.7490234375,536.9191284179688,3840.19970703125,80.82632446289062,50.50596618652344,228.98377990722656,173.81996154785156,725.6626586914062,17.204904556274414,882.284912109375,2470.82177734375
2016-01-15,803.6583251953125,258.06207275390625,235.68328857421875,67.02476501464844,677.2619018554688,188.9507293701172,425.8460693359375,136.97500610351562,134.0146026611328,625.642822265625,531.7918701171875,3862.88916015625,77.01641845703125,49.180118560791016,231.49649047851562,163.40228271484375,721.3096313476562,16.552736282348633,875.4320068359375,2462.73193359375
2016-01-18,777.1973266601562,253.1301727294922,231.99705505371094,66.46466064453125,682.0618896484375,187.8142852783203,422.8575134277344,137.6295623779297,132.3879852294922,611.8922729492188,526.5742797851562,3829.30712890625,75.97223663330078,48.84424591064453,219.32098388671875,160.4764862060547,719.3394775390625,16.999528884887695,881.839599609375,2484.2724609375
2016-01-19,772.8556518554688,261.6029357910156,234.2472381591797,67.07141876220703,682.4830322265625,192.57061767578125,425.7527770996094,137.04046630859375,132.64588928222656,634.1419067382812,520.6337890625,3794.912353515625,76.28267669677734,48.06640625,225.09059143066406,162.2053680419922,727.541259765625,17.150859832763672,882.4783325195312,2482.014892578125
2016-01-20,768.1026611328125,261.01275634765625,230.28956604003906,63.10408401489258,669.5144653320312,188.90863037109375,418.87884521484375,134.8150177001953,131.44577026367188,630.2734985351562,519.8433227539062,3669.08203125,74.61759948730469,47.606788635253906,216.66806030273438,153.95986938476562,726.3499755859375,16.718482971191406,882.788330078125,2462.21484375
2016-01-21,771.85009765625,260.7598571777344,231.35252380371094,63.75751876831055,653.1357421875,190.50811767578125,424.781494140625,133.7022705078125,131.08872985839844,622.7064208984375,514.3998413085938,3517.897705078125,75.06916809082031,46.74055099487305,212.27880859375,155.68881225585938,708.5257568359375,16.977907180786133,874.987060546875,2535.019287109375
2016-01-22,795.1578369140625,251.82334899902344,233.00343322753906,67.53817749023438,649.6831665039062,195.93798828125,424.48248291015625,134.7277069091797,135.49241638183594,645.012451171875,541.5947265625,3710.664306640625,77.9759521484375,47.05876159667969,216.58177185058594,163.6682891845703,723.2340698242188,17.85706901550293,890.9966430664062,2552.279052734375
2016-01-25,803.064208984375,250.81163024902344,235.45716857910156,67.21145629882812,659.619873046875,198.71607971191406,425.0055847167969,135.0113525390625,135.0857696533203,629.1724243164062,532.288818359375,3689.330810546875,77.86307525634766,47.02340316772461,216.53863525390625,162.2053680419922,739.7753295898438,18.36871337890625,894.450439453125,2587.129150390625
2016-01-27,784.738037109375,251.06460571289062,234.21331787109375,66.32462310791016,646.6514892578125,199.76834106445312,425.3231201171875,136.5604705810547,133.81622314453125,625.58642578125,531.5660400390625,3716.9921875,81.13675689697266,48.879581451416016,215.54647827148438,163.49095153808594,752.5134887695312,18.563283920288086,900.31103515625,2588.1640625
2016-01-28,785.1034545898438,245.6689910888672,233.32000732421875,65.0644302368164,666.7356567382812,196.3168182373047,421.9983215332031,139.0041046142578,131.56478881835938,606.7816162109375,543.9663696289062,3709.17236328125,81.41898345947266,50.80650329589844,219.33177185058594,164.24456787109375,764.4268798828125,18.318269729614258,904.755126953125,2581.720703125
2016-01-29,795.1121826171875,244.40440368652344,237.4246826171875,65.81121826171875,687.9146728515625,193.7491912841797,435.1856689453125,139.72409057617188,135.60150146484375,622.1135864257812,557.112060546875,3702.43798828125,80.40301513671875,52.27375793457031,223.32196044921875,159.50120544433594,799.98388671875,17.993989944458008,928.080078125,2671.4560546875
2016-02-01,811.1076049804688,250.0529022216797,239.66355895996094,66.37129974365234,674.4830932617188,182.84738159179688,438.3424072265625,141.70957946777344,136.414794921875,633.6336059570312,553.9949951171875,3569.01513671875,79.16126251220703,51.88485336303711,222.22198486328125,153.16192626953125,799.3881225585938,17.965166091918945,932.5045166015625,2651.890869140625
2016-02-02,806.6290283203125,254.7741241455078,238.3179931640625,63.99091339111328,673.7672119140625,177.1228790283203,439.1644287109375,141.49139404296875,134.32205200195312,633.5490112304688,545.095703125,3502.755615234375,75.66181182861328,51.70808029174805,215.9347381591797,150.19180297851562,765.3433227539062,16.67884635925293,930.71923828125,2636.27685546875
2016-02-03,789.4452514648438,252.75074768066406,236.0677490234375,62.21726608276367,691.87255859375,171.7772216796875,432.495849609375,140.48776245117188,132.02105712890625,626.1511840820312,543.4468383789062,3460.632080078125,72.61386108398438,50.92595672607422,211.6749267578125,147.22166442871094,765.1143188476562,16.141984939575195,937.7827758789062,2604.625244140625
2016-02-04,812.8900756835938,256.50238037109375,237.2776641845703,64.13092041015625,702.98828125,171.6930389404297,440.73345947265625,140.4223175048828,134.14352416992188,641.3419189453125,544.1243896484375,3430.168701171875,71.06167602539062,52.187992095947266,209.87391662597656,144.38450622558594,765.7556762695312,16.28251075744629,939.2385864257812,2605.09521484375
2016-02-05,821.938720703125,258.9894714355469,238.6458740234375,66.5113296508789,711.53564453125,176.28106689453125,438.84674072265625,141.3605194091797,137.26776123046875,643.7136840820312,550.900634765625,3365.762451171875,71.34752655029297,51.636966705322266,209.4102020263672,149.1278533935547,785.8710327148438,16.85179901123047,939.9754638671875,2673.948486328125
2016-02-08,812.2044677734375,262.1930236816406,234.258544921875,65.15777587890625,698.0199584960938,175.56549072265625,429.9181823730469,137.56410217285156,133.5186767578125,638.2924194335938,542.8822021484375,3374.033203125,70.46141052246094,50.64155197143555,207.28567504882812,152.62997436523438,765.8015747070312,16.869815826416016,917.0775146484375,2654.007568359375
2016-02-09,808.1826782226562,263.24688720703125,232.0422821044922,65.34446716308594,695.8724365234375,176.28106689453125,413.7980651855469,136.3204803466797,134.30221557617188,629.2005615234375,534.5023193359375,3305.830810546875,71.94781494140625,50.46380615234375,206.5199737548828,148.10826110839844,782.6635131835938,16.970701217651367,885.4275512695312,2601.990966796875
2016-02-10,801.1903076171875,262.44598388671875,229.0797119140625,62.45064926147461,694.3567504882812,174.47113037109375,414.1343078613281,134.8368377685547,132.3780975341797,632.8147583007812,534.0957641601562,3325.220703125,71.31896209716797,50.96149826049805,207.6307830810547,140.97105407714844,784.2213745117188,16.98511505126953,880.5371704101562,2631.761474609375
2016-02-11,782.1329956054688,260.2540283203125,220.56509399414062,59.46345901489258,675.87255859375,167.7364044189453,402.9642028808594,130.27679443359375,124.76092529296875,616.8898315429688,508.9336242675781,3201.288818359375,69.14651489257812,48.597415924072266,199.4131317138672,136.75965881347656,760.9903564453125,16.178016662597656,853.0396728515625,2556.51171875
2016-02-12,781.40185546875,273.6165771484375,219.68313598632812,56.84968948364258,684.2935791015625,162.93788146972656,405.20574951171875,130.9531707763672,123.3823013305664,595.0074462890625,526.3935546875,3208.701171875,70.8615951538086,49.183990478515625,195.53074645996094,137.24729919433594,776.5234985351562,15.673578262329102,864.1591186523438,2603.40185546875
2016-02-15,784.8751220703125,268.8533020019531,220.18063354492188,62.54399108886719,677.6409912109375,171.314208984375,407.8581237792969,132.52410888671875,124.0269775390625,649.078369140625,554.1984252929688,3354.779541015625,71.34752655029297,49.308414459228516,204.2013397216797,148.8175506591797,779.1353149414062,17.777803421020508,880.673095703125,2635.947509765625
2016-02-16,768.0570068359375,265.8182678222656,220.146728515625,60.536983489990234,676.3777465820312,165.50550842285156,403.1509704589844,128.94589233398438,123.03515625,623.4405517578125,544.82470703125,3349.31005859375,73.0340347290039,49.52172088623047,200.70726013183594,138.66586303710938,758.6077270507812,17.644489288330078,879.2760620117188,2622.073486328125
2016-02-17,782.4072875976562,269.4012756347656,220.4746551513672,61.423797607421875,684.25146484375,160.5807647705078,410.1370849609375,130.8440704345703,124.03691101074219,633.8594360351562,542.2723388671875,3389.0390625,73.17695617675781,49.62837600708008,205.46311950683594,140.9267120361328,784.2672729492188,18.10568618774414,883.1568603515625,2611.6796875
2016-02-18,763.4411010742188,270.79229736328125,223.7651824951172,64.31761169433594,696.7567749023438,165.1266632080078,419.6820983886719,133.2877197265625,126.07012176513672,649.2196044921875,548.2353515625,3302.3505859375,72.89111328125,49.71724319458008,202.7670440673828,141.6803436279297,797.6926879882812,18.076860427856445,898.7978515625,2629.1279296875
2016-02-19,781.2190551757812,274.88116455078125,223.73123168945312,64.45765686035156,696.9251098632812,167.35755920410156,421.1204528808594,132.89500427246094,125.20723724365234,649.6996459960938,555.7568359375,3235.367919921875,74.20600891113281,50.12608337402344,203.6837158203125,146.02471923828125,791.9652099609375,18.24980926513672,900.2720336914062,2675.78271484375
2016-02-22,795.9804077148438,277.4525451660156,223.6068572998047,64.87772369384766,725.5988159179688,167.06292724609375,420.8960876464844,130.8440704345703,126.99251556396484,649.2760620117188,558.8287353515625,3182.62255859375,72.60527038574219,49.64616012573242,207.55528259277344,146.24639892578125,808.6897583007812,18.393932342529297,898.81689453125,2749.527099609375
2016-02-23,801.693115234375,270.8766174316406,219.37782287597656,63.944236755371094,704.7144775390625,161.633056640625,419.8688659667969,128.2040557861328,123.58065032958984,638.207763671875,546.0218505859375,3152.430419921875,70.77583312988281,48.73960494995117,204.82687377929688,140.5277557373047,798.2884521484375,18.27142906188965,878.6741333007812,2649.11669921875
2016-02-24,805.9891357421875,273.1107177734375,214.75303649902344,61.98389434814453,704.6304321289062,157.42385864257812,420.4104919433594,125.49861907958984,122.73760986328125,628.4664306640625,550.4940795898438,3154.510009765625,67.83162689208984,49.6639289855957,205.47390747070312,138.57720947265625,783.1217651367188,17.86427879333496,858.0853271484375,2631.24462890625
2016-02-25,787.6170654296875,271.93048095703125,213.1813201904297,62.684017181396484,709.72509765625,154.05653381347656,414.78814697265625,124.88766479492188,120.37709045410156,613.5299682617188,555.21484375,3086.216064453125,67.74586486816406,46.83766174316406,203.62982177734375,134.58746337890625,802.1831665039062,17.88228988647461,858.822509765625,2614.077880859375
2016-02-26,788.3939208984375,268.0523376464844,217.33114624023438,64.83102416992188,715.7040405273438,155.5718231201172,418.841552734375,126.96044158935547,122.14252471923828,627.1959228515625,555.66650390625,3081.741455078125,69.48953247070312,47.51312255859375,204.9778289794922,138.22254943847656,799.0215454101562,17.903911590576172,857.9104614257812,2606.41162109375
2016-02-29,773.3582153320312,265.9869079589844,219.78488159179688,64.17760467529297,699.2830810546875,159.99147033691406,404.9816589355469,129.0113525390625,125.0485610961914,607.628662109375,554.78564453125,2925.6298828125,68.31755065917969,46.233306884765625,208.4935302734375,140.74940490722656,782.5260620117188,17.95075225830078,844.8313598632812,2604.201416015625
2016-03-01,796.9860229492188,270.37078857421875,222.56654357910156,65.57784271240234,694.0199584960938,172.53488159179688,420.4479064941406,141.97140502929688,126.64537811279297,634.70654296875,572.855224609375,3158.7578125,70.23273468017578,47.54866409301758,211.65335083007812,143.6752166748047,795.8141479492188,18.52364730834961,883.5835571289062,2713.97216796875
2016-03-02,796.89453125,275.1341247558594,227.77932739257812,69.96525573730469,715.15673828125,185.2045440673828,431.8608093261719,139.4404754638672,130.1861572265625,642.5841674804688,541.7077026367188,3265.650146484375,72.49091339111328,48.13525390625,216.01019287109375,160.60946655273438,780.6473388671875,19.28030014038086,899.961669921875,2796.464599609375
2016-03-03,804.5723266601562,281.0777282714844,229.73553466796875,73.97927856445312,714.8619384765625,183.5208740234375,436.82952880859375,138.82957458496094,130.45394897460938,681.6621704101562,549.02587890625,3262.03466796875,72.26226806640625,48.22412109375,218.45826721191406,162.0280303955078,798.1051635742188,20.685523986816406,921.03564453125,2769.42138671875
2016-03-04,791.3646240234375,277.5790100097656,230.79843139648438,74.11930847167969,714.7357177734375,185.62548828125,437.3337707519531,137.54229736328125,132.04086303710938,673.812744140625,549.4777221679688,3213.62841796875,72.06214141845703,49.2906494140625,217.06704711914062,167.03736877441406,785.183837890625,20.793615341186523,914.9816284179688,2734.288818359375
2016-03-08,800.4134521484375,279.4759216308594,229.35108947753906,77.61988830566406,695.788330078125,182.55274963378906,434.6440124511719,139.74591064453125,129.0455780029297,670.5656127929688,550.8554077148438,3130.057861328125,72.919677734375,48.952911376953125,221.51022338867188,162.56002807617188,786.8331909179688,21.027820587158203,913.7205200195312,2774.830078125
2016-03-09,800.8705444335938,282.08935546875,231.7595977783203,75.70622253417969,707.072509765625,182.13182067871094,440.2663879394531,139.5932159423828,130.90029907226562,684.9093017578125,558.1511840820312,3232.8818359375,72.3479995727539,49.68168640136719,224.68081665039062,162.60435485839844,788.94091796875,21.287240982055664,914.865234375,2813.960205078125
2016-03-10,817.8257446289062,283.5226135253906,230.95675659179688,78.22666931152344,705.3040161132812,181.41627502441406,426.81744384765625,137.9350128173828,129.8489532470703,669.83154296875,553.9949951171875,3278.802490234375,72.49091339111328,49.64616012573242,218.22100830078125,160.03317260742188,792.744140625,21.38092613220215,911.391357421875,2819.74462890625
2016-03-11,821.1161499023438,284.3235168457031,232.6415557861328,77.94661712646484,717.1356201171875,180.0272216796875,427.0043029785156,140.20408630371094,127.47850799560547,669.5491943359375,551.352294921875,3291.457763671875,72.26226806640625,49.130680084228516,218.81411743164062,159.6785430908203,795.630859375,21.189958572387695,917.9700927734375,2816.640380859375
2016-03-14,822.0302124023438,287.27423095703125,232.38153076171875,79.25350952148438,721.809326171875,186.5935821533203,426.331787109375,141.84051513671875,126.31807708740234,668.7304077148438,547.5352172851562,3297.739990234375,72.83393859863281,49.272865295410156,219.94650268554688,161.14141845703125,790.13232421875,21.38092613220215,913.9920043945312,2829.66796875
2016-03-15,808.5484008789062,289.0868225097656,232.18927001953125,78.32000732421875,708.040771484375,186.3410186767578,423.7914733886719,138.10955810546875,126.8536605834961,666.7821044921875,544.3729248046875,3303.52587890625,72.77677154541016,49.397281646728516,220.10826110839844,164.28890991210938,772.6746215820312,21.651155471801758,904.250244140625,2812.078369140625
2016-03-16,790.5419921875,285.37738037109375,233.03733825683594,76.07964324951172,710.8619384765625,190.5923309326172,430.53460693359375,140.5313720703125,129.1844482421875,668.165771484375,547.5576171875,3315.09619140625,72.919677734375,49.326171875,220.37786865234375,164.2002410888672,765.8931884765625,21.58269691467285,903.144287109375,2791.99658203125
2016-03-17,797.5343627929688,287.27423095703125,230.312255859375,75.61288452148438,715.4934692382812,191.7288055419922,434.0088806152344,141.22959899902344,129.1844482421875,673.8408813476562,541.3914184570312,3286.26025390625,72.51951599121094,49.05956268310547,221.60496520996094,165.21986389160156,758.1036987304688,21.323274612426758,912.8471069335938,2849.13916015625
2016-03-18,800.093505859375,290.26715087890625,232.57374572753906,79.53356170654297,714.3987426757812,193.79127502441406,445.832763671875,141.70957946777344,130.6820831298828,677.2573852539062,552.278564453125,3273.559326171875,72.8625259399414,48.65073013305664,224.04783630371094,169.56422424316406,747.7939453125,21.777267456054688,941.4898071289062,2925.940673828125
2016-03-21,785.7434692382812,298.1497497558594,236.46356201171875,80.28034210205078,740.756591796875,197.7058563232422,446.3931579589844,144.63320922851562,131.65408325195312,693.5494384765625,554.7179565429688,3317.084716796875,72.69103240966797,49.05956268310547,226.25082397460938,174.48492431640625,766.5348510742188,21.874547958374023,949.40673828125,3037.733642578125
2016-03-22,779.9850463867188,295.8313293457031,238.3292694091797,81.21382141113281,732.7566528320312,196.653564453125,444.54400634765625,141.01138305664062,132.16981506347656,698.7164306640625,566.101806640625,3344.203125,73.31988525390625,49.130680084228516,228.55194091796875,175.1055450439453,774.0034790039062,22.324941635131836,959.8273315429688,3019.767578125
2016-03-23,776.9229125976562,301.9856872558594,237.3115692138672,85.22784423828125,735.6618041992188,197.15866088867188,451.2123718261719,141.49139404296875,130.91018676757812,701.6812133789062,564.3851928710938,3377.152099609375,72.80536651611328,48.864036560058594,224.48406982421875,174.30760192871094,775.4696655273438,22.858205795288086,960.09912109375,3008.52734375
2016-03-28,772.718505859375,294.9039306640625,236.89320373535156,77.71324920654297,727.2830810546875,189.7925567626953,450.1289367675781,140.7059326171875,132.8244171142578,681.2386474609375,561.9005737304688,3289.423583984375,73.83441162109375,49.45061492919922,222.56468200683594,166.94874572753906,741.6080932617188,21.557477951049805,959.9436645507812,2988.303955078125
2016-03-29,782.49853515625,298.8663635253906,238.3179931640625,78.7867660522461,725.1776733398438,188.06678771972656,447.2711181640625,139.63682556152344,133.20130920410156,674.2363891601562,556.6603393554688,3371.683349609375,72.77677154541016,49.11289596557617,226.0218048095703,168.01266479492188,727.9537353515625,21.89617156982422,958.3917236328125,2950.0205078125
2016-03-30,806.0347290039062,298.2762145996094,240.8395538330078,82.14733123779297,725.5988159179688,199.9367218017578,450.5211486816406,142.84413146972656,135.65109252929688,693.492919921875,551.0136108398438,3369.423583984375,74.26318359375,49.68168640136719,228.37742614746094,175.1498565673828,743.853515625,23.36984634399414,966.1924438476562,2995.029052734375
2016-03-31,793.7411499023438,295.7470397949219,242.24168395996094,82.10066223144531,732.2093505859375,199.22116088867188,455.1350402832031,143.23684692382812,135.01634216308594,687.0834350585938,546.9252319335938,3359.344482421875,73.66291046142578,49.45061492919922,227.9739227294922,172.2240753173828,751.4596557617188,23.038360595703125,978.14599609375,3037.028076171875
2016-04-01,795.2034912109375,282.80596923828125,240.7264862060547,80.88711547851562,730.7777709960938,200.61019897460938,450.3344421386719,146.64051818847656,134.8675537109375,699.0552978515625,539.9232788085938,3365.58154296875,74.2917709350586,49.16621780395508,225.62918090820312,173.46533203125,746.9691162109375,22.89784049987793,952.375732421875,3013.46533203125
2016-04-04,809.9649658203125,293.8079833984375,241.76681518554688,83.1741714477539,734.48291015625,200.98902893066406,464.62396240234375,144.30593872070312,136.33544921875,697.8976440429688,562.82666015625,3329.468994140625,74.94921875,49.272865295410156,225.76004028320312,172.62301635742188,746.9234619140625,23.085201263427734,959.1093139648438,2982.56591796875
2016-04-05,795.0664672851562,278.6328430175781,239.14340209960938,79.25350952148438,731.3671264648438,189.9188690185547,455.6953430175781,142.45138549804688,132.6558074951172,674.9140014648438,549.1840209960938,3213.402099609375,72.51951599121094,49.43285369873047,223.99330139160156,163.44664001464844,733.8643188476562,22.505094528198242,955.8106689453125,2916.299560546875
2016-04-06,789.0797119140625,282.0050354003906,240.05929565429688,83.03413391113281,734.0619506835938,187.35122680664062,448.55987548828125,142.21136474609375,132.5070343017578,684.3446655273438,551.2846069335938,3229.85400390625,72.14790344238281,49.6639289855957,225.47650146484375,163.00332641601562,741.8832397460938,23.676115036010742,963.2426147460938,2999.261962890625
2016-04-07,784.4637451171875,279.26513671875,238.70242309570312,81.49388885498047,724.209228515625,185.4571075439453,441.3871765136719,139.39682006835938,131.416015625,667.9962158203125,547.80615234375,3137.606201171875,72.3479995727539,49.8416748046875,226.2399139404297,161.31875610351562,743.853515625,23.326610565185547,958.9347534179688,2951.149169921875
2016-04-08,778.3397216796875,282.08935546875,239.5730743408203,81.8672866821289,716.1251831054688,186.2568817138672,435.5031433105469,140.1604766845703,131.9813690185547,673.2761840820312,556.6603393554688,3101.131591796875,75.20647430419922,50.090518951416016,226.04360961914062,162.33836364746094,743.8992309570312,23.2113094329834,943.8959350585938,2971.278564453125
2016-04-11,786.0634155273438,293.59722900390625,242.19642639160156,86.06800842285156,727.830322265625,189.1611785888672,442.2837829589844,142.80050659179688,133.16162109375,685.1917724609375,558.3543701171875,3144.520751953125,76.95014190673828,50.570457458496094,226.90518188476562,166.9043731689453,748.9853515625,23.863475799560547,972.8484497070312,2965.023681640625
2016-04-12,792.3700561523438,295.1568908691406,240.39852905273438,85.88129425048828,734.735595703125,192.57061767578125,441.6487121582031,140.68411254882812,134.36170959472656,690.3023681640625,560.1387939453125,3230.44140625,77.46467590332031,50.89041519165039,228.4537811279297,166.5054473876953,754.7586669921875,23.384260177612305,977.31103515625,2978.380126953125
2016-04-13,799.1795043945312,296.12640380859375,244.63885498046875,89.89530944824219,755.95654296875,202.58851623535156,438.0995788574219,144.54595947265625,137.33718872070312,697.3612060546875,601.9249267578125,3373.1748046875,78.4079818725586,51.5480842590332,232.52162170410156,170.14051818847656,763.4188842773438,23.98598289489746,980.4356079101562,3079.30859375
2016-04-18,809.0967407226562,302.9973449707031,246.00711059570312,90.5954360961914,757.1776733398438,199.64207458496094,462.7561340332031,146.35687255859375,135.5519256591797,707.5824584960938,605.6292724609375,3361.740234375,79.7514419555664,51.885826110839844,232.2380828857422,165.5745086669922,767.7717895507812,24.180551528930664,977.9326171875,3203.423828125
2016-04-20,809.6452026367188,300.678955078125,248.27992248535156,95.02953338623047,761.345947265625,200.39974975585938,464.58660888671875,146.40049743652344,136.3056640625,714.8954467773438,599.0338745117188,3317.536865234375,80.78050231933594,52.61458969116211,226.25082397460938,166.06211853027344,759.294921875,25.75872039794922,950.998046875,3166.645263671875
2016-04-21,812.707275390625,301.1847839355469,246.7646942138672,95.02953338623047,761.3038940429688,213.02732849121094,458.1236877441406,143.9786834716797,136.2164306640625,706.9894409179688,591.173583984375,3349.400634765625,80.69474792480469,51.95692825317383,227.09059143066406,172.31272888183594,763.2813720703125,25.54973793029785,940.9266967773438,3070.184326171875
2016-04-22,796.620361328125,297.6860656738281,246.99085998535156,94.3760757446289,744.5882568359375,212.14340209960938,452.5012512207031,142.16775512695312,134.11378479003906,714.41552734375,599.0112915039062,3449.51318359375,82.12400817871094,51.9213752746582,226.6107177734375,177.45506286621094,751.6429443359375,25.484878540039062,938.07373046875,3076.863525390625
2016-04-25,787.6627807617188,302.61798095703125,247.23963928222656,91.85565185546875,744.546142578125,212.94313049316406,454.2197265625,140.0513916015625,134.97666931152344,714.641357421875,599.2371215820312,3369.875732421875,80.23738861083984,51.12147903442383,221.80125427246094,174.70657348632812,741.2417602539062,25.0380916595459,951.3472290039062,3081.66015625
2016-04-26,801.5103759765625,303.8404541015625,251.89833068847656,96.28973388671875,745.8934936523438,213.869140625,460.30914306640625,142.8659210205078,139.02328491210938,723.394287109375,611.5923461914062,3499.682373046875,80.1516342163086,51.60142135620117,221.8121795654297,178.1643524169922,746.3277587890625,25.841590881347656,966.308837890625,3072.11376953125
2016-04-27,813.3469848632812,314.5052185058594,254.23902893066406,94.98284149169922,751.3251342773438,205.91378784179688,463.2977600097656,145.54959106445312,141.33419799804688,720.8248901367188,625.5511474609375,3488.699462890625,80.43751525878906,51.317012786865234,222.34654235839844,173.90859985351562,745.915283203125,25.708274841308594,974.5756225585938,3002.27197265625
2016-04-28,798.0370483398438,314.2101745605469,251.92092895507812,90.45540618896484,737.8935546875,202.12550354003906,451.7167663574219,140.9022979736328,139.1422882080078,711.2811889648438,607.3684692382812,3387.9541015625,78.4079818725586,50.42824935913086,217.3953399658203,170.27349853515625,734.9183349609375,25.04890251159668,981.0375366210938,2981.0615234375
2016-04-29,791.77587890625,306.5382385253906,256.0821228027344,89.94198608398438,730.8619384765625,199.47372436523438,451.3243408203125,141.79685974121094,142.25660705566406,708.4860229492188,601.2473754882812,3430.168701171875,79.63712310791016,50.97929000854492,214.3417510986328,167.56936645507812,743.48681640625,25.30112075805664,984.0452270507812,2973.72412109375
2016-05-02,790.4506225585938,301.6485290527344,252.75770568847656,92.08901977539062,727.5357055664062,190.886962890625,448.6907653808594,140.13865661621094,142.46490478515625,706.3118286132812,603.7771606445312,3462.89208984375,79.2083511352539,50.783756256103516,215.2687225341797,164.90951538085938,743.9449462890625,25.00206184387207,980.6302490234375,2987.504638671875
2016-05-03,797.0316772460938,310.54278564453125,252.8368377685547,90.45540618896484,716.6303100585938,186.13055419921875,440.0049133300781,137.91317749023438,140.33248901367188,706.6788330078125,598.9434814453125,3453.038818359375,78.06494903564453,51.619197845458984,212.8367462158203,163.18063354492188,731.5277709960938,25.14258575439453,961.7680053710938,3024.094482421875
2016-05-04,798.4940795898438,304.72564697265625,254.95135498046875,85.08782958984375,718.6513671875,180.5323486328125,444.13299560546875,136.42955017089844,141.36398315429688,704.0812377929688,596.7526245117188,3445.445556640625,79.35127258300781,50.74821472167969,213.33839416503906,159.54550170898438,736.9802856445312,23.69052505493164,961.7289428710938,2994.6064453125
2016-05-05,792.5072021484375,298.78204345703125,256.0708312988281,84.43437957763672,715.9146728515625,180.70071411132812,445.4778137207031,138.6113739013672,140.66970825195312,719.356689453125,596.6847534179688,3468.315673828125,79.86579132080078,50.92595672607422,212.71676635742188,159.90016174316406,742.7079467773438,23.910316467285156,958.7407836914062,2933.794921875
2016-05-06,812.61572265625,302.7444152832031,253.21006774902344,85.78793334960938,718.6513671875,184.0259552001953,441.3871765136719,138.6332244873047,139.43984985351562,711.78955078125,601.1796875,3452.134765625,80.03729248046875,50.64155197143555,211.34266662597656,163.44664001464844,737.1636962890625,23.730161666870117,959.9436645507812,2915.8291015625
2016-05-09,828.656982421875,309.236083984375,258.1288146972656,85.60124969482422,711.9987182617188,189.6663055419922,447.9435119628906,141.73138427734375,141.60203552246094,731.0460815429688,609.67236328125,3477.038330078125,81.86673736572266,51.014835357666016,214.42898559570312,167.30337524414062,737.9884033203125,23.686922073364258,975.1380615234375,2977.7685546875
2016-05-10,821.1161499023438,310.9643859863281,258.9203186035156,83.8742904663086,726.2725219726562,189.83465576171875,453.080322265625,141.1641082763672,143.3872833251953,745.4462280273438,609.807861328125,3475.501953125,80.4089126586914,50.42824935913086,214.3090362548828,168.01266479492188,735.1015625,23.64008140563965,979.1552124023438,2977.7685546875
2016-05-11,829.7994995117188,302.57586669921875,257.5408020019531,85.50788879394531,726.356689453125,188.52980041503906,448.9895324707031,138.76409912109375,145.11305236816406,749.7944946289062,609.0399169921875,3516.40576171875,80.89485168457031,50.28604507446289,212.7494659423828,164.02291870117188,729.7406616210938,23.766189575195312,977.3698120117188,3009.138671875
2016-05-12,848.9483642578125,305.2736511230469,259.8700866699219,87.18819427490234,718.314697265625,195.13824462890625,452.0343322753906,138.8513641357422,144.160888671875,743.2158203125,602.805908203125,3483.998779296875,80.86624908447266,51.15705490112305,216.544677734375,167.1260528564453,736.3845825195312,23.823841094970703,995.9602661132812,3035.9462890625
2016-05-13,862.5216064453125,299.2035827636719,258.0157165527344,83.36087799072266,700.4618530273438,190.67648315429688,451.00689697265625,139.3531951904297,140.49119567871094,726.500244140625,593.025634765625,3476.812744140625,80.60900115966797,51.459224700927734,213.34930419921875,163.88990783691406,728.5951538085938,23.250944137573242,979.3491821289062,2964.50634765625
2016-05-16,870.7479858398438,297.9811096191406,262.9684753417969,83.82762145996094,712.6303100585938,188.3614501953125,453.9021301269531,143.7386474609375,142.47479248046875,724.6648559570312,594.6293334960938,3508.767333984375,80.09446716308594,51.35255432128906,212.8694610595703,156.75271606445312,731.1610107421875,23.521175384521484,990.1192626953125,2983.365234375
2016-05-17,886.2862548828125,296.0842590332031,260.8538818359375,83.1741714477539,702.3568115234375,190.21348571777344,453.6219482421875,144.2186737060547,140.62010192871094,729.097900390625,606.216552734375,3571.22998046875,78.32223510742188,51.512535095214844,211.38626098632812,156.79702758789062,733.0397338867188,23.575225830078125,997.5123291015625,3059.602294921875
2016-05-18,880.4365844726562,296.12640380859375,257.95916748046875,83.22085571289062,695.15673828125,190.63438415527344,451.97808837890625,145.17868041992188,140.62010192871094,739.686279296875,599.0112915039062,3538.86865234375,77.80770111083984,50.8548583984375,211.691650390625,159.54550170898438,728.82421875,23.71214485168457,990.0997924804688,3032.183837890625
2016-05-19,874.5410766601562,290.68865966796875,257.6539001464844,81.26051330566406,686.3987426757812,189.8767547607422,450.4465637207031,141.7532196044922,140.0547637939453,714.9801025390625,592.2577514648438,3549.444580078125,77.3789291381836,51.334800720214844,207.4711151123047,153.1175994873047,726.2582397460938,23.51036834716797,992.3699951171875,3000.1083984375
2016-05-20,873.8098754882812,288.285888671875,258.0157165527344,81.16716003417969,684.1251831054688,185.28872680664062,448.8961486816406,144.15322875976562,139.28114318847656,708.768310546875,584.1490478515625,3566.032470703125,78.26505279541016,51.47698211669922,203.7631378173828,151.92066955566406,725.204345703125,23.250944137573242,981.6387939453125,2947.904052734375
2016-05-23,865.2179565429688,291.5738525390625,257.0771484375,81.12049865722656,690.1883544921875,186.13055419921875,443.8154296875,151.353271484375,139.47955322265625,700.9188842773438,580.4671630859375,3537.91943359375,77.57901000976562,52.667945861816406,202.84706115722656,149.30517578125,718.9727783203125,22.595178604125977,966.9493408203125,2936.992919921875
2016-05-24,874.0385131835938,290.9837341308594,257.8008728027344,80.56038665771484,693.1357421875,189.03492736816406,443.7220458984375,151.87692260742188,138.53729248046875,701.455322265625,584.9168701171875,3547.275146484375,79.17976379394531,52.15244674682617,205.12635803222656,150.28045654296875,707.74658203125,22.89423370361328,957.7315673828125,2985.9521484375
2016-05-25,897.8031616210938,296.463623046875,265.3430480957031,82.84744262695312,707.4513549804688,197.8321075439453,451.52996826171875,155.3677978515625,141.38381958007812,729.3803100585938,592.573974609375,3670.889892578125,81.09494018554688,53.21895217895508,207.4711151123047,155.2454833984375,719.7974853515625,23.39146614074707,980.5332641601562,3018.8740234375
2016-05-26,906.577880859375,297.4753112792969,267.5932312011719,84.29436492919922,716.0829467773438,203.00941467285156,461.0562744140625,158.1605224609375,144.84524536132812,832.4682006835938,604.9290771484375,3722.46044921875,80.72335052490234,53.53891372680664,206.52230834960938,163.269287109375,714.2072143554688,23.434701919555664,989.1681518554688,3022.82470703125
2016-05-27,912.427490234375,296.12640380859375,268.39605712890625,85.78793334960938,725.2198486328125,204.693115234375,466.0435485839844,156.7860107421875,147.2950439453125,832.8917846679688,602.4896240234375,3748.313720703125,80.09446716308594,53.627803802490234,212.5968017578125,173.68698120117188,755.9959716796875,23.75177574157715,998.4632568359375,3055.41748046875
2016-05-30,900.2254028320312,300.0466613769531,266.8016662597656,96.10302734375,719.4513549804688,205.82957458496094,473.55255126953125,159.48239135742188,147.30496215820312,839.7811889648438,601.2022094726562,3680.652587890625,82.09539794921875,53.947750091552734,211.28811645507812,176.302490234375,744.2200317382812,23.229326248168945,1023.2051391601562,3021.46044921875
2016-05-31,900.1795043945312,296.2528991699219,267.2879638671875,98.25006866455078,714.2724609375,205.95587158203125,466.47320556640625,157.04428100585938,148.08851623535156,832.1294555664062,597.3397827148438,3761.872802734375,81.83814239501953,53.32561111450195,208.92156982421875,181.7108154296875,698.994873046875,24.094074249267578,997.2018432617188,3035.099609375
2016-06-01,933.8613891601562,306.2431945800781,265.7613830566406,96.24305725097656,720.1251220703125,202.08338928222656,470.04083251953125,161.67440795898438,147.85049438476562,827.329345703125,602.5122680664062,3765.262451171875,82.6671142578125,52.9345588684082,207.9945831298828,175.7705078125,691.4803466796875,23.935537338256836,1022.09912109375,3036.557861328125
2016-06-02,936.009521484375,308.730224609375,265.71612548828125,98.99686431884766,731.114501953125,203.17782592773438,471.2924499511719,160.1533966064453,148.03890991210938,834.2188110351562,602.286376953125,3784.516845703125,82.8671875,53.39671325683594,208.57257080078125,177.80970764160156,684.332275390625,24.548067092895508,1028.5416259765625,3040.978515625
2016-06-03,937.1520385742188,301.9435729980469,264.9924621582031,98.53011322021484,745.135498046875,205.19822692871094,473.2911376953125,158.3192138671875,152.60128784179688,824.8163452148438,611.7504272460938,3812.81005859375,84.3822021484375,53.46782302856445,209.3141632080078,176.59707641601562,675.7181396484375,24.396738052368164,1020.546875,2999.873046875
2016-06-06,938.0661010742188,294.0187683105469,264.845458984375,99.7436752319336,740.5039672851562,204.9877471923828,473.2350158691406,159.0797119140625,151.79791259765625,829.108154296875,618.7523803710938,3744.1552734375,84.09634399414062,53.058990478515625,208.2563018798828,178.6630401611328,663.850341796875,24.346290588378906,1024.448486328125,3035.664306640625
2016-06-07,943.9615478515625,294.3559875488281,265.43341064453125,102.21742248535156,755.4091796875,213.91123962402344,469.7420654296875,162.27835083007812,153.14678955078125,840.2329711914062,622.479248046875,3738.415771484375,84.86812591552734,53.29005813598633,208.31085205078125,188.7684326171875,677.0468139648438,24.68859100341797,1031.7615966796875,3136.92236328125
2016-06-08,930.5252685546875,297.30670166015625,262.9231872558594,102.077392578125,755.5354614257812,216.89981079101562,462.5319519042969,162.30072021484375,150.6275634765625,853.390625,626.2513427734375,3760.51708984375,84.6966323852539,54.232147216796875,208.1036376953125,189.26246643066406,676.3136596679688,24.609323501586914,1024.683837890625,3171.160400390625
2016-06-09,912.93017578125,296.12640380859375,262.19952392578125,103.5242919921875,738.0618286132812,214.29006958007812,448.03814697265625,158.40870666503906,149.31837463378906,842.2376708984375,620.4239501953125,3768.697509765625,86.35453033447266,54.32102966308594,211.82252502441406,188.58876037597656,680.6207885742188,24.64895248413086,1010.6257934570312,3179.014404296875
2016-06-10,906.760498046875,296.0,262.64056396484375,107.63166809082031,736.546142578125,212.64846801757812,446.1863098144531,156.88771057128906,148.9116973876953,840.1199951171875,621.5305786132812,3716.5849609375,86.6117935180664,54.88984298706055,213.03305053710938,184.99574279785156,679.4296264648438,24.097679138183594,1002.1948852539062,3183.6708984375
2016-06-13,909.3656005859375,288.6652526855469,260.7295837402344,107.07156372070312,736.1671142578125,205.19822692871094,446.29974365234375,156.52981567382812,149.94320678710938,827.9505004882812,613.1734619140625,3737.60205078125,85.03964233398438,53.965518951416016,213.99273681640625,181.26800537109375,684.0574951171875,23.283374786376953,998.7635498046875,3196.13330078125
2016-06-14,901.6878051757812,288.8760986328125,260.4920349121094,107.91171264648438,729.0093383789062,206.2084197998047,444.0699768066406,158.0508270263672,149.1894073486328,824.7881469726562,612.3828735351562,3710.257080078125,84.75379180908203,53.521141052246094,212.9348602294922,186.56768798828125,690.7014770507812,23.416685104370117,993.9996948242188,3124.646728515625
2016-06-15,912.564697265625,296.6744079589844,264.4949645996094,108.05174255371094,736.546142578125,208.7339630126953,449.72003173828125,160.84681701660156,151.857421875,854.8590087890625,612.3602905273438,3805.26171875,88.12677764892578,54.88984298706055,214.75616455078125,194.0681610107422,688.7769165039062,23.79861831665039,1002.62646484375,3164.01123046875
2016-06-16,924.9239501953125,292.1218566894531,262.82147216796875,111.13227081298828,740.5881958007812,205.38320922851562,448.227294921875,158.76658630371094,149.65557861328125,843.7906494140625,607.1200561523438,3691.81689453125,86.78329467773438,54.9609260559082,212.94580078125,194.02322387695312,691.5263061523438,23.816633224487305,1003.1950073242188,3086.97509765625
2016-06-17,918.5375366210938,300.97406005859375,264.5967102050781,110.89889526367188,742.1882934570312,204.86770629882812,445.7706298828125,160.9810333251953,148.99105834960938,835.912841796875,607.1426391601562,3719.29638671875,87.06915283203125,55.83191680908203,212.640380859375,191.73268127441406,681.0790405273438,23.45271873474121,1020.5659790039062,3106.916259765625
2016-06-20,911.0943603515625,307.2969665527344,265.0602722167969,112.99925231933594,740.546142578125,204.5670166015625,456.82525634765625,160.17579650878906,149.15965270996094,851.0471801757812,610.2371215820312,3736.201171875,88.29828643798828,55.6897087097168,215.9775848388672,193.9333953857422,678.009033203125,24.23099136352539,1042.800537109375,3169.467529296875
2016-06-21,902.4107055664062,305.3580017089844,263.8391418457031,115.28630828857422,732.8408203125,204.35220336914062,455.8236999511719,160.3770751953125,148.128173828125,844.1295776367188,617.4650268554688,3758.076416015625,86.78329467773438,55.4586296081543,215.30142211914062,192.22669982910156,674.7557983398438,24.07245445251465,1039.62451171875,3158.226806640625
2016-06-22,905.53515625,306.0745849609375,264.9359436035156,114.07276153564453,731.563720703125,205.34027099609375,453.3292541503906,158.6771240234375,146.6602783203125,842.2940063476562,614.1447143554688,3752.60693359375,87.24067687988281,55.316436767578125,213.8618927001953,191.23861694335938,678.1923217773438,23.9571533203125,1046.0748291015625,3114.58203125
2016-06-23,904.2945556640625,307.5499572753906,269.1423645019531,115.65970611572266,740.162841796875,206.97268676757812,457.9022521972656,161.1599578857422,148.22735595703125,846.275390625,621.0338134765625,3768.200439453125,85.23973846435547,55.6897087097168,213.85096740722656,195.41551208496094,689.693359375,24.065248489379883,1037.3304443359375,3139.74365234375
2016-06-24,909.3026123046875,300.0044860839844,262.7648620605469,109.4986572265625,731.4360961914062,198.4239959716797,451.4585266113281,158.40870666503906,145.57919311523438,807.875,627.426025390625,3679.1162109375,85.29691314697266,55.38753890991211,207.52561950683594,189.7565155029297,691.66357421875,22.53032112121582,1009.3316650390625,3094.593994140625
2016-06-27,895.2891845703125,296.0421142578125,262.3238525390625,111.83238983154297,731.2232666015625,199.92752075195312,440.7441101074219,160.57838439941406,146.67019653320312,828.289306640625,628.7359619140625,3638.48388671875,85.29691314697266,54.747623443603516,208.44171142578125,195.0562286376953,709.0753784179688,22.375385284423828,978.7056274414062,3194.3466796875
2016-06-28,900.7107543945312,301.05828857421875,263.90692138671875,110.19878387451172,755.8285522460938,200.3141326904297,438.0796203613281,164.8506317138672,147.44381713867188,832.4116821289062,636.3251342773438,3686.93505859375,84.61087036132812,55.26311111450195,208.91064453125,193.9333953857422,701.1484985351562,22.44744873046875,966.197021484375,3198.86181640625
2016-06-29,913.5755615234375,300.29962158203125,266.3808288574219,111.97240447998047,752.4656982421875,203.32122802734375,444.7690734863281,163.866455078125,149.32827758789062,837.5787963867188,640.4586791992188,3734.43798828125,86.9548110961914,56.614017486572266,210.89549255371094,195.10113525390625,705.9138793945312,22.598779678344727,981.4706420898438,3193.64111328125
2016-06-30,921.9375610351562,309.236083984375,268.2390441894531,114.67953491210938,765.0237426757812,206.67196655273438,442.4825744628906,164.80589294433594,151.4210205078125,845.0895385742188,645.9699096679688,3785.01416015625,89.35594940185547,57.98272705078125,211.38626098632812,196.53834533691406,699.3155517578125,23.200498580932617,1001.1561279296875,3208.4560546875
2016-07-01,921.2022094726562,310.54278564453125,267.7944641113281,116.45316314697266,764.21484375,206.50013732910156,443.0873107910156,169.33538818359375,149.44728088378906,871.1509399414062,660.9451904296875,3765.307373046875,89.61319732666016,58.71150588989258,212.3241729736328,197.25692749023438,699.5447998046875,23.64368438720703,980.6672973632812,3220.7783203125
2016-07-04,919.272705078125,314.7581481933594,267.40692138671875,117.57335662841797,760.3409423828125,213.20162963867188,447.4525146484375,164.33619689941406,147.57276916503906,885.5227661132812,661.9841918945312,3772.900390625,89.15583038330078,58.80037307739258,215.21420288085938,200.31100463867188,706.3721313476562,23.87067985534668,978.058837890625,3215.637451171875
2016-07-05,905.21337890625,308.477294921875,265.7651672363281,115.42633819580078,757.9146118164062,210.58114624023438,444.2400207519531,163.4302520751953,146.86856079101562,890.0404663085938,659.4093627929688,3772.494384765625,87.24067687988281,57.32502746582031,216.61012268066406,200.7601776123047,709.7627563476562,24.043630599975586,974.5689697265625,3183.567626953125
2016-07-07,907.6025390625,306.3274841308594,270.3367614746094,119.20697021484375,781.8388671875,210.36636352539062,437.3616638183594,165.74533081054688,147.9595489501953,877.8427124023438,658.099365234375,3743.341796875,87.41217041015625,58.07159423828125,215.47592163085938,197.6611785888672,713.1535034179688,22.89423370361328,952.805908203125,3190.406005859375
2016-07-08,928.7374267578125,299.3300476074219,267.8742370605469,118.41350555419922,783.8821411132812,207.87477111816406,437.7205505371094,164.97366333007812,147.47357177734375,865.5037841796875,656.5859375,3762.05322265625,87.92668914794922,58.462650299072266,213.40383911132812,196.0892333984375,712.5120849609375,22.94107437133789,951.5509033203125,3207.053955078125
2016-07-11,943.5317993164062,303.37677001953125,273.5516052246094,120.46719360351562,791.2894287109375,214.66220092773438,444.0889587402344,167.18807983398438,150.86561584472656,880.835693359375,664.943115234375,3861.714599609375,90.1277084350586,59.22698974609375,216.47927856445312,201.83804321289062,723.0508422851562,23.564414978027344,966.2753295898438,3258.460693359375
2016-07-12,937.69677734375,306.285400390625,274.0988464355469,126.25484466552734,787.7987670898438,224.84326171875,444.65570068359375,166.68482971191406,151.4805145263672,885.4664306640625,666.3887939453125,3950.617431640625,90.49932861328125,59.22698974609375,218.85671997070312,203.63455200195312,717.5980224609375,24.666973114013672,966.5891723632812,3289.3515625
2016-07-13,927.6346435546875,306.62255859375,273.09564208984375,126.7682876586914,789.6290283203125,224.37075805664062,451.1750793457031,165.8124542236328,153.73194885253906,876.0921630859375,661.5551147460938,3906.323974609375,90.1277084350586,57.538333892822266,220.02365112304688,204.53280639648438,713.4741821289062,25.780332565307617,977.6279296875,3239.690185546875
2016-07-14,935.077880859375,309.362548828125,273.68841552734375,126.7682876586914,794.3118286132812,230.77149963378906,444.54241943359375,166.88607788085938,154.86337280273438,883.4615478515625,653.7850952148438,4002.95556640625,90.72801208496094,58.67595291137695,219.1838836669922,208.39532470703125,704.3101196289062,25.892030715942383,988.9207153320312,3301.896728515625
2016-07-15,942.7047729492188,319.4371643066406,279.0124206542969,128.2618408203125,801.59130859375,228.32290649414062,405.35089111328125,166.98675537109375,153.2655029296875,895.54638671875,661.7132568359375,4042.50341796875,89.32733917236328,58.391536712646484,220.77615356445312,207.94619750976562,706.005615234375,26.87208366394043,958.9037475585938,3330.9013671875
2016-07-18,945.0939331054688,305.7373352050781,279.8674621582031,128.12184143066406,784.9464111328125,226.30384826660156,408.90325927734375,167.02029418945312,154.18849182128906,889.080322265625,663.4749755859375,4026.86474609375,88.95574951171875,58.01826858520508,219.47833251953125,205.47598266601562,711.7788696289062,26.349628448486328,954.236572265625,3299.86865234375
2016-07-19,947.1153564453125,307.1283874511719,277.7926025390625,128.8219451904297,762.1289672851562,231.2440643310547,410.7929992675781,167.12095642089844,154.38697814941406,888.177001953125,658.0089111328125,4054.842529296875,89.29878234863281,59.1558723449707,221.99757385253906,206.23951721191406,717.0025634765625,26.68111228942871,967.0791625976562,3308.640625
2016-07-20,945.1400146484375,306.36956787109375,280.95050048828125,126.86162567138672,772.1329345703125,229.82643127441406,409.3380126953125,167.9261932373047,155.26036071777344,887.07568359375,660.1773681640625,4039.88232421875,89.9561996459961,59.849124908447266,223.1317596435547,207.63180541992188,730.6112060546875,26.551403045654297,978.3529052734375,3357.78369140625
2016-07-21,958.1421508789062,310.12127685546875,280.129638671875,124.99461364746094,774.81494140625,225.01510620117188,408.12860107421875,168.1610565185547,150.9828338623047,879.565185546875,653.550048828125,3989.758056640625,88.55555725097656,57.769412994384766,219.50015258789062,202.69139099121094,727.8162231445312,26.10822105407715,982.7061157226562,3431.968994140625
2016-07-22,962.1396484375,309.6997375488281,280.6312561035156,126.95494842529297,768.9827880859375,226.3468017578125,405.3130187988281,167.65780639648438,150.86373901367188,888.8544921875,656.1463012695312,3990.662841796875,89.52743530273438,59.13811492919922,221.35414123535156,200.7601776123047,720.8515014648438,26.335214614868164,986.254638671875,3433.100830078125
2016-07-25,983.8260498046875,313.5778503417969,284.3135986328125,126.20816802978516,772.1754760742188,230.81446838378906,408.4876403808594,168.9327392578125,151.72723388671875,895.57470703125,666.66796875,4113.4638671875,90.0419692993164,60.06241989135742,223.07725524902344,206.50897216796875,736.7970581054688,26.205501556396484,1006.049560546875,3461.680908203125
2016-07-26,974.7286376953125,311.80743408203125,282.45538330078125,122.89427947998047,768.5570068359375,224.80029296875,411.4544372558594,168.9327392578125,149.2063446044922,899.41455078125,659.9722900390625,4041.82568359375,90.3849868774414,60.93341064453125,223.3607940673828,203.63455200195312,731.6651611328125,26.504562377929688,1003.5531005859375,3422.347900390625
2016-07-27,975.6934814453125,314.08367919921875,282.03350830078125,124.90129852294922,769.5360717773438,232.4898223876953,410.1883544921875,166.0137481689453,149.66287231445312,904.7512817382812,662.1814575195312,4120.33349609375,90.92810821533203,61.30668640136719,220.97242736816406,205.9250946044922,740.37109375,26.16226577758789,1013.3623046875,3443.523681640625
2016-07-28,1036.5250244140625,313.53570556640625,284.65557861328125,125.32135009765625,774.2614135742188,233.6926727294922,407.2215576171875,170.64389038085938,148.93836975097656,890.6898803710938,661.5892333984375,4305.95947265625,90.67083740234375,62.63982391357422,223.86244201660156,207.49705505371094,756.4541625976562,25.779098510742188,1029.75634765625,3469.934326171875
2016-07-29,1023.7980346679688,305.2315368652344,284.1425476074219,124.66791534423828,785.4574584960938,225.87425231933594,405.8421630859375,169.4024658203125,151.54855346679688,880.2991943359375,668.0799560546875,4300.6259765625,90.52790832519531,62.5687141418457,221.36505126953125,206.0598602294922,760.5780029296875,26.16226577758789,1029.7764892578125,3507.144775390625
2016-08-01,1030.0009765625,306.8755187988281,283.2533874511719,127.5150375366211,787.543212890625,214.36146545410156,410.1505432128906,168.1610565185547,149.49417114257812,843.50830078125,669.628662109375,4398.83984375,91.12821197509766,62.99532699584961,220.18722534179688,204.17352294921875,765.8015747070312,26.88439178466797,1064.74658203125,3542.516357421875
2016-08-02,1032.251708984375,301.6485290527344,283.4813537597656,126.48821258544922,789.5866088867188,210.7529754638672,409.6025695800781,175.00559997558594,150.87368774414062,848.9578247070312,664.0716552734375,4507.1328125,91.09960174560547,63.59968948364258,220.90701293945312,204.84722900390625,759.6157836914062,26.663330078125,1061.1888427734375,3468.000732421875
2016-08-03,1050.676025390625,302.53369140625,282.8315734863281,126.67491149902344,778.0076293945312,208.003662109375,410.0183410644531,169.5702362060547,150.0995635986328,834.981201171875,658.8563842773438,4405.71044921875,90.0419692993164,62.53316879272461,216.79551696777344,203.5896453857422,769.42138671875,26.383329391479492,1044.3228759765625,3459.511474609375
2016-08-04,1035.8817138671875,308.77239990234375,282.9569396972656,127.98182678222656,781.6260375976562,206.50013732910156,405.0674133300781,169.16763305664062,150.13925170898438,829.6445922851562,653.9371948242188,4419.99267578125,90.92810821533203,63.3508415222168,216.5883026123047,202.69139099121094,777.6232299804688,27.543882369995117,1042.6322021484375,3448.99462890625
2016-08-05,1050.63037109375,306.8755187988281,284.8380126953125,134.14283752441406,787.9688110351562,211.3114471435547,403.63128662109375,169.46957397460938,153.70217895507812,853.9555053710938,675.93701171875,4466.998046875,92.3001480102539,62.74647903442383,221.6595001220703,209.0690155029297,771.5291137695312,28.126001358032227,1041.4918212890625,3590.81005859375
2016-08-08,1055.2244873046875,296.3793640136719,284.91778564453125,139.23037719726562,791.3745727539062,210.7100372314453,407.675048828125,167.72486877441406,153.136474609375,851.1036376953125,682.2454223632812,4512.2861328125,91.38543701171875,63.45745849609375,224.4949951171875,209.51812744140625,763.1897583007812,27.967573165893555,1041.6494140625,3565.673095703125
2016-08-09,1053.5247802734375,294.6089172363281,284.37054443359375,136.8499755859375,795.4185791015625,210.79595947265625,409.4513244628906,166.1815185546875,151.79666137695312,847.6024780273438,674.4567260742188,4484.353515625,91.38543701171875,62.604270935058594,224.81124877929688,211.22483825683594,760.0282592773438,27.658092498779297,1041.9248046875,3586.141357421875
2016-08-10,1038.3167724609375,292.07965087890625,279.7420654296875,136.10321044921875,787.5006713867188,205.64096069335938,409.05462646484375,165.4098358154297,151.1019287109375,837.5787963867188,660.0634155273438,4394.63720703125,90.2706298828125,61.999900817871094,218.91123962402344,207.94619750976562,749.3060913085938,27.285980224609375,1051.83203125,3517.284912109375
2016-08-11,1052.23828125,293.14617919921875,280.0498962402344,132.78927612304688,796.610595703125,208.5191650390625,407.1648864746094,168.8656768798828,151.77679443359375,832.7788696289062,647.5148315429688,4410.048828125,91.21392822265625,61.87549591064453,221.19052124023438,204.0387725830078,740.691650390625,27.142290115356445,1065.395751953125,3496.25048828125
2016-08-12,1045.2545166015625,294.3734130859375,280.1524658203125,136.61659240722656,796.0572509765625,211.3114471435547,401.5715026855469,170.50965881347656,151.42945861816406,842.4918823242188,660.837646484375,4428.08349609375,91.7856216430664,63.297508239746094,225.92364501953125,218.54559326171875,733.635498046875,27.61388397216797,1076.6204833984375,3510.82373046875
2016-08-16,1038.0411376953125,289.8452453613281,279.8332214355469,144.36459350585938,788.5648803710938,213.5452880859375,397.5087890625,171.18069458007812,153.39451599121094,850.65185546875,657.5582275390625,4396.986328125,92.24301147460938,63.10197067260742,223.54620361328125,221.64459228515625,717.2774658203125,27.938100814819336,1058.2401123046875,3527.1884765625
2016-08-17,1023.2472534179688,292.55364990234375,281.56610107421875,145.57814025878906,777.496826171875,212.72906494140625,390.51702880859375,170.2412872314453,151.97531127929688,848.4776000976562,660.6782836914062,4420.1728515625,92.35733032226562,62.08879089355469,221.0160369873047,221.19546508789062,719.3850708007812,28.873920440673828,1031.8402099609375,3489.318359375
2016-08-18,1017.549560546875,298.90155029296875,285.5790710449219,144.0845489501953,772.1329345703125,217.2826385498047,386.77545166015625,169.20115661621094,155.69705200195312,847.2486572265625,665.1192626953125,4443.67578125,95.35871887207031,64.70172882080078,222.0521240234375,223.126708984375,722.867431640625,28.53127098083496,1037.34423828125,3654.431640625
2016-08-19,1023.20068359375,297.42041015625,284.3477478027344,148.37860107421875,775.3256225585938,218.1417694091797,385.9818420410156,168.3959197998047,154.57553100585938,854.25146484375,664.5270385742188,4429.439453125,95.33013916015625,64.32847595214844,221.36505126953125,232.1990966796875,718.2855834960938,28.896024703979492,1023.5645751953125,3703.904052734375
2016-08-22,1023.568359375,296.40472412109375,285.0774841308594,145.67147827148438,791.8427734375,216.72415161132812,383.7709045410156,170.50965881347656,153.40444946289062,853.2796020507812,657.5126953125,4373.07763671875,93.55789184570312,64.68397521972656,220.69979858398438,228.87554931640625,705.7305297851562,28.601276397705078,1002.0198974609375,3645.9892578125
2016-08-23,1034.9169921875,299.4093933105469,285.3395690917969,145.20472717285156,784.7335815429688,214.96286010742188,392.9168701171875,168.69784545898438,154.4961395263672,844.4190063476562,657.1255493164062,4369.5068359375,90.8995132446289,64.75506591796875,220.39442443847656,228.83062744140625,698.62841796875,28.380220413208008,1022.601318359375,3609.109375
2016-08-24,1028.1170654296875,298.43609619140625,287.6994934082031,146.55831909179688,782.7753295898438,213.45933532714844,399.6251525878906,167.9261932373047,154.22817993164062,842.33251953125,653.550048828125,4473.234375,92.21439361572266,64.80841827392578,222.58648681640625,228.51622009277344,705.3640747070312,27.997051239013672,1011.2000122070312,3595.903564453125
2016-08-25,1016.2171020507812,292.8499450683594,286.9584655761719,143.9912109375,775.4534301757812,212.1705780029297,391.5941162109375,170.073486328125,154.97251892089844,831.5567626953125,643.98486328125,4459.8115234375,90.69941711425781,64.7906265258789,220.8851776123047,224.69863891601562,701.0111083984375,27.4333553314209,1002.9439086914062,3574.39794921875
2016-08-26,1032.2059326171875,291.1147766113281,286.6278381347656,145.1580352783203,770.0894775390625,210.7529754638672,385.5849914550781,170.3083953857422,154.98245239257812,815.8648681640625,648.9951171875,4448.2412109375,90.2706298828125,64.27513885498047,224.20053100585938,221.50985717773438,692.1217651367188,27.223350524902344,992.6824340820312,3587.555908203125
2016-08-29,1021.6846923828125,289.9721984863281,282.29571533203125,147.7718505859375,770.685546875,215.22064208984375,386.5486755371094,169.63734436035156,155.10154724121094,834.3294067382812,647.8792724609375,4454.11669921875,91.21392822265625,64.07962036132812,230.6458282470703,223.7105712890625,695.833251953125,27.540197372436523,983.0897827148438,3567.795166015625
2016-08-30,1053.248779296875,280.8735046386719,289.2613830566406,151.92588806152344,787.373046875,220.1608428955078,393.20037841796875,172.65699768066406,156.04437255859375,843.5615844726562,654.07373046875,4580.8955078125,92.47167205810547,65.16389465332031,232.5979461669922,226.58499145507812,710.0836181640625,27.834945678710938,1000.2311401367188,3670.9384765625
2016-08-31,1064.0001220703125,280.7042236328125,294.4028625488281,148.6586456298828,780.7745971679688,221.6643829345703,391.48077392578125,174.50234985351562,160.1631317138672,864.88427734375,654.3471069335938,4600.01025390625,91.04243469238281,65.30609130859375,231.20201110839844,226.8095703125,710.8167114257812,27.271244049072266,987.316162109375,3800.020263671875
2016-09-01,1063.1273193359375,263.09942626953125,292.6928405761719,147.02503967285156,788.2242431640625,224.1988983154297,392.1232604980469,175.13983154296875,160.9173583984375,861.5401000976562,662.0675048828125,4606.47265625,90.756591796875,65.5194091796875,224.48406982421875,226.3604278564453,705.6846313476562,27.602832794189453,985.8224487304688,3832.279541015625
2016-09-02,1072.8675537109375,269.912841796875,293.0120544433594,146.7916717529297,783.9246826171875,224.49961853027344,389.96893310546875,176.41481018066406,161.49301147460938,860.3681030273438,671.2000122070312,4697.22412109375,91.47120666503906,65.34166717529297,221.02694702148438,228.69589233398438,716.9566040039062,27.5733585357666,988.6925048828125,3853.454833984375
2016-09-06,1106.49951171875,272.1134033203125,296.5006103515625,148.90548706054688,798.483642578125,234.29409790039062,394.9388427734375,176.21347045898438,162.37628173828125,866.8565063476562,678.6015625,4842.1787109375,93.50072479248047,66.33707427978516,222.4556121826172,233.6362762451172,717.2316284179688,28.4244327545166,976.6027221679688,3843.504150390625
2016-09-07,1081.7349853515625,270.9708251953125,293.38824462890625,150.0328369140625,794.3543090820312,238.97653198242188,398.472412109375,176.3477020263672,159.60731506347656,867.9140014648438,678.1005859375,4857.060546875,92.18582153320312,65.67938232421875,221.96485900878906,239.65460205078125,714.1157836914062,28.733915328979492,959.5009155273438,3853.690673828125
2016-09-08,1086.6971435546875,274.5679626464844,293.9925537109375,152.14663696289062,810.1478881835938,237.43003845214844,392.1610412597656,177.75685119628906,162.71371459960938,880.0615844726562,679.6262817382812,4996.64501953125,92.33031463623047,66.8120346069336,225.400146484375,241.04690551757812,741.4601440429688,29.695520401000977,912.9321899414062,3881.752197265625
2016-09-09,1076.72705078125,272.6212463378906,294.22052001953125,145.47642517089844,791.757568359375,235.4969024658203,391.3484802246094,173.32803344726562,162.53509521484375,867.5994262695312,670.6762084960938,4918.00146484375,91.7812271118164,65.88011169433594,227.83213806152344,237.2293243408203,731.7335205078125,29.076555252075195,924.864501953125,3729.277587890625
2016-09-12,1060.9681396484375,269.1933898925781,291.826416015625,132.32388305664062,781.966552734375,230.42784118652344,398.3402099609375,169.2682647705078,161.43344116210938,836.4443359375,649.496337890625,4850.6435546875,88.34233856201172,64.607666015625,228.25747680664062,227.03411865234375,722.1906127929688,27.507038116455078,927.4591674804688,3646.697021484375
2016-09-14,1069.23779296875,270.71685791015625,289.4437561035156,134.57859802246094,773.4525756835938,233.22012329101562,395.16552734375,168.9998779296875,159.97451782226562,843.3613891601562,642.9371948242188,4882.41064453125,89.98955535888672,64.21337890625,227.8757781982422,231.34571838378906,715.5838623046875,27.551250457763672,915.4287719726562,3720.364013671875
2016-09-15,1078.381103515625,273.12908935546875,291.75799560546875,136.73939514160156,778.1777954101562,232.4898223876953,393.8805236816406,171.717529296875,160.50054931640625,840.4746704101562,640.5231323242188,4962.966796875,88.66022491455078,62.65419387817383,232.29258728027344,229.9534454345703,721.5482177734375,26.998605728149414,914.8389282226562,3705.64892578125
2016-09-16,1061.4732666015625,273.8908386230469,295.9192199707031,134.01492309570312,776.2195434570312,229.69754028320312,400.6644287109375,174.7036590576172,160.1035614013672,842.1609497070312,640.7053833007812,5073.013671875,88.45792388916016,63.102237701416016,234.59371948242188,228.4264373779297,719.20849609375,26.442272186279297,928.5011596679688,3701.263427734375
2016-09-19,1069.23779296875,274.3563537597656,294.16351318359375,135.23623657226562,776.4324951171875,233.34898376464844,401.061279296875,173.69708251953125,159.3592071533203,845.9337768554688,645.4196166992188,4998.921875,89.67167663574219,63.58613204956055,236.08779907226562,229.63905334472656,718.0155639648438,26.648595809936523,948.0601196289062,3763.941162109375
2016-09-20,1070.5704345703125,270.1667175292969,293.7759094238281,136.786376953125,768.727294921875,233.77857971191406,396.88519287109375,172.42210388183594,157.3544464111328,843.733154296875,642.1629638671875,5019.810546875,88.66022491455078,63.837039947509766,234.29928588867188,228.56114196777344,714.5745849609375,26.939653396606445,946.1138305664062,3762.290771484375
2016-09-21,1075.670166015625,272.40960693359375,294.8133239746094,140.49725341796875,777.3690795898438,231.88841247558594,399.00152587890625,170.2077178955078,156.49098205566406,841.5321655273438,640.8192749023438,5007.43212890625,89.00699615478516,62.83341598510742,233.87393188476562,225.59689331054688,714.6663208007812,27.24913787841797,948.8263549804688,3735.92724609375
2016-09-22,1095.3350830078125,276.7685241699219,297.9825744628906,145.24154663085938,774.89990234375,236.69973754882812,400.1544189453125,171.28135681152344,157.83082580566406,857.4526977539062,643.8709716796875,5094.677734375,90.74089813232422,63.99834442138672,237.51644897460938,231.66014099121094,721.9153442382812,27.7981014251709,934.9093017578125,3754.084228515625
2016-09-23,1094.599609375,276.7262878417969,299.3050842285156,145.1006317138672,775.2404174804688,233.0482940673828,394.0128479003906,170.073486328125,158.02931213378906,855.7664794921875,642.2767944335938,5098.9560546875,90.68309020996094,63.066402435302734,240.537353515625,228.65098571777344,715.7674560546875,27.4112491607666,942.8115844726562,3739.18115234375
2016-09-26,1087.0645751953125,271.1401062011719,295.53155517578125,144.30209350585938,759.9580078125,225.57357788085938,391.4996337890625,166.44989013671875,156.3619842529297,837.8734741210938,628.6577758789062,5069.00830078125,87.93775939941406,62.97679138183594,241.4970703125,226.04603576660156,703.012939453125,27.245454788208008,943.9910888671875,3700.461669921875
2016-09-27,1095.84033203125,266.442626953125,295.9647521972656,140.9669952392578,763.9594116210938,223.38272094726562,392.9546813964844,164.97366333007812,155.70693969726562,821.1240844726562,624.7863159179688,5016.6708984375,87.96665954589844,63.15601348876953,242.21682739257812,223.66566467285156,706.6832885742188,27.11281967163086,957.7511596679688,3692.58544921875
2016-09-28,1096.7132568359375,272.3250427246094,295.3263244628906,147.4022979736328,755.3177490234375,224.02706909179688,392.6523132324219,165.71182250976562,155.2801971435547,832.271240234375,627.08642578125,5026.13623046875,88.25564575195312,63.962501525878906,237.88726806640625,227.932373046875,701.7741088867188,28.026531219482422,952.6206665039062,3747.152099609375
2016-09-29,1072.683837890625,267.2043762207031,291.2791442871094,140.92002868652344,747.7830200195312,215.0917510986328,388.9674377441406,164.87301635742188,153.3548126220703,821.8102416992188,621.461181640625,4950.4052734375,86.37725067138672,62.152374267578125,233.91754150390625,222.0937042236328,675.2098999023438,27.175451278686523,958.4201049804688,3642.122314453125
2016-09-30,1066.572998046875,265.7655029296875,290.2189636230469,143.45655822753906,738.8857421875,216.6382293701172,391.55633544921875,161.9540252685547,154.22817993164062,819.2662353515625,640.2725830078125,4985.630859375,85.5392074584961,63.28147506713867,236.37135314941406,225.68673706054688,681.4954833984375,27.57703971862793,955.6675415039062,3632.92578125
2016-10-03,1096.2537841796875,269.7435607910156,293.4908752441406,144.7718505859375,739.6520385742188,220.07492065429688,392.33099365234375,162.59146118164062,156.42152404785156,840.7318115234375,657.6493530273438,5171.046875,87.04191589355469,64.94817352294922,237.89817810058594,229.32467651367188,694.662841796875,28.210739135742188,948.158447265625,3705.46044921875
2016-10-04,1095.84033203125,274.2293701171875,294.0267333984375,144.91275024414062,732.5429077148438,221.836181640625,396.5260925292969,161.85336303710938,157.14599609375,828.41259765625,644.6680297851562,5170.13671875,87.99555969238281,64.87648010253906,239.1304931640625,233.32192993164062,701.3154296875,28.822336196899414,945.5835571289062,3728.805908203125
2016-10-05,1110.7265625,272.28265380859375,293.2400817871094,147.73114013671875,741.5252075195312,219.4735107421875,393.6159973144531,161.18228149414062,155.2504119873047,831.156494140625,637.3120727539062,5178.5107421875,88.11112976074219,65.01986694335938,237.61460876464844,234.3100128173828,696.8651123046875,28.789175033569336,938.1923217773438,3804.217529296875
2016-10-06,1111.4158935546875,272.79052734375,292.2938232421875,148.76455688476562,753.0191650390625,215.86500549316406,388.2872009277344,159.3034210205078,155.4191436767578,831.4710083007812,625.3328247070312,5197.85302734375,86.0882568359375,63.76534652709961,242.2822723388672,230.6720428466797,690.8548583984375,28.726543426513672,939.1356201171875,3735.408447265625
2016-10-07,1088.5347900390625,270.37835693359375,291.9860534667969,148.4357452392578,746.8890991210938,215.30654907226562,382.67486572265625,160.34352111816406,155.3496856689453,832.8715209960938,625.8338012695312,5173.595703125,85.71257781982422,63.42483139038086,241.88967895507812,232.37875366210938,689.294921875,29.95710563659668,930.899169921875,3710.600830078125
2016-10-10,1114.3104248046875,267.3736572265625,292.8410339355469,151.019287109375,745.9525756835938,214.87696838378906,389.2508850097656,161.11521911621094,154.86337280273438,828.8985595703125,627.1549072265625,5199.58203125,84.75891876220703,63.819114685058594,239.1304931640625,230.49241638183594,693.1947631835938,30.830278396606445,935.8138427734375,3751.01904296875
2016-10-13,1117.93994140625,259.6291809082031,287.9161376953125,145.7582244873047,733.9478149414062,207.18743896484375,397.7165832519531,160.34352111816406,153.30519104003906,822.2674560546875,623.8980102539062,5205.2255859375,83.66079711914062,62.72587585449219,230.58041381835938,224.24951171875,678.7426147460938,30.491329193115234,915.605712890625,3759.5078125
2016-10-14,1107.9698486328125,258.486572265625,287.6994934082031,145.24154663085938,717.0899658203125,207.7029571533203,388.1927185058594,160.9810333251953,155.1710205078125,843.1041870117188,618.1361694335938,5179.64892578125,83.80528259277344,63.693668365478516,235.05177307128906,226.45025634765625,684.0647583007812,30.380802154541016,930.2700805664062,3807.377685546875
2016-10-17,1086.421630859375,255.0164031982422,282.20452880859375,141.53065490722656,723.0498657226562,222.30874633789062,386.39752197265625,161.45074462890625,152.68991088867188,827.7266845703125,598.0949096679688,5096.498046875,85.25021362304688,63.102237701416016,231.3437957763672,227.43833923339844,673.4666137695312,30.27027130126953,928.7958984375,3785.0703125
2016-10-18,1079.25390625,259.5445861816406,286.7988586425781,143.12774658203125,728.456298828125,232.27503967285156,392.6900329589844,165.04075622558594,154.21827697753906,850.7643432617188,607.3184814453125,5121.62060546875,85.5392074584961,63.22770690917969,235.80426025390625,230.7618865966797,682.2296142578125,31.31292724609375,943.6372680664062,3794.40771484375
2016-10-19,1074.4757080078125,259.7984313964844,286.9128723144531,141.8594512939453,720.2826538085938,227.7214813232422,393.7294616699219,160.67904663085938,153.63272094726562,852.3649291992188,604.8360595703125,5101.50439453125,86.14607238769531,63.99834442138672,237.16746520996094,229.41448974609375,688.4232788085938,31.390302658081055,941.6322631835938,3803.65185546875
2016-10-20,1071.21337890625,261.6182556152344,286.2630310058594,145.85220336914062,715.4298095703125,238.5039825439453,391.7831115722656,160.61195373535156,153.30519104003906,859.5679321289062,604.6083984375,5137.82275390625,86.11717224121094,64.03416442871094,237.21109008789062,233.7261199951172,684.0647583007812,31.578197479248047,944.0106201171875,3779.646240234375
2016-10-21,1059.957275390625,262.1683654785156,289.728759765625,142.6580352783203,724.7100830078125,238.33216857910156,396.6152038574219,161.14878845214844,155.12139892578125,863.6837158203125,604.3123168945312,5143.01123046875,86.40613555908203,63.42483139038086,232.1181182861328,232.1990966796875,686.1292724609375,31.478721618652344,954.8224487304688,3754.933349609375
2016-10-24,1036.0654296875,259.5445861816406,288.0985412597656,141.71853637695312,722.2835083007812,244.4751739501953,392.3369445800781,161.9540252685547,156.28256225585938,853.2796020507812,610.0057983398438,5200.99267578125,87.47539520263672,63.12017059326172,231.9217987060547,236.1963348388672,685.57861328125,31.393980026245117,957.0103149414062,3746.0673828125
2016-10-25,1047.322021484375,263.90350341796875,285.0774841308594,141.38973999023438,708.6612548828125,248.51327514648438,388.5552978515625,160.2093048095703,156.12380981445312,848.39208984375,593.9044189453125,5262.47900390625,87.85106658935547,63.9266357421875,231.3874053955078,234.84898376464844,685.8082275390625,30.59816551208496,945.479736328125,3789.031982421875
2016-10-26,1032.0223388671875,268.89715576171875,282.5693664550781,141.10789489746094,717.600830078125,239.19131469726562,387.4093322753906,160.2093048095703,161.07615661621094,847.3630981445312,596.2046508789062,5342.26171875,87.76436614990234,62.905120849609375,229.9042510986328,232.4236602783203,677.824951171875,29.37129783630371,944.6123657226562,3714.0439453125
2016-10-27,997.4253540039062,273.4676513671875,285.48785400390625,139.32293701171875,715.4298095703125,244.2604217529297,383.3221435546875,163.12831115722656,160.1035614013672,843.3613891601562,592.0142211914062,5334.11572265625,87.67768096923828,62.905120849609375,228.7373504638672,229.41448974609375,685.3493041992188,29.26445198059082,953.2255859375,3717.8173828125
2016-10-28,983.1364135742188,269.8704833984375,287.072509765625,140.5911865234375,712.1943969726562,237.859619140625,381.0301513671875,163.12831115722656,162.63433837890625,846.4483642578125,597.5028686523438,5348.67919921875,87.99555969238281,63.0484733581543,230.10055541992188,231.74998474121094,682.1378173828125,29.87604522705078,945.578125,3756.63134765625
2016-11-01,991.8416137695312,268.6855163574219,287.2435302734375,147.44932556152344,717.1312866210938,236.57086181640625,377.9551696777344,161.0145721435547,159.8951416015625,836.4158935546875,604.1300659179688,5350.45263671875,89.58496856689453,63.40691375732422,229.2389678955078,232.60330200195312,673.2830200195312,30.77870750427246,926.3805541992188,3751.01904296875
2016-11-02,978.9910278320312,262.0414123535156,284.1312561035156,147.02655029296875,722.1539916992188,233.6067657470703,374.7465515136719,159.23631286621094,159.58746337890625,828.1268310546875,623.6931762695312,5274.44970703125,90.45191192626953,62.76173400878906,223.29534912109375,225.507080078125,655.206298828125,30.458173751831055,908.2670288085938,3674.947021484375
2016-11-03,955.4089965820312,261.4912414550781,286.13763427734375,152.94517517089844,720.6943969726562,231.75953674316406,369.3223876953125,161.24942016601562,159.98446655273438,825.5830688476562,619.8898315429688,5284.416015625,88.45792388916016,62.70795822143555,223.3389434814453,220.65650939941406,645.6633911132812,29.717618942260742,914.3375244140625,3684.898193359375
2016-11-04,960.8438720703125,259.5868835449219,283.5726013183594,149.23428344726562,728.0782470703125,231.802490234375,370.9075622558594,167.12095642089844,158.72406005859375,811.6345825195312,625.0823364257812,5192.755859375,88.71802520751953,62.2061653137207,219.3256378173828,218.1414031982422,597.8110961914062,29.702882766723633,918.7130126953125,3635.75537109375
2016-11-07,955.593017578125,258.6558532714844,284.8836364746094,157.4546356201172,719.19189453125,239.44908142089844,373.5624084472656,172.12017822265625,159.1606903076172,799.1725463867188,627.6329956054688,5202.859375,89.64276123046875,62.367469787597656,218.36598205566406,226.98919677734375,600.930908203125,30.402902603149414,897.623291015625,3686.64306640625
2016-11-08,973.6942749023438,258.06341552734375,285.9894714355469,157.2667236328125,725.1591796875,243.3153076171875,375.3386535644531,171.51626586914062,161.1356964111328,798.7152709960938,630.662109375,5160.1240234375,89.09368896484375,63.44275665283203,218.8785400390625,226.94430541992188,583.0377807617188,30.11184310913086,900.047607421875,3734.229736328125
2016-11-09,968.1212768554688,254.76248168945312,285.2940368652344,152.2875518798828,711.1642456054688,241.81178283691406,366.0563659667969,166.51702880859375,163.18017578125,794.8566284179688,607.3184814453125,4908.853515625,89.06478118896484,64.58973693847656,219.1184539794922,233.54647827148438,606.298828125,29.42656707763672,855.364501953125,3551.99609375
2016-11-10,931.59619140625,261.23736572265625,291.5186462402344,165.1112518310547,702.79296875,251.3914337158203,358.8369445800781,168.4630584716797,162.61447143554688,807.2328491210938,601.8298950195312,4850.1884765625,89.46937561035156,67.54682922363281,220.38352966308594,252.6793212890625,611.2996826171875,32.20083999633789,849.6878662109375,3623.21044921875
2016-11-11,886.4580078125,255.10101318359375,290.89166259765625,161.8701171875,688.3687744140625,237.47299194335938,352.0184326171875,163.0276641845703,161.88998413085938,793.9132690429688,564.8901977539062,4673.37548828125,87.67768096923828,65.62919616699219,218.496826171875,245.22377014160156,631.30322265625,31.427141189575195,828.2827758789062,3427.819091796875
2016-11-15,820.59326171875,256.15899658203125,286.0920715332031,157.59555053710938,691.5454711914062,231.75953674316406,352.7823486328125,159.3705291748047,156.71926879882812,783.3377685546875,564.0248413085938,4411.54638671875,86.78182220458984,66.29229736328125,214.93064880371094,249.8947296142578,626.21044921875,28.96233558654785,836.2261352539062,3173.19189453125
2016-11-16,861.9544677734375,262.0837097167969,283.7207946777344,152.94517517089844,694.37890625,228.70953369140625,359.4098815917969,154.9416961669922,152.94790649414062,786.3388671875,563.5921020507812,4542.8017578125,86.78182220458984,67.56474304199219,215.1814727783203,248.99652099609375,612.4006958007812,28.94023323059082,863.1502685546875,3178.94580078125
2016-11-17,846.0640258789062,251.50387573242188,280.4944763183594,158.11224365234375,696.8688354492188,229.95529174804688,355.1697692871094,155.34432983398438,154.07931518554688,783.7379150390625,555.530029296875,4483.40966796875,87.73545837402344,69.14185333251953,213.2620391845703,249.22103881835938,614.09814453125,28.94023323059082,842.49365234375,3146.498046875
2016-11-18,836.6218872070312,257.09002685546875,276.2079162597656,155.34080505371094,689.3131103515625,227.33486938476562,351.4263000488281,152.89505004882812,154.6748046875,783.4234619140625,564.7307739257812,4506.4833984375,91.92575073242188,68.80134582519531,215.38868713378906,247.7388916015625,632.0829467773438,28.376537322998047,837.7239379882812,3200.215576171875
2016-11-21,829.0679931640625,253.49288940429688,273.3122253417969,147.82508850097656,684.934326171875,224.4136962890625,348.0266418457031,150.44577026367188,151.38973999023438,770.53271484375,546.3065185546875,4357.70654296875,89.52716064453125,66.32813262939453,216.2611541748047,231.16610717773438,633.45947265625,27.370716094970703,840.7987060546875,3133.71728515625
2016-11-22,836.2072143554688,257.2593078613281,273.1640625,156.46817016601562,703.9521484375,225.7024383544922,349.2107849121094,151.72073364257812,152.75933837890625,760.0429077148438,555.2794799804688,4491.60107421875,89.06478118896484,65.86216735839844,218.43138122558594,231.16610717773438,633.046630859375,27.857046127319336,841.6265869140625,3228.466064453125
2016-11-23,867.8038940429688,254.3816680908203,270.1315002441406,163.1853485107422,714.0833129882812,227.63555908203125,351.5218811035156,150.7477569580078,152.0745391845703,775.8775634765625,542.8448486328125,4442.72216796875,92.38810729980469,65.10948181152344,220.07814025878906,232.33383178710938,643.5071411132812,28.936548233032227,850.0428466796875,3256.24365234375
2016-11-24,862.3228149414062,255.94749450683594,265.742431640625,169.52676391601562,708.5885620117188,222.78128051757812,355.36083984375,149.97605895996094,147.30081176757812,771.5331420898438,530.0457153320312,4396.57275390625,90.74089813232422,66.32813262939453,215.35597229003906,235.118408203125,626.256103515625,29.338136672973633,862.6968383789062,3286.003173828125
2016-11-25,870.9360961914062,254.76248168945312,271.1689758300781,169.57373046875,715.7147216796875,223.46861267089844,373.3905029296875,153.53253173828125,149.29566955566406,783.5664672851562,534.2817993164062,4436.12158203125,93.34173583984375,67.61851501464844,216.74099731445312,234.39981079101562,655.2981567382812,30.119213104248047,906.8081665039062,3298.925048828125
2016-11-28,862.3228149414062,269.82818603515625,270.0632019042969,167.83572387695312,719.3637084960938,219.34463500976562,374.24993896484375,156.82058715820312,148.898681640625,775.7061157226562,529.4990844726562,4454.46435546875,94.98896789550781,68.2816162109375,215.2032928466797,227.75271606445312,656.2157592773438,29.960784912109375,899.81103515625,3305.905517578125
2016-11-29,883.0036010742188,274.9488525390625,268.7635192871094,164.782470703125,714.9420166015625,219.4735107421875,371.51873779296875,155.0423583984375,147.95584106445312,773.1338500976562,540.1347045898438,4631.41357421875,94.20870971679688,67.90525817871094,217.6134490966797,226.98919677734375,648.2786865234375,30.133955001831055,890.8429565429688,3335.52294921875
2016-11-30,893.4591674804688,274.7371826171875,273.5174255371094,165.1112518310547,724.6438598632812,228.15106201171875,372.6455993652344,156.01535034179688,149.95068359375,790.4548950195312,539.7930908203125,4793.298828125,94.29540252685547,68.78341674804688,215.9448699951172,232.06436157226562,651.3065185546875,30.58343505859375,897.229248046875,3398.908447265625
2016-12-01,865.1326293945312,269.3203430175781,272.981689453125,160.9776153564453,728.1640625,222.6524200439453,372.6646728515625,156.68638610839844,147.8665313720703,793.6560668945312,528.4060668945312,4780.646484375,93.57295989990234,66.059326171875,217.62437438964844,229.63905334472656,662.0424194335938,30.181846618652344,892.2622680664062,3368.017578125
2016-12-02,833.535888671875,269.658935546875,271.1234130859375,158.53500366210938,713.8687133789062,222.95310974121094,368.42474365234375,153.33123779296875,143.61880493164062,778.50732421875,521.77880859375,4613.1640625,93.42845153808594,65.88011169433594,216.9700164794922,228.2467803955078,660.9873046875,29.9460506439209,875.8631591796875,3382.119140625
2016-12-05,863.7507934570312,276.5570068359375,272.7764587402344,163.93692016601562,725.4166870117188,224.11297607421875,367.3360595703125,156.04891967773438,144.859375,775.2487182617188,538.0623168945312,4735.90869140625,93.89082336425781,66.34606170654297,216.773681640625,230.7618865966797,654.3347778320312,30.469221115112305,861.73095703125,3379.383544921875
2016-12-06,860.5265502929688,278.3343505859375,272.34320068359375,164.782470703125,717.7753295898438,224.24183654785156,369.1886901855469,154.4719696044922,145.69305419921875,778.6787719726562,535.375,4674.23974609375,94.2665023803711,65.55753326416016,219.24929809570312,232.73805236816406,647.95751953125,30.833969116210938,860.2922973632812,3397.446533203125
2016-12-07,858.7305908203125,277.74188232421875,269.413330078125,164.4536590576172,715.8006591796875,222.26580810546875,369.1504821777344,152.45889282226562,145.76251220703125,773.9053955078125,538.381103515625,4657.35546875,94.29540252685547,65.39622497558594,217.92971801757812,229.5941619873047,609.2808837890625,30.351320266723633,849.3331298828125,3365.51806640625
2016-12-08,862.3690795898438,281.3813781738281,273.4946594238281,168.3524169921875,723.785400390625,225.74539184570312,376.1217346191406,156.5522003173828,148.6009521484375,781.4227294921875,550.7702026367188,4764.7177734375,94.23760986328125,66.54318237304688,222.48834228515625,233.4566650390625,620.0166625976562,31.780832290649414,865.5741577148438,3389.05224609375
2016-12-09,867.5275268554688,281.0004577636719,273.2210693359375,171.07688903808594,725.54541015625,230.64260864257812,377.9170227050781,158.46463012695312,147.92605590820312,778.7073364257812,541.2733764648438,4765.08154296875,94.81556701660156,66.11308288574219,224.4295654296875,239.51988220214844,617.5394287109375,31.725574493408203,865.3772583007812,3366.366455078125
2016-12-12,838.5103149414062,278.5882263183594,270.0632019042969,170.9359588623047,714.8560180664062,227.54965209960938,373.33319091796875,155.8811492919922,144.86927795410156,780.2794799804688,530.9111328125,4682.61328125,95.6247329711914,66.22061920166016,224.04783630371094,236.8251190185547,620.6590576171875,31.257667541503906,870.4822998046875,3265.81787109375
2016-12-13,835.2860107421875,279.3077087402344,270.4735412597656,166.23863220214844,713.611083984375,227.1630401611328,378.24163818359375,158.1291046142578,145.087646484375,786.4246826171875,531.7310791015625,4699.68115234375,95.2490463256836,66.39982604980469,226.79608154296875,239.0707244873047,627.9539184570312,31.029232025146484,867.3682250976562,3175.64453125
2016-12-14,842.2870483398438,273.04443359375,268.068115234375,165.3461456298828,705.5834350585938,223.855224609375,381.8896789550781,156.45152282714844,144.46237182617188,777.4210815429688,534.7142944335938,4679.56396484375,94.52660369873047,65.21700286865234,231.0929718017578,236.1514129638672,622.494384765625,30.782384872436523,870.2459106445312,3126.878662109375
2016-12-15,831.8316040039062,269.5318908691406,268.2732238769531,165.44007873535156,700.646484375,223.6404266357422,379.0629577636719,154.13644409179688,143.85696411132812,775.6489868164062,540.45361328125,4689.5771484375,92.59039306640625,65.71879577636719,229.66432189941406,238.39706420898438,596.3887329101562,30.896602630615234,890.6262817382812,3079.198486328125
2016-12-16,828.9759521484375,262.591552734375,269.5729064941406,159.89723205566406,701.419189453125,219.60238647460938,383.952392578125,151.8885040283203,142.73550415039062,777.7927856445312,537.9255981445312,4722.89208984375,92.47481536865234,65.88011169433594,230.58041381835938,237.81317138671875,594.0031127929688,30.509750366210938,899.8306274414062,2997.27783203125
2016-12-19,809.17041015625,258.57122802734375,268.3074645996094,158.91078186035156,695.2373657226562,220.89112854003906,383.76141357421875,152.3246612548828,142.84466552734375,768.8463745117188,536.1264038085938,4655.8984375,92.41699981689453,65.98762512207031,231.75820922851562,234.75914001464844,580.1474609375,30.237112045288086,902.2945556640625,2931.298583984375
2016-12-20,797.4715576171875,256.0743408203125,269.4817810058594,157.03189086914062,688.0682373046875,216.16571044921875,386.6263122558594,154.30419921875,142.58663940429688,774.8773193359375,536.8323974609375,4649.48095703125,93.5440444946289,65.21700286865234,230.7439727783203,228.65098571777344,576.15576171875,29.73236083984375,922.1622314453125,2967.047607421875
2016-12-21,797.3331909179688,255.35496520996094,269.04852294921875,158.58200073242188,684.1187133789062,217.58334350585938,382.57720947265625,151.85496520996094,142.8744659423828,767.1598510742188,542.2297973632812,4676.65234375,94.58438110351562,65.68296813964844,231.91090393066406,229.36959838867188,563.814208984375,29.806045532226562,912.0316772460938,3011.14404296875
2016-12-22,801.7088623046875,247.35658264160156,267.4752502441406,151.489013671875,675.7474975585938,217.32557678222656,376.14080810546875,152.6937255859375,141.55447387695312,751.5250854492188,539.1098022460938,4628.00048828125,92.76378631591797,65.14530181884766,229.7515411376953,224.38426208496094,558.9510498046875,28.899702072143555,909.7054443359375,2965.25537109375
2016-12-23,805.1172485351562,250.14968872070312,270.4735412597656,149.65704345703125,677.8511962890625,216.38050842285156,377.5732421875,150.78131103515625,141.27659606933594,764.55908203125,533.64404296875,4730.62890625,93.08167266845703,65.34247589111328,230.6131134033203,223.80039978027344,572.1185302734375,28.800228118896484,901.979248046875,2930.732666015625
2016-12-26,799.4058837890625,250.61521911621094,267.9084777832031,142.32920837402344,688.4116821289062,213.20162963867188,375.39593505859375,150.9826202392578,141.13763427734375,764.6445922851562,523.2135620117188,4703.50390625,92.44589233398438,64.08793640136719,228.4646759033203,219.35403442382812,560.8780517578125,28.00810432434082,903.9500732421875,2913.42431640625
2016-12-27,806.9596557617188,253.5775146484375,270.2341003417969,146.13404846191406,692.6617431640625,217.84109497070312,381.5841064453125,157.05543518066406,141.35597229003906,774.9344482421875,531.6626586914062,4755.0693359375,92.70600891113281,64.89442443847656,232.22715759277344,223.4410858154297,569.9161376953125,28.914443969726562,915.8944702148438,2977.375732421875
2016-12-28,806.6832275390625,253.49288940429688,270.5875549316406,144.30209350585938,695.7097778320312,216.29458618164062,381.41217041015625,157.99490356445312,141.53465270996094,771.7047119140625,534.78271484375,4761.66845703125,92.90827941894531,64.51803588867188,228.9554443359375,222.5428466796875,570.1456298828125,28.623382568359375,911.9525756835938,2980.15869140625
2016-12-29,810.6904296875,256.4552917480469,274.7942810058594,145.38246154785156,702.7500610351562,215.73614501953125,379.0629577636719,158.3639678955078,141.60411071777344,765.5593872070312,535.169921875,4837.71875,94.52660369873047,64.53596496582031,232.39076232910156,222.45301818847656,564.043701171875,28.91075897216797,927.050537109375,3033.639892578125
2016-12-30,820.823486328125,258.6981506347656,275.0223083496094,145.664306640625,709.4899291992188,219.34463500976562,386.0341796875,162.15530395507812,142.85459899902344,771.21875,539.6109008789062,4842.04248046875,95.22016143798828,65.77256774902344,236.08779907226562,224.7435760498047,578.0828247070312,28.8297061920166,932.51025390625,3065.710205078125
2017-01-02,833.3515625,263.226318359375,272.94744873046875,149.23428344726562,708.63134765625,216.46644592285156,382.4053039550781,161.68560791015625,141.88201904296875,777.2210693359375,560.1531372070312,4975.345703125,95.2490463256836,65.82633972167969,236.67672729492188,218.81507873535156,581.7989501953125,29.97183609008789,930.8550415039062,3179.983642578125
2017-01-03,825.93603515625,257.6824951171875,271.3057861328125,149.23428344726562,712.494873046875,218.57139587402344,379.6358642578125,163.2960662841797,141.27659606933594,781.565673828125,556.85107421875,5013.93896484375,95.6247329711914,67.4034423828125,237.61460876464844,219.98281860351562,583.68017578125,29.717618942260742,933.5745849609375,3137.867919921875
2017-01-04,835.1478881835938,265.6809387207031,270.30255126953125,149.28125,705.4117431640625,215.73614501953125,381.12567138671875,164.70523071289062,138.07095336914062,786.9391479492188,556.5776977539062,5008.25146484375,95.2779541015625,66.93748474121094,232.76156616210938,218.18630981445312,584.8271484375,29.87604522705078,938.0093383789062,3114.003662109375
2017-01-05,844.2677612304688,271.7748718261719,270.4621276855469,152.193603515625,715.3284301757812,221.02000427246094,380.5144958496094,165.57757568359375,138.7358856201172,795.9141845703125,559.0372924804688,5129.130859375,95.36465454101562,68.40705871582031,234.99722290039062,220.3870391845703,590.4243774414062,30.896602630615234,920.2310180664062,3190.83056640625
2017-01-06,856.2431030273438,270.6322326660156,272.1607666015625,151.019287109375,715.8434448242188,221.7932586669922,371.3851318359375,162.8599090576172,142.28887939453125,795.1423950195312,555.8943481445312,5111.47119140625,94.78667449951172,67.67227935791016,234.46282958984375,220.88107299804688,587.9468994140625,30.915021896362305,899.3380737304688,3134.14208984375
2017-01-09,838.3720092773438,269.1087341308594,272.51422119140625,148.4357452392578,713.5252685546875,222.26580810546875,370.6592712402344,164.97366333007812,140.78036499023438,789.25439453125,548.4017333984375,5150.56640625,94.23760986328125,66.86580657958984,235.06265258789062,221.9140625,579.9639282226562,31.095550537109375,908.128662109375,3104.99609375
2017-01-10,850.8079223632812,270.9284973144531,276.8805236816406,154.4483184814453,713.095947265625,223.55453491210938,370.73565673828125,167.0538330078125,141.4552459716797,793.170166015625,552.7286987304688,5165.4482421875,93.80412292480469,66.86580657958984,237.71278381347656,223.03689575195312,585.9281616210938,31.825042724609375,912.7211303710938,3093.2998046875
2017-01-11,860.9871826171875,273.1714172363281,281.3608703613281,164.35968017578125,722.49755859375,227.4207763671875,370.18182373046875,166.1144256591797,144.5814666748047,807.3757934570312,561.1552124023438,5245.09423828125,95.07563018798828,68.03070068359375,236.8839111328125,226.49514770507812,594.7830810546875,33.029815673828125,916.288818359375,3162.76904296875
2017-01-12,859.9738159179688,272.36737060546875,281.5888977050781,166.28558349609375,709.103515625,230.5567169189453,382.0042419433594,164.16844177246094,144.49215698242188,828.5269775390625,552.6832275390625,5258.74853515625,100.3929672241211,70.9698486328125,236.28411865234375,225.68673706054688,591.6173095703125,32.978240966796875,924.1533813476562,3162.203125
2017-01-13,859.6975708007812,271.01312255859375,281.01885986328125,161.8231201171875,710.8636474609375,230.29896545410156,372.7411193847656,167.52357482910156,144.45245361328125,822.4674072265625,554.7101440429688,5187.8857421875,98.83245849609375,70.66519165039062,237.83273315429688,225.3723602294922,599.1874389648438,32.88981246948242,886.68408203125,3131.264892578125
2017-01-16,861.5399169921875,269.658935546875,284.4731750488281,162.15194702148438,710.4773559570312,231.37289428710938,365.044189453125,166.95321655273438,145.13726806640625,824.7825927734375,551.5901489257812,5167.31396484375,98.63015747070312,71.47166442871094,234.74639892578125,229.72889709472656,590.4702758789062,33.78141784667969,890.3304443359375,3150.601318359375
2017-01-17,884.4775390625,269.5742492675781,282.386962890625,160.69578552246094,721.767578125,230.5996856689453,364.9485778808594,169.06695556640625,144.10511779785156,826.4691162109375,548.606689453125,5160.48828125,101.54890441894531,70.88026428222656,227.1123809814453,229.9534454345703,596.1593017578125,33.4719352722168,898.2935791015625,3188.377685546875
2017-01-18,887.42529296875,265.6809387207031,283.3217468261719,166.28558349609375,742.6311645507812,230.64260864257812,363.1915283203125,168.328857421875,145.11741638183594,830.2991333007812,553.2297973632812,5174.1875,99.8438949584961,71.13117218017578,225.21475219726562,232.06436157226562,596.3887329101562,34.51090621948242,904.73876953125,3302.88671875
2017-01-19,886.8265380859375,268.3893127441406,281.88531494140625,165.44007873535156,738.6387329101562,231.7165985107422,365.97998046875,170.5432586669922,144.54176330566406,828.5841674804688,551.4990234375,5205.0439453125,100.6530532836914,72.3319091796875,225.46560668945312,232.10923767089844,590.4243774414062,34.422481536865234,903.1226196289062,3264.96875
2017-01-20,890.9718017578125,271.309326171875,281.896728515625,161.2594757080078,738.767578125,226.3468017578125,362.3892822265625,171.38204956054688,143.5195770263672,808.747802734375,542.9586791992188,5160.078125,98.51457214355469,71.47166442871094,223.7424774169922,225.507080078125,588.6810302734375,33.490352630615234,900.895263671875,3274.58984375
2017-01-23,888.6687622070312,270.547607421875,283.7892150878906,170.70108032226562,740.44189453125,221.2777557373047,363.9173278808594,174.23390197753906,145.44493103027344,796.6287231445312,541.52392578125,5188.3408203125,98.02328491210938,71.75841522216797,221.5831756591797,228.2916717529297,581.4320678710938,34.02826690673828,911.9048461914062,3327.55322265625
2017-01-24,896.7293090820312,267.8815002441406,289.01055908203125,175.82118225097656,738.6815795898438,220.93406677246094,361.1860046386719,174.36813354492188,147.5489044189453,811.6345825195312,556.00830078125,5222.20166015625,99.61271667480469,72.8874740600586,224.0696563720703,228.96539306640625,588.5432739257812,34.20878982543945,916.5108642578125,3449.277587890625
2017-01-25,900.644287109375,263.5226135253906,294.2660827636719,179.20327758789062,746.2802734375,223.33975219726562,357.7672424316406,178.1594696044922,157.8407440185547,828.755615234375,566.5298461914062,5281.68505859375,99.03474426269531,72.79788208007812,221.88853454589844,232.827880859375,583.4505615234375,34.59564208984375,930.2088012695312,3471.49072265625
2017-01-27,893.1825561523438,274.017822265625,294.5624694824219,179.20327758789062,734.9039916992188,233.6926727294922,359.8872985839844,172.72410583496094,155.82603454589844,823.1248779296875,570.1282348632812,5384.8603515625,102.5892333984375,73.31759643554688,223.5897979736328,239.34024047851562,587.717529296875,34.58090591430664,932.106201171875,3477.055908203125
2017-01-30,896.4990234375,292.55364990234375,292.9778747558594,179.90786743164062,732.8433227539062,232.6616668701172,362.6375427246094,171.8517608642578,153.95030212402344,824.7825927734375,567.349853515625,5365.7919921875,101.54890441894531,73.72981262207031,227.8866729736328,237.09458923339844,591.6173095703125,34.04668426513672,922.2626953125,3484.22412109375
2017-01-31,894.196044921875,294.71197509765625,293.3655090332031,178.45169067382812,734.4318237304688,231.07220458984375,354.7114562988281,173.19378662109375,153.66249084472656,826.7549438476562,564.8446655273438,5365.154296875,99.61271667480469,74.26744079589844,227.9739227294922,233.86087036132812,579.459228515625,34.1203727722168,881.50439453125,3484.7431640625
2017-02-01,912.89599609375,292.08819580078125,297.70904541015625,186.8129425048828,733.2725219726562,241.42515563964844,350.1849365234375,180.977783203125,154.2381134033203,851.90771484375,593.2212524414062,5624.525390625,98.77465057373047,73.76565551757812,228.9445343017578,243.15782165527344,573.9994506835938,34.97145080566406,857.033203125,3565.201416015625
2017-02-02,911.0537109375,299.0285339355469,296.1129455566406,181.59890747070312,725.760009765625,245.54913330078125,357.4999084472656,184.06455993652344,152.9181365966797,844.04736328125,576.163330078125,5592.8037109375,99.7282943725586,73.10254669189453,227.6031036376953,245.4932403564453,588.5432739257812,35.14460372924805,872.7477416992188,3510.304931640625
2017-02-03,908.197998046875,299.45172119140625,298.92889404296875,180.14273071289062,729.5807495117188,241.89768981933594,357.5762939453125,183.2257843017578,151.9058380126953,846.4483642578125,574.2275390625,5566.49755859375,99.38152313232422,72.29605865478516,225.45469665527344,249.3108673095703,593.9113159179688,34.838809967041016,882.5913696289062,3525.349853515625
2017-02-06,914.2778930664062,300.6789245605469,299.6242980957031,178.59263610839844,738.8533935546875,249.4154052734375,357.25164794921875,185.7421417236328,152.18373107910156,848.2205200195312,576.59619140625,5597.67333984375,100.33515167236328,72.08101654052734,227.19961547851562,248.86175537109375,619.5120239257812,34.88302230834961,885.833251953125,3541.715087890625
2017-02-07,920.5418701171875,298.90155029296875,298.0396423339844,174.6468505859375,734.302978515625,247.52517700195312,359.92559814453125,185.94345092773438,153.5037078857422,857.65283203125,573.4305419921875,5655.47412109375,99.98838806152344,71.65087127685547,224.85488891601562,249.625244140625,614.41943359375,34.838809967041016,887.35498046875,3486.205078125
2017-02-08,919.068115234375,298.0975646972656,297.6976318359375,177.55921936035156,732.3281860351562,245.54913330078125,357.7291564941406,184.40008544921875,152.3623504638672,861.3970947265625,581.7886962890625,5638.5888671875,99.35260772705078,72.08101654052734,223.60069274902344,248.99652099609375,607.6292724609375,34.680389404296875,897.772216796875,3506.8623046875
2017-02-09,923.81201171875,300.6789245605469,295.8735656738281,172.5800323486328,730.4392700195312,244.86181640625,361.35797119140625,186.31253051757812,152.7692413330078,852.1648559570312,588.3475952148438,5604.41015625,97.2141342163086,72.45735931396484,225.2583770751953,247.78384399414062,601.4813232421875,33.88457489013672,916.0955810546875,3539.45068359375
2017-02-10,914.7844848632812,302.6257019042969,297.230224609375,171.02992248535156,730.568115234375,241.94064331054688,369.8761901855469,183.4270782470703,154.60533142089844,858.5960083007812,581.9480590820312,5563.58544921875,98.45677947998047,71.65087127685547,224.69129943847656,248.2329864501953,601.0684814453125,34.499855041503906,947.9788818359375,3548.36474609375
2017-02-13,907.138671875,303.0488586425781,298.73504638671875,173.80136108398438,740.3560791015625,241.9835968017578,376.0070495605469,181.5817413330078,157.43385314941406,857.5670776367188,591.5132446289062,5481.4365234375,99.69937896728516,72.77994537353516,224.62586975097656,244.0111846923828,600.7472534179688,34.824073791503906,954.4227294921875,3553.835205078125
2017-02-14,903.5,312.2744445800781,298.9402770996094,175.91514587402344,728.2071533203125,244.56114196777344,377.2867736816406,181.71595764160156,156.8681182861328,853.2510375976562,592.970703125,5406.66064453125,98.74575805664062,71.99138641357422,228.97723388671875,242.7086944580078,595.7923583984375,34.80934143066406,951.2598266601562,3495.30712890625
2017-02-15,904.3291015625,309.1851806640625,301.4710998535156,173.2846221923828,729.83837890625,241.21035766601562,375.0330810546875,183.46063232421875,155.67718505859375,846.0482788085938,592.5151977539062,5336.4365234375,99.22115325927734,72.20645904541016,229.304443359375,241.5858612060547,571.7055053710938,33.90299606323242,954.2052612304688,3469.368408203125
2017-02-16,893.4591674804688,309.5237121582031,302.7707824707031,176.3848876953125,726.447021484375,239.5349578857422,386.6071472167969,178.93116760253906,157.30482482910156,840.4746704101562,601.16943359375,5483.7578125,99.95484161376953,72.45861053466797,232.837890625,242.97817993164062,595.7923583984375,34.62879943847656,967.6658325195312,3503.419189453125
2017-02-17,885.0762329101562,312.7400207519531,313.97735595703125,172.5330352783203,722.2827758789062,243.14349365234375,382.0233459472656,179.93771362304688,158.09878540039062,844.90478515625,599.9395751953125,5452.08203125,99.63201141357422,72.96292114257812,234.58279418945312,241.94517517089844,619.8333129882812,34.499855041503906,951.9124755859375,3507.427978515625
2017-02-20,898.8479614257812,317.6913757324219,321.284912109375,172.20423889160156,733.6162109375,242.5850067138672,385.9005126953125,178.52854919433594,158.2079620361328,847.5631103515625,599.3929443359375,5546.2001953125,100.83523559570312,74.36778259277344,234.56100463867188,242.21466064453125,623.6412353515625,35.88883972167969,989.1917724609375,3543.412353515625
2017-02-21,913.3565673828125,307.11151123046875,322.7556457519531,171.40570068359375,740.7423706054688,244.68997192382812,387.1800842285156,176.58253479003906,158.3766632080078,847.9345703125,597.4345703125,5518.89306640625,101.24607849121094,74.25971221923828,237.35287475585938,243.15782165527344,617.7227172851562,36.176212310791016,974.6240234375,3555.3916015625
2017-02-22,939.8867797851562,305.54571533203125,319.016357421875,169.15097045898438,741.9443359375,245.84983825683594,378.2225646972656,176.78384399414062,157.96974182128906,844.3046875,597.2296142578125,5533.91162109375,97.84185791015625,72.62071990966797,263.3739929199219,244.59503173828125,615.107666015625,35.66777801513672,953.3355712890625,3563.3623046875
2017-02-23,929.4775390625,309.9892578125,317.9105224609375,171.07688903808594,736.878662109375,244.4322052001953,385.3657531738281,178.26016235351562,160.9669952392578,849.8211669921875,594.3372192382812,5489.62890625,97.13755798339844,71.73817443847656,257.9756164550781,242.93324279785156,618.96142578125,35.79304885864258,981.1272583007812,3571.19091796875
2017-02-27,922.9830932617188,301.05987548828125,317.7508544921875,169.80860900878906,743.919189453125,239.57794189453125,386.7218017578125,177.5555419921875,158.8927459716797,837.9593505859375,589.3268432617188,5417.26513671875,97.07884979248047,69.4327392578125,270.222900390625,240.9571075439453,618.8696899414062,35.41355895996094,984.3097534179688,3525.06640625
2017-02-28,943.4795532226562,309.0582275390625,316.9527893066406,173.19070434570312,743.4468383789062,237.43003845214844,386.7218017578125,175.945068359375,159.21034240722656,839.8743896484375,597.6622314453125,5390.869140625,95.640869140625,69.21660614013672,270.03741455078125,241.8104705810547,623.0447998046875,35.56830596923828,974.9798583984375,3560.296875
2017-03-01,951.355712890625,307.0268859863281,317.3062438964844,177.79409790039062,751.6892700195312,239.79273986816406,391.59210205078125,180.1725616455078,163.58706665039062,843.8473510742188,614.3329467773438,5388.2294921875,93.88008880615234,69.396728515625,269.2630920410156,244.10096740722656,637.4052124023438,36.868858337402344,980.2377319335938,3519.312744140625
2017-03-02,947.6710815429688,302.033203125,314.6727600097656,177.9819793701172,753.4064331054688,239.40611267089844,390.88543701171875,177.65618896484375,161.99916076660156,842.5897827148438,603.5152587890625,5387.455078125,91.53233337402344,68.35208129882812,269.7539367675781,240.10374450683594,620.4295654296875,36.448848724365234,988.8955078125,3601.09130859375
2017-03-03,933.8070068359375,301.4407043457031,313.9659118652344,186.5311279296875,753.10595703125,237.0863494873047,393.9031066894531,175.50889587402344,160.67916870117188,840.5316162109375,602.1715087890625,5359.23828125,91.62036895751953,68.74833679199219,274.5087890625,238.08267211914062,629.8809814453125,36.48201370239258,985.9698486328125,3585.95263671875
2017-03-06,948.269775390625,305.9688415527344,314.8209533691406,187.4705810546875,749.628662109375,237.77369689941406,394.9344787597656,177.22003173828125,162.55491638183594,849.24951171875,605.7015991210938,5402.10986328125,92.97032165527344,69.82899475097656,284.716552734375,242.39430236816406,626.7152099609375,36.30516815185547,977.4505004882812,3607.0341796875
2017-03-07,943.249267578125,305.6303405761719,316.0636291503906,180.8943328857422,748.72705078125,237.1293182373047,389.5484619140625,177.3206787109375,162.16787719726562,849.7068481445312,601.3516845703125,5359.92041015625,92.3833999633789,70.08114624023438,284.6293029785156,240.5528564453125,623.6412353515625,35.5167236328125,988.2429809570312,3571.945068359375
2017-03-08,941.9595947265625,305.29180908203125,317.43157958984375,178.68655395507812,748.0831909179688,235.75465393066406,384.96466064453125,177.25355529785156,163.73594665527344,843.93310546875,593.7451782226562,5337.75537109375,92.20731353759766,70.45935821533203,281.6302795410156,242.43919372558594,624.3294677734375,34.81302261352539,993.1451416015625,3587.69775390625
2017-03-09,949.8356323242188,304.86859130859375,317.88763427734375,177.74708557128906,747.224609375,234.98143005371094,386.39703369140625,177.79037475585938,163.8451385498047,844.2760620117188,593.92724609375,5429.00732421875,92.91163635253906,70.04512023925781,280.6596374511719,245.44834899902344,628.6880493164062,34.591957092285156,996.130126953125,3605.855224609375
2017-03-10,949.0525512695312,308.8466491699219,319.2328796386719,176.2439422607422,751.4317016601562,232.4468994140625,390.3315124511719,176.78384399414062,164.5299072265625,852.6795043945312,593.380615234375,5420.9970703125,92.20731353759766,69.36070251464844,279.5472412109375,244.37045288085938,626.6693115234375,34.46669387817383,1005.0245361328125,3633.7744140625
2017-03-14,986.9594116210938,305.6303405761719,321.6497802734375,178.8744659423828,784.530029296875,246.794921875,395.27825927734375,179.23313903808594,165.968994140625,890.6943969726562,603.970703125,5581.9267578125,93.67464447021484,69.75694274902344,281.2594299316406,246.7059326171875,649.8385620117188,34.82038879394531,1015.0065307617188,3771.958740234375
2017-03-15,980.1887817382812,307.4077453613281,322.9949951171875,179.29722595214844,773.1537475585938,244.9906768798828,386.5498352050781,179.97128295898438,167.5569305419922,885.4351806640625,602.8547973632812,5586.43212890625,93.1170654296875,69.50479125976562,284.6293029785156,249.13121032714844,647.6820678710938,35.299346923828125,987.6502075195312,3789.408447265625
2017-03-16,1001.8364868164062,305.24945068359375,323.166015625,186.71900939941406,778.0479736328125,244.4322052001953,393.0054016113281,180.13902282714844,168.99600219726562,898.0972900390625,601.647705078125,5602.908203125,94.64308166503906,70.27925872802734,283.0371398925781,250.88279724121094,652.2241821289062,36.817283630371094,996.5841674804688,3826.289306640625
2017-03-17,994.375244140625,293.5693359375,325.1040954589844,184.3233642578125,774.9138793945312,241.0814666748047,397.37908935546875,188.72824096679688,168.37075805664062,887.5217895507812,593.8817138671875,5636.72265625,93.88008880615234,69.8830337524414,283.7023620605469,246.25680541992188,649.1961059570312,37.00518035888672,998.5018310546875,3810.489990234375
2017-03-20,994.6054077148438,295.7275695800781,327.4411926269531,184.3233642578125,771.3936767578125,236.31312561035156,390.19775390625,189.16444396972656,169.6311492919922,879.0040283203125,592.21923828125,5606.04833984375,94.73113250732422,69.73895263671875,279.36187744140625,246.03224182128906,648.324462890625,36.59622573852539,980.4153442382812,3772.7607421875
2017-03-21,984.4722290039062,296.15081787109375,328.5470275878906,186.29624938964844,775.6866455078125,233.73562622070312,394.5333557128906,193.1905975341797,170.6136932373047,885.5209350585938,589.5773315429688,5530.86181640625,95.17132568359375,69.61286163330078,275.6538391113281,244.63995361328125,640.5249633789062,36.57780456542969,983.0640869140625,3780.306396484375
2017-03-22,974.4774169921875,286.24810791015625,326.25555419921875,181.69285583496094,776.9746704101562,227.67852783203125,392.5661315917969,187.788818359375,171.1396942138672,874.5452270507812,578.8508911132812,5466.69091796875,94.3496322631836,69.1986083984375,274.7596740722656,240.2834014892578,643.644775390625,35.966209411621094,980.0003051757812,3744.8876953125
2017-03-23,977.931884765625,286.5020446777344,326.25555419921875,181.9747314453125,774.441650390625,229.35389709472656,397.43646240234375,186.2789764404297,172.3207244873047,882.5770263671875,580.5360717773438,5493.087890625,96.49193572998047,69.54081726074219,277.72601318359375,241.181640625,645.2046508789062,36.5114860534668,972.6473388671875,3748.6611328125
2017-03-24,980.3731689453125,288.1947937011719,324.7620544433594,183.10206604003906,772.8963012695312,236.05535888671875,393.97955322265625,188.5605010986328,174.54383850097656,886.7500610351562,581.1053466796875,5465.6435546875,96.60929107666016,69.79297637939453,280.6596374511719,248.36770629882812,645.8928833007812,36.342010498046875,959.5422973632812,3748.378173828125
2017-03-27,960.7056884765625,286.6712951660156,321.4559326171875,177.27735900878906,771.6942138671875,234.68072509765625,393.0054016113281,188.9630889892578,172.9161834716797,882.5770263671875,576.52783203125,5448.486328125,95.87564086914062,70.18922424316406,272.88385009765625,251.01759338378906,634.2395629882812,35.1114501953125,953.552734375,3726.966064453125
2017-03-28,974.4774169921875,288.4063720703125,323.8158264160156,178.12290954589844,775.3861083984375,237.98849487304688,395.4119567871094,188.22500610351562,170.59384155273438,882.7769775390625,581.6519775390625,5437.97265625,96.78539276123047,70.85562133789062,271.7169494628906,253.39791870117188,641.0296020507812,35.384090423583984,960.6295166015625,3760.97021484375
2017-03-29,983.91943359375,291.87652587890625,325.7310791015625,180.61248779296875,783.4998779296875,242.45614624023438,394.1513977050781,190.03677368164062,170.22662353515625,889.808349609375,578.7597045898438,5410.57470703125,96.2278060913086,70.9096450805664,274.0943298339844,259.10186767578125,630.9820556640625,35.693572998046875,966.4208374023438,3772.3369140625
2017-03-30,985.76171875,297.2511291503906,334.3041687011719,178.78053283691406,789.2093505859375,241.725830078125,391.7257995605469,189.73483276367188,171.7252655029297,890.3228759765625,582.9500732421875,5421.9072265625,95.72891998291016,70.40534210205078,277.1479797363281,261.43731689453125,630.431396484375,35.18513870239258,964.9976806640625,3762.05517578125
2017-03-31,988.89404296875,296.2778015136719,328.9118347167969,183.2429962158203,782.8129272460938,237.859619140625,390.4843444824219,188.09078979492188,173.12461853027344,900.2982177734375,586.1613159179688,5475.70263671875,97.43099212646484,71.0717544555664,288.1082763671875,263.5481872558594,631.4407958984375,35.56830596923828,961.3607177734375,3758.56494140625
2017-04-03,1003.9552612304688,289.2950744628906,326.7799987792969,181.8807830810547,790.4544067382812,246.32237243652344,385.34661865234375,188.92958068847656,173.86898803710938,949.5177001953125,585.9790649414062,5526.9482421875,96.63865661621094,70.67552185058594,299.83197021484375,263.3236389160156,635.340576171875,35.800411224365234,953.4144897460938,3798.180908203125
2017-04-05,997.2308959960938,291.5803527832031,326.5861511230469,186.20228576660156,803.0753784179688,244.73292541503906,380.4381103515625,187.18484497070312,176.62799072265625,969.7828979492188,587.9149780273438,5773.07568359375,97.72449493408203,70.24325561523438,308.6329345703125,267.09637451171875,633.7807006835938,36.34937286376953,949.2835693359375,3849.58740234375
2017-04-06,1001.2379150390625,289.2950744628906,327.98834228515625,182.2095489501953,802.4745483398438,241.29627990722656,381.8323059082031,183.9303741455078,177.52122497558594,962.2083740234375,587.0723876953125,5726.8818359375,98.42881774902344,71.0357437133789,313.75860595703125,263.05419921875,630.2939453125,36.964656829833984,948.808837890625,3877.7900390625
2017-04-07,997.5993041992188,291.7496337890625,328.0682373046875,181.78680419921875,793.7597045898438,238.28919982910156,374.9375,182.95736694335938,173.30323791503906,963.523193359375,580.9915771484375,5697.4814453125,98.75160217285156,70.24325561523438,306.80072021484375,260.0000915527344,611.0703125,36.342010498046875,960.273681640625,3849.3515625
2017-04-10,975.7208251953125,292.59600830078125,326.99652099609375,183.2429962158203,795.0046997070312,238.5469512939453,364.1846618652344,183.56126403808594,174.14688110351562,956.977783203125,583.3829345703125,5706.12841796875,97.87123107910156,70.35130310058594,301.2933654785156,259.9103088378906,612.721923828125,36.50043487548828,957.5853881835938,3828.505859375
2017-04-11,987.97265625,296.40472412109375,328.21636962890625,184.5582275390625,793.0730590820312,243.70193481445312,369.4369812011719,189.2650604248047,174.88128662109375,974.6131591796875,583.7244873046875,5686.9677734375,98.01797485351562,71.73817443847656,299.3302917480469,264.53631591796875,615.1536865234375,35.966209411621094,956.4187622070312,3804.35888671875
2017-04-12,986.0841064453125,296.9125671386719,329.17401123046875,181.31707763671875,793.1157836914062,241.2532958984375,370.0863342285156,189.16444396972656,174.55377197265625,973.4125366210938,582.99560546875,5602.04296875,96.81474304199219,71.17981719970703,295.327880859375,260.6288757324219,626.9446411132812,35.177764892578125,946.1210327148438,3804.1708984375
2017-04-13,993.3157958984375,287.983154296875,328.39874267578125,172.15728759765625,793.2017822265625,242.97166442871094,355.7809143066406,187.319091796875,174.5736083984375,959.5501708984375,583.2461547851562,5532.3642578125,96.63865661621094,72.04434967041016,297.68353271484375,261.8863830566406,635.6616821289062,34.1572151184082,920.5822143554688,3791.201171875
2017-04-17,975.8592529296875,288.87188720703125,327.6007995605469,170.46621704101562,784.7876586914062,242.6279754638672,353.2981262207031,187.28553771972656,176.18138122558594,961.150634765625,578.1675415039062,5566.58935546875,93.4985580444336,72.87285614013672,303.5835266113281,260.40435791015625,621.2554931640625,34.07247543334961,915.1270141601562,3772.807861328125
2017-04-18,958.4488525390625,286.75592041015625,329.994873046875,172.6739501953125,783.6714477539062,243.48715209960938,352.4385986328125,187.25198364257812,175.00035095214844,954.3765869140625,575.3436279296875,5586.25048828125,94.9072036743164,72.89087677001953,298.8613586425781,260.76361083984375,610.3360595703125,33.15139389038086,912.7352905273438,3746.72705078125
2017-04-19,966.2327880859375,287.72930908203125,330.3824462890625,174.74081420898438,780.0654296875,241.03851318359375,351.1208190917969,187.01708984375,173.7994842529297,954.9769897460938,573.6581420898438,5640.68310546875,96.78539276123047,76.0788345336914,298.5559997558594,255.14955139160156,608.6845092773438,33.21403121948242,908.9202880859375,3716.16650390625
2017-04-20,975.3524780273438,290.0990905761719,333.3807678222656,175.16354370117188,786.2042236328125,234.3370361328125,354.2148132324219,187.55393981933594,176.4890594482422,961.0650024414062,579.2379150390625,5710.36181640625,96.08106994628906,75.2503433227539,298.7195739746094,255.82322692871094,601.8942260742188,33.48297882080078,919.337158203125,3779.316162109375
2017-04-21,981.4783935546875,290.1414794921875,341.23553466796875,176.7136688232422,778.2196044921875,231.2440643310547,352.8397216796875,184.09811401367188,174.75225830078125,964.6663208007812,573.0888671875,5630.533203125,98.13533020019531,74.06158447265625,305.9065246582031,253.4877471923828,586.8917236328125,33.221397399902344,913.52587890625,3752.5283203125
2017-04-24,985.6235961914062,291.70721435546875,349.5464782714844,179.25022888183594,776.6310424804688,230.81446838378906,353.9283447265625,185.70860290527344,177.79910278320312,990.5051879882812,576.0040283203125,5751.18505859375,97.75386047363281,73.79143524169922,309.1563720703125,256.946044921875,589.8738403320312,33.210350036621094,920.3651733398438,3906.464111328125
2017-04-25,1011.3712158203125,299.57867431640625,350.45849609375,180.09573364257812,793.33056640625,234.12222290039062,354.99786376953125,188.7617950439453,178.24569702148438,998.1654663085938,595.521484375,5768.3427734375,97.10820770263672,75.14227294921875,312.5153503417969,256.946044921875,589.5986328125,33.501407623291016,913.8026733398438,4001.58984375
2017-04-26,1017.589111328125,302.6257019042969,353.55938720703125,185.07492065429688,808.2269897460938,237.9025421142578,349.2299499511719,195.20372009277344,178.71218872070312,1001.1378784179688,616.1549072265625,5831.23974609375,97.19623565673828,74.09761810302734,308.9490966796875,257.3053283691406,589.8279418945312,33.43877410888672,913.3483276367188,3990.74267578125
2017-04-27,1018.2335205078125,302.92193603515625,357.652099609375,183.05508422851562,813.3355102539062,235.53985595703125,353.4317932128906,191.7814178466797,181.94760131835938,1009.9700317382812,609.0720825195312,5801.88525390625,96.31584167480469,74.83607482910156,307.43328857421875,253.35299682617188,584.5059204101562,32.85296630859375,910.3035888671875,3996.591064453125
2017-04-28,1032.14404296875,300.89056396484375,352.6131591796875,187.2826690673828,802.7321166992188,239.27723693847656,351.0252685546875,186.54736328125,179.0297393798828,1000.280517578125,608.3206787109375,5939.14892578125,96.55059814453125,74.92613983154297,304.3142395019531,260.2695617675781,589.0480346679688,33.10350036621094,898.6417236328125,4007.76904296875
2017-05-02,1024.4515380859375,294.2041015625,351.2679443359375,188.1282196044922,796.8507690429688,236.78565979003906,352.41949462890625,187.35263061523438,182.1956787109375,990.133544921875,610.7802124023438,6103.58203125,95.14197540283203,74.20568084716797,298.93768310546875,258.96710205078125,580.6521606445312,32.79401779174805,905.2635498046875,3967.256591796875
2017-05-03,1030.7159423828125,293.14617919921875,352.1116027832031,185.12191772460938,801.9164428710938,234.3370361328125,356.88873291015625,186.04412841796875,182.0071258544922,983.3596801757812,614.287353515625,6047.6025390625,95.14197540283203,76.02478790283203,298.8395690917969,260.31451416015625,577.0275268554688,32.48085403442383,924.001953125,4057.240966796875
2017-05-04,1043.3359375,292.8499450683594,349.94549560546875,180.80035400390625,821.40625,255.8590850830078,358.1683654785156,188.6947021484375,179.72447204589844,989.905029296875,608.0245361328125,6043.7802734375,95.46479034423828,75.8807144165039,296.1894226074219,268.6233825683594,579.459228515625,32.60243225097656,921.1558227539062,4078.747314453125
2017-05-05,1056.4171142578125,291.7919616699219,349.3526611328125,174.5529022216797,819.0021362304688,256.5035095214844,355.8192138671875,185.9769744873047,180.2901611328125,985.7603149414062,601.8070678710938,6056.84228515625,93.73334503173828,75.28634643554688,289.7113952636719,265.8836975097656,578.266357421875,31.9503173828125,917.360595703125,4084.171142578125
2017-05-08,1075.347412109375,297.33575439453125,349.94549560546875,173.0497589111328,819.8178100585938,260.2837829589844,361.1668701171875,183.15869140625,180.10162353515625,977.2999877929688,607.3184814453125,6035.3603515625,94.26155853271484,75.64655303955078,288.2173156738281,268.9377746582031,584.6436157226562,31.825042724609375,926.0379638671875,4175.0048828125
2017-05-09,1073.458984375,292.21514892578125,350.162109375,175.11659240722656,817.4137573242188,258.2647705078125,361.60626220703125,182.18565368652344,180.0023651123047,997.3364868164062,612.0099487304688,6034.22265625,94.64308166503906,75.05220794677734,290.16949462890625,266.33282470703125,587.5339965820312,31.942941665649414,930.0308837890625,4181.2763671875
2017-05-10,1067.0107421875,315.49072265625,353.82159423828125,175.7742462158203,855.4490356445312,256.58941650390625,360.4602966308594,183.82968139648438,184.1309814453125,994.2496337890625,626.927001953125,6132.9375,95.20067596435547,75.8266830444336,296.44024658203125,264.49139404296875,589.8279418945312,32.23400115966797,922.0847778320312,4119.63623046875
2017-05-11,1074.5184326171875,309.7776794433594,352.5903625488281,181.927734375,840.337890625,257.92108154296875,360.6321716308594,185.64149475097656,185.9471893310547,992.8776245117188,626.8131713867188,6155.4658203125,94.05613708496094,74.99818420410156,296.5384521484375,267.7699890136719,595.0123901367188,32.50664520263672,928.8051147460938,4162.03515625
2017-05-12,1043.65869140625,309.01593017578125,353.78741455078125,179.48513793945312,841.5828857421875,254.78517150878906,368.32916259765625,184.50076293945312,189.4902801513672,995.0211791992188,623.0325927734375,6126.06591796875,93.23442840576172,74.29573822021484,294.5535888671875,267.5903625488281,601.1144409179688,32.17874526977539,933.2332763671875,4154.34716796875
2017-05-15,1057.5684814453125,308.2118835449219,354.1864013671875,186.4371795654297,844.2015991210938,259.2957458496094,363.4779357910156,186.5138397216797,193.192138671875,996.0504150390625,626.5853271484375,6211.35400390625,93.76268005371094,74.45782470703125,293.1684875488281,270.7342834472656,600.5180053710938,33.60456848144531,934.99267578125,4185.80419921875
2017-05-16,1052.7786865234375,316.8450012207031,355.6114501953125,184.60520935058594,858.9263916015625,260.0260925292969,364.7958679199219,190.2045135498047,190.52243041992188,995.0784912109375,622.3494873046875,6329.73046875,93.88008880615234,74.70999908447266,295.8295593261719,276.213623046875,598.5910034179688,33.64140701293945,960.3134155273438,4230.56005859375
2017-05-17,1063.9244384765625,318.19921875,355.0414123535156,186.8129425048828,866.6534423828125,266.1260986328125,363.9554443359375,188.9966583251953,188.80548095703125,1003.5104370117188,628.0202026367188,6333.59912109375,93.26380157470703,75.21430206298828,295.1315612792969,276.3483581542969,597.2605590820312,36.393585205078125,970.6710205078125,4217.2138671875
2017-05-18,1060.6083984375,313.7980041503906,355.030029296875,182.2565155029297,850.2116088867188,264.57958984375,367.3742370605469,186.48028564453125,187.14808654785156,984.731689453125,616.2003784179688,6217.86279296875,92.6181640625,75.01619720458984,289.51513671875,272.1265869140625,600.0592041015625,35.829891204833984,1002.6329345703125,4094.640380859375
2017-05-19,1034.630859375,315.49072265625,355.9762268066406,179.43814086914062,865.4515991210938,263.8063659667969,365.9226989746094,192.04983520507812,186.05633544921875,985.8461303710938,607.3412475585938,6180.99755859375,93.38117980957031,74.11564636230469,287.6611633300781,276.6627502441406,599.3251953125,36.06937026977539,991.148681640625,4113.08154296875
2017-05-22,1024.866455078125,315.32147216796875,359.33935546875,178.73353576660156,874.5524291992188,261.0570373535156,367.2596130371094,203.72581481933594,186.83045959472656,1001.5094604492188,594.974853515625,6100.12451171875,92.85292053222656,72.94490814208984,288.817138671875,264.35662841796875,587.3963623046875,35.8409423828125,1000.715576171875,4027.24609375
2017-05-23,1012.2919921875,314.7713317871094,357.7661437988281,180.3776092529297,879.8757934570312,262.9472351074219,365.6744079589844,201.41079711914062,186.63198852539062,995.1069946289062,606.5897216796875,6261.3720703125,92.1192626953125,72.54867553710938,284.7601623535156,259.461181640625,563.4931030273438,36.13568115234375,996.9007568359375,4025.123779296875
2017-05-24,1005.1990966796875,311.7666320800781,357.23028564453125,175.7272186279297,891.251708984375,263.505615234375,364.71942138671875,201.24302673339844,185.8082733154297,962.9228515625,596.068115234375,6252.9970703125,91.82581329345703,72.00833129882812,283.0479736328125,254.34109497070312,553.7664794921875,35.61619567871094,1011.7059326171875,3935.375244140625
2017-05-25,1025.4652099609375,313.75567626953125,368.7218933105469,179.015380859375,895.8883056640625,272.95648193359375,375.60601806640625,201.3437042236328,189.85748291015625,1011.1705322265625,604.65380859375,6358.63037109375,91.76710510253906,71.6661376953125,284.0840148925781,260.583984375,542.8013305664062,35.715675354003906,1037.580322265625,3926.131103515625
2017-05-26,1043.197998046875,316.2101745605469,370.73974609375,186.3901824951172,893.7418212890625,276.2643127441406,380.34259033203125,207.41656494140625,191.5545654296875,1021.8888549804688,610.7346801757812,6430.6298828125,91.56168365478516,72.83685302734375,291.68536376953125,261.445068359375,520.8710327148438,37.708885192871094,1019.2569580078125,3918.5849609375
2017-05-29,1056.1866455078125,315.7870178222656,372.08502197265625,189.06765747070312,920.6153564453125,270.5508117675781,376.31268310546875,211.946044921875,192.24929809570312,1018.9165649414062,619.4798583984375,6494.0283203125,91.85514068603516,75.32237243652344,295.96038818359375,257.4116516113281,461.1816101074219,37.41045379638672,1017.1221313476562,3830.76953125
2017-05-30,1068.0699462890625,313.75567626953125,371.4351501464844,190.85267639160156,920.916015625,276.1354064941406,380.5336608886719,208.9934539794922,190.93927001953125,1010.4275512695312,619.9580688476562,6505.9072265625,94.64308166503906,73.5212631225586,296.49481201171875,261.8076171875,466.13665771484375,37.71625900268555,1008.5234375,3850.388916015625
2017-05-31,1060.47021484375,314.47509765625,373.06536865234375,188.55099487304688,916.10791015625,280.4742126464844,373.2186279296875,209.2283477783203,191.7530975341797,1006.5117797851562,645.3967895507812,6563.7060546875,94.02680969238281,74.90812683105469,292.4269104003906,261.30908203125,460.2640075683594,37.189395904541016,1006.7448120117188,3957.0693359375
2017-06-01,1068.990966796875,310.5394287109375,371.3325500488281,185.309814453125,940.44873046875,275.0184631347656,376.7479248046875,210.8388214111328,191.0782012939453,1024.8614501953125,649.1774291992188,6505.08740234375,94.29094696044922,74.800048828125,289.7113952636719,260.5386657714844,465.6319580078125,36.6330680847168,1009.511962890625,3960.041015625
2017-06-02,1072.537841796875,315.91400146484375,372.62078857421875,185.12191772460938,932.7644653320312,273.34307861328125,375.9916687011719,214.19395446777344,191.59429931640625,1019.8312377929688,646.102783203125,6476.05078125,95.43546295166016,74.24170684814453,288.9480285644531,260.17608642578125,472.4220886230469,36.24990463256836,1013.9789428710938,3999.892578125
2017-06-05,1070.004638671875,315.1944885253906,372.9172058105469,185.1688995361328,942.509521484375,274.7177734375,371.841796875,216.36334228515625,191.94163513183594,1031.778564453125,648.4713134765625,6486.0634765625,95.43546295166016,73.95352172851562,289.9513854980469,260.3573913574219,470.5410461425781,36.20199966430664,1029.4163818359375,3940.986572265625
2017-06-06,1062.2667236328125,312.3168029785156,373.69244384765625,183.61875915527344,937.1859741210938,274.0304260253906,379.8313293457031,212.00137329101562,191.8225555419922,1014.7720947265625,642.8916625976562,6473.68408203125,92.79425811767578,73.2871322631836,286.34149169921875,260.4027099609375,462.7414855957031,36.12831497192383,1065.8062744140625,3888.496337890625
2017-06-07,1069.9586181640625,315.5330810546875,374.1142578125,185.26284790039062,949.89306640625,278.97064208984375,372.83074951171875,212.81922912597656,192.26914978027344,1022.4609375,652.2064208984375,6558.88232421875,92.64752197265625,73.86347961425781,292.05615234375,263.34844970703125,469.39404296875,36.16884231567383,1033.8839111328125,3905.710205078125
2017-06-08,1053.192626953125,311.2165222167969,375.0148620605469,186.4371795654297,938.8602905273438,275.1044006347656,370.94976806640625,212.376220703125,194.29379272460938,1014.257568359375,645.6473999023438,6598.75,92.64752197265625,74.6919937133789,290.4638671875,261.58099365234375,485.2684326171875,36.76938247680664,996.8612060546875,3886.37353515625
2017-06-09,1064.6617431640625,311.3011169433594,380.0424499511719,189.91319274902344,940.44873046875,276.77972412109375,367.9051818847656,208.55941772460938,195.53431701660156,1016.5155639648438,649.8378295898438,6794.77001953125,92.6181640625,74.637939453125,291.3363952636719,261.5356750488281,481.4604187011719,37.36256408691406,991.0894165039062,3878.545166015625
2017-06-12,1060.0096435546875,309.1004943847656,380.487060546875,188.45700073242188,944.1407470703125,271.28106689453125,373.8197326660156,207.4689178466797,193.8670196533203,992.7344970703125,648.4031372070312,6711.755859375,92.7061996459961,74.2777328491211,287.7920227050781,258.272705078125,488.66351318359375,37.46204376220703,983.2619018554688,3815.8193359375
2017-06-13,1059.08837890625,307.4077453613281,382.2996826171875,188.45700073242188,946.8021850585938,270.5078125,371.4732666015625,208.04824829101562,193.37078857421875,994.1066284179688,645.7156982421875,6689.27294921875,93.909423828125,75.73663330078125,286.6795959472656,257.27569580078125,492.93023681640625,37.47677230834961,980.00390625,3831.24169921875
2017-06-14,1058.99609375,309.35443115234375,381.0456848144531,188.0342559814453,956.203857421875,274.1163330078125,371.78363037109375,204.36778259277344,192.15008544921875,1008.6553344726562,640.044921875,6691.1845703125,93.88008880615234,75.8266830444336,296.09130859375,257.5928955078125,495.0865478515625,37.03833770751953,987.4592895507812,3822.799560546875
2017-06-15,1057.4661865234375,309.1851806640625,379.4837646484375,184.6991729736328,947.8754272460938,272.1402587890625,369.2626647949219,205.7650146484375,191.06829833984375,992.0200805664062,632.0512084960938,6655.91259765625,93.35185241699219,75.77264404296875,301.8604431152344,257.4116516113281,499.1698913574219,37.030975341796875,963.8740844726562,3814.263671875
2017-06-16,1062.195556640625,308.8043212890625,380.60107421875,183.43084716796875,937.4009399414062,271.9254455566406,364.666748046875,209.10470581054688,195.04803466796875,987.0752563476562,631.891845703125,6611.857421875,94.26155853271484,75.62855529785156,302.9183044433594,259.1791076660156,485.5436706542969,36.98676300048828,959.2769775390625,3891.136962890625
2017-06-19,1070.31005859375,311.0472412109375,385.9934387207031,188.69190979003906,940.7063598632812,275.4480285644531,360.6331481933594,211.8991241455078,196.02061462402344,1003.7102661132812,632.3244018554688,6598.5224609375,94.46700286865234,76.5111083984375,307.3787536621094,261.8076171875,481.59808349609375,38.283634185791016,972.06884765625,3864.962158203125
2017-06-20,1065.9515380859375,310.2854919433594,384.5455322265625,189.7722625732422,938.4739990234375,278.56103515625,365.9465637207031,210.39964294433594,195.12744140625,1000.680908203125,632.8710327148438,6560.29345703125,93.2931137084961,75.03418731689453,308.0548400878906,262.9405822753906,480.63458251953125,38.48995590209961,977.3856201171875,3833.127685546875
2017-06-21,1071.4693603515625,310.8779602050781,387.3158874511719,184.65219116210938,964.5748291015625,277.275146484375,365.8689880371094,210.57003784179688,196.89402770996094,1002.7958374023438,631.8234252929688,6615.77197265625,93.7920150756836,74.09761810302734,310.1596984863281,263.6656799316406,484.4884033203125,38.14363098144531,961.91552734375,3788.08837890625
2017-06-22,1078.10009765625,309.9469299316406,387.1562805175781,180.00181579589844,947.76904296875,275.8464050292969,364.6278991699219,212.1717529296875,198.0750274658203,992.6203002929688,635.9912109375,6659.3720703125,93.2931137084961,72.87285614013672,312.48260498046875,266.9286193847656,494.3067321777344,37.9483642578125,957.3381958007812,3827.515869140625
2017-06-23,1069.8465576171875,309.9469299316406,382.7442932128906,177.27735900878906,951.1041259765625,277.9895324707031,365.83026123046875,211.96728515625,195.55419921875,984.7886352539062,626.8359375,6571.1240234375,92.64752197265625,74.20568084716797,313.18060302734375,261.89825439453125,498.986328125,37.37730026245117,944.0863647460938,3772.005859375
2017-06-27,1051.7628173828125,314.3904724121094,380.2362365722656,176.3848876953125,946.0794677734375,274.2271423339844,359.54718017578125,212.88735961914062,193.47996520996094,972.7840576171875,624.1484985351562,6538.53857421875,92.67684936523438,74.11564636230469,313.4640808105469,253.46888732910156,499.21588134765625,37.64625930786133,936.55126953125,3657.780029296875
2017-06-28,1028.5789794921875,319.2572021484375,379.9626159667969,178.35777282714844,944.2605590820312,276.5607604980469,358.6358337402344,210.16110229492188,192.97381591796875,973.669921875,617.6580200195312,6576.4951171875,93.70399475097656,74.78204345703125,305.0340270996094,250.52316284179688,500.5003356933594,38.36100769042969,939.4296264648438,3733.5693359375
2017-06-29,1024.3131103515625,323.70074462890625,381.7070007324219,180.56549072265625,942.6142578125,279.3230285644531,360.7689514160156,212.376220703125,188.23977661132812,973.8986206054688,617.4757080078125,6575.857421875,93.1170654296875,74.92613983154297,303.7689208984375,246.94300842285156,492.655029296875,39.42576599121094,932.7138061523438,3729.324462890625
2017-06-30,1022.8291625976562,321.3731384277344,379.1822204589844,179.39117431640625,935.2507934570312,276.3702392578125,362.8438720703125,220.58909606933594,189.70860290527344,964.7235717773438,614.2645263671875,6569.71435546875,93.2931137084961,75.84468841552734,300.9988708496094,248.03062438964844,509.90576171875,40.21421432495117,944.3463745117188,3734.370849609375
2017-07-03,1038.8721923828125,323.3621826171875,380.6856689453125,184.74612426757812,950.9743041992188,276.2749938964844,369.1850891113281,233.4365997314453,188.33901977539062,964.5236206054688,622.3949584960938,6693.86962890625,92.00187683105469,76.16889953613281,301.2278747558594,249.11831665039062,506.5107727050781,40.57159423828125,948.8433837890625,3771.8642578125
2017-07-04,1028.0224609375,321.0345764160156,379.4806213378906,186.3901824951172,942.6142578125,275.7510986328125,373.1604309082031,229.8583221435547,190.31398010253906,962.2940673828125,617.2479858398438,6714.03125,92.764892578125,75.89872741699219,310.1487731933594,247.4414520263672,506.9234313964844,40.34684753417969,946.14501953125,3790.91845703125
2017-07-05,1044.8077392578125,318.49542236328125,378.4248352050781,186.76597595214844,950.064453125,278.9420471191406,368.79730224609375,225.63267517089844,190.52243041992188,969.125244140625,630.8441772460938,6715.39697265625,93.3224868774414,75.6645736694336,314.6637878417969,249.16360473632812,505.27197265625,40.52370071411133,941.8079833984375,3855.906982421875
2017-07-06,1049.908203125,322.7273864746094,380.58233642578125,184.74612426757812,946.4262084960938,279.7992858886719,367.28466796875,229.7561798095703,190.17506408691406,970.4401245117188,626.767578125,6803.1435546875,92.764892578125,75.59254455566406,314.6419982910156,254.69248962402344,500.63800048828125,40.87002182006836,938.4304809570312,3874.205810546875
2017-07-07,1034.4212646484375,326.62066650390625,382.6595153808594,183.10206604003906,950.9304809570312,275.9416198730469,362.7856750488281,227.84776306152344,191.485107421875,974.3274536132812,626.7448120117188,6765.5966796875,93.35185241699219,75.44844055175781,325.2424011230469,253.8767852783203,503.7578125,40.77423095703125,932.1941528320312,3864.34912109375
2017-07-10,1045.82763671875,343.37921142578125,384.7596435546875,183.9475860595703,949.6748046875,277.6085205078125,371.182373046875,227.1662139892578,192.14013671875,990.1907958984375,622.8276977539062,6763.4580078125,93.93876647949219,76.13288116455078,325.6131896972656,258.8165283203125,517.2465209960938,41.21635055541992,973.368408203125,3909.971923828125
2017-07-11,1049.5372314453125,334.7037048339844,385.689208984375,188.50399780273438,958.5108642578125,275.89398193359375,378.2799072265625,225.18960571289062,190.30409240722656,995.3069458007812,633.1898803710938,6787.6240234375,95.8462905883789,76.34900665283203,325.94036865234375,257.0037841796875,517.3383178710938,41.032127380371094,989.6979370117188,3925.19482421875
2017-07-12,1051.3455810546875,336.1002502441406,385.88427734375,188.45700073242188,980.3414306640625,278.46575927734375,377.11639404296875,224.13319396972656,190.0061798095703,994.4208374023438,627.0635986328125,6805.51123046875,96.28648376464844,77.08746337890625,329.5937805175781,260.719970703125,516.0535888671875,41.19792556762695,975.1669921875,3963.016845703125
2017-07-13,1043.7412109375,342.08233642578125,386.4121398925781,192.30880737304688,982.9834594726562,283.752197265625,378.9392395019531,230.88076782226562,191.08860778808594,1019.9389038085938,630.14453125,6888.2509765625,96.19847106933594,77.48369598388672,334.6322326660156,261.7169189453125,522.3848266601562,41.55530548095703,977.945068359375,3970.0615234375
2017-07-14,1036.1832275390625,345.3492126464844,385.5859069824219,193.48313903808594,986.96875,284.0855712890625,377.00006103515625,229.79022216796875,194.08770751953125,1016.5538330078125,632.5125122070312,6878.87548828125,98.19404602050781,77.51972961425781,337.19342041015625,264.3001708984375,525.3671875,41.146339416503906,958.3775024414062,3992.943115234375
2017-07-17,1043.69482421875,346.5795593261719,386.1367492675781,196.48947143554688,998.793701171875,289.08624267578125,381.6541442871094,221.61143493652344,194.5842742919922,1016.5972290039062,636.6740112304688,6847.0625,98.92768859863281,78.06004333496094,341.15069580078125,265.569091796875,524.3578491210938,41.24951171875,957.577880859375,4110.99462890625
2017-07-18,1063.3084716796875,346.4522705078125,386.4121398925781,194.84539794921875,1003.038330078125,289.46722412109375,382.2552795410156,193.93984985351562,194.06787109375,1022.3693237304688,634.6278076171875,6871.68505859375,98.34077453613281,77.59176635742188,334.1485290527344,263.75628662109375,530.5973510742188,41.507408142089844,962.73486328125,4095.014892578125
2017-07-19,1071.8865966796875,357.4406433105469,388.4205322265625,200.52914428710938,1000.00634765625,287.8956298828125,380.025146484375,198.64266967773438,197.4641876220703,1025.3204345703125,635.6624145507812,6882.7431640625,98.48751068115234,78.76249694824219,337.017578125,265.8409423828125,540.5991821289062,42.08952331542969,979.2245483398438,3976.821533203125
2017-07-20,1071.608642578125,356.2103271484375,392.68963623046875,200.71705627441406,998.7503662109375,286.3240051269531,375.9916687011719,197.31362915039062,194.6438446044922,1029.0960693359375,640.743408203125,6818.5263671875,97.10820770263672,78.780517578125,336.1271667480469,263.71099853515625,534.084228515625,41.78953552246094,977.265380859375,3916.1650390625
2017-07-21,1072.1185302734375,348.9977722167969,390.88787841796875,201.56259155273438,1003.7315673828125,287.7050476074219,380.12213134765625,196.90463256835938,198.50692749023438,1023.5409545898438,637.3408203125,6865.90478515625,96.72669982910156,77.55574798583984,348.460693359375,263.4390563964844,528.487060546875,41.4932861328125,995.8536987304688,3949.21142578125
2017-07-24,1071.7938232421875,356.4223937988281,398.2440490722656,201.42166137695312,1004.3377685546875,288.6575927734375,384.175048828125,199.8694610595703,197.21591186523438,1022.4559936523438,638.6741943359375,6876.41748046875,96.28648376464844,78.07806396484375,355.1111755371094,266.97393798828125,523.7614135742188,41.13704299926758,1014.4945678710938,3968.926025390625
2017-07-25,1066.5543212890625,362.9985046386719,399.2883605957031,206.87057495117188,995.8912963867188,289.7053527832031,385.45489501953125,198.60855102539062,196.22283935546875,1016.250244140625,639.0651245117188,6831.17919921875,96.19847106933594,78.16812896728516,352.2311096191406,268.37884521484375,519.26513671875,41.47078323364258,1030.850341796875,3882.12548828125
2017-07-26,1051.6240234375,361.683349609375,401.10162353515625,208.1388397216797,1008.8426513671875,295.61090087890625,385.5325012207031,200.14212036132812,195.9447784423828,1024.408935546875,649.9629516601562,6886.1572265625,97.63642883300781,78.27620697021484,356.760009765625,268.1069030761719,531.7443237304688,42.4307746887207,1024.636474609375,3852.52978515625
2017-07-27,1065.348876953125,353.0283203125,410.7644958496094,207.8570098876953,1015.2095947265625,292.6105651855469,376.6122131347656,196.6660919189453,198.24871826171875,1025.9715576171875,642.9276733398438,6917.423828125,97.07884979248047,78.04206085205078,350.615234375,270.4181823730469,524.9542846679688,42.09328079223633,994.8518676757812,3822.792236328125
2017-07-28,1069.4755859375,350.69488525390625,408.205322265625,202.7838897705078,999.572998046875,282.0853576660156,386.81231689453125,198.71078491210938,201.1385955810547,1008.0479736328125,640.1686401367188,6945.5048828125,96.19847106933594,77.32160949707031,350.5382995605469,271.0979919433594,505.40948486328125,41.39203643798828,995.8944091796875,3805.0634765625
2017-07-31,1077.3116455078125,355.4890441894531,409.55950927734375,206.35385131835938,1001.2191772460938,288.22900390625,392.1839599609375,194.41693115234375,202.91619873046875,1036.2999267578125,645.2728271484375,7054.36865234375,96.3745346069336,80.4375228881836,355.1001281738281,283.2434387207031,487.837646484375,42.53202438354492,998.9007568359375,3835.982421875
2017-08-01,1064.7923583984375,353.8768615722656,412.4973449707031,212.08460998535156,1016.985595703125,288.22900390625,389.9927062988281,196.18896484375,201.65501403808594,1032.9151611328125,657.2052001953125,7150.89892578125,96.96148681640625,80.83375549316406,352.5499267578125,280.0711364746094,489.81048583984375,42.92952346801758,1002.8493041992188,3846.336669921875
2017-08-02,1061.361083984375,352.858642578125,411.2235107421875,214.3863067626953,1012.4808959960938,287.51458740234375,385.2610168457031,194.55323791503906,200.7810821533203,1021.4147338867188,650.4686279296875,7095.73876953125,100.86457824707031,79.8971939086914,358.1780090332031,278.892822265625,480.4051208496094,42.693275451660156,991.6851806640625,3864.869140625
2017-08-03,1062.844970703125,359.94378662109375,408.5381164550781,207.5751953125,1013.4772338867188,281.65667724609375,381.63470458984375,191.79290771484375,197.9011688232422,1019.6351928710938,651.3424072265625,7042.85498046875,101.27543640136719,80.31144714355469,362.7729187011719,272.4122314453125,473.3397216796875,41.94702911376953,997.95849609375,3861.9853515625
2017-08-04,1073.2313232421875,357.14361572265625,410.9022216796875,211.61489868164062,1032.708740234375,282.1805725097656,381.53778076171875,191.34986877441406,197.86143493652344,1020.5897827148438,652.0552368164062,7072.80078125,104.09272003173828,80.90582275390625,356.6280517578125,276.6722106933594,464.6684265136719,43.18826675415039,1011.32763671875,3859.101318359375
2017-08-07,1066.136962890625,354.2162780761719,410.5120544433594,213.8695831298828,1027.6845703125,285.8953552246094,375.5262145996094,190.7364501953125,198.19906616210938,1024.148681640625,644.1002197265625,7135.01513671875,102.39061737060547,81.39210510253906,355.3529968261719,282.065185546875,463.88848876953125,45.00324630737305,1003.5712890625,3829.411376953125
2017-08-08,1064.004150390625,354.5132141113281,408.0676574707031,220.6807403564453,1031.7557373046875,281.4661865234375,373.8197326660156,186.8515167236328,196.1731719970703,1016.5538330078125,643.7552490234375,7059.69287109375,100.4537353515625,80.29342651367188,352.31903076171875,275.2220153808594,459.1170959472656,46.23323059082031,1003.4104614257812,3835.79345703125
2017-08-09,1071.608642578125,353.0283203125,404.9805603027344,224.95529174804688,1026.861572265625,276.7988586425781,375.9528503417969,185.96548461914062,197.10667419433594,1001.5383911132812,640.2147827148438,6973.8583984375,101.92108154296875,79.9332275390625,351.49456787109375,273.9983825683594,435.2596740722656,45.37824249267578,1006.9987182617188,3780.1484375
2017-08-10,1067.4814453125,353.1980285644531,404.0624694824219,223.5930633544922,1014.1701049804688,275.0367736816406,380.568115234375,186.13587951660156,197.98060607910156,1004.8364868164062,637.8005981445312,6898.4453125,101.33412170410156,78.31220245361328,348.31781005859375,268.92266845703125,422.8262939453125,45.32573699951172,1006.7778930664062,3694.81298828125
2017-08-11,1060.8046875,351.75555419921875,401.4459228515625,207.6221466064453,998.6636962890625,273.3222351074219,383.06982421875,185.04537963867188,197.06695556640625,994.5133056640625,619.8673706054688,6787.98828125,99.1037826538086,78.85255432128906,339.9415588378906,253.9220733642578,412.9162902832031,44.7557487487793,1000.6044921875,3708.94873046875
2017-08-14,1070.17041015625,346.6643981933594,403.3164978027344,215.27879333496094,1001.1758422851562,277.9418640136719,380.6457824707031,184.87501525878906,195.16024780273438,1007.6481323242188,623.4080810546875,6925.47998046875,100.80591583251953,80.23941040039062,345.8335266113281,252.1546630859375,432.9197692871094,46.780723571777344,989.9212036132812,3744.832275390625
2017-08-16,1058.3934326171875,345.9855651855469,408.8365173339844,219.4594268798828,1027.7276611328125,280.9422607421875,378.2217712402344,190.29342651367188,198.7253875732422,1003.5625610351562,630.5123901367188,7009.85791015625,99.83743286132812,79.50094604492188,344.3055419921875,256.595947265625,445.67431640625,47.3394660949707,999.1209106445312,3726.677978515625
2017-08-17,1052.504638671875,353.2828674316406,405.1986389160156,216.35919189453125,1019.8877563476562,279.2278137207031,395.9266052246094,190.8386993408203,196.43141174316406,996.3143920898438,628.5811767578125,6901.8125,103.76990509033203,79.05066680908203,344.525390625,254.5565643310547,448.01416015625,46.904476165771484,996.4354248046875,3718.73486328125
2017-08-18,1057.187744140625,357.2285461425781,402.1574401855469,216.1243133544922,1041.458251953125,279.2278137207031,358.0735168457031,192.09959411621094,195.34893798828125,993.3268432617188,629.9606323242188,6916.6953125,101.77432250976562,80.31144714355469,346.35015869140625,252.60784912109375,431.4057922363281,46.9232177734375,1007.7197875976562,3795.75
2017-08-21,1052.0411376953125,355.65875244140625,400.1032409667969,211.2860565185547,1032.145751953125,279.5611572265625,338.7395935058594,191.92916870117188,192.56829833984375,990.2520751953125,633.9381103515625,6828.49462890625,100.9526138305664,79.35687255859375,343.93182373046875,248.93702697753906,422.5968322753906,46.615726470947266,1013.7328491210938,3789.65087890625
2017-08-22,1047.404296875,358.1618957519531,400.97540283203125,215.0438995361328,1039.206298828125,279.9898376464844,339.5152893066406,192.8152313232422,192.8165740966797,981.9934692382812,632.0987548828125,6823.21435546875,98.42881774902344,79.06869506835938,342.9754943847656,248.25723266601562,431.6810607910156,46.469478607177734,1001.2057495117188,3758.77880859375
2017-08-23,1058.3934326171875,366.47747802734375,406.8167419433594,216.9228515625,1029.287109375,284.4189758300781,346.2637023925781,192.5767059326172,194.66372680664062,987.660400390625,631.8917846679688,6893.25634765625,99.92548370361328,79.15873718261719,347.8121337890625,252.87973022460938,430.5340881347656,47.59446716308594,997.95849609375,3736.36962890625
2017-08-24,1053.107421875,367.3684387207031,404.532958984375,218.895751953125,1021.9669799804688,283.5617370605469,353.7684326171875,191.82693481445312,193.07476806640625,994.2933959960938,632.3287353515625,6998.7978515625,99.19181823730469,79.59100341796875,344.73419189453125,254.0580596923828,443.19683837890625,47.924461364746094,1000.8248291015625,3725.1171875
2017-08-28,1071.9326171875,368.5987854003906,404.47564697265625,219.4124298095703,1039.2926025390625,286.6097106933594,364.9576110839844,192.5084991455078,193.85931396484375,1000.6192016601562,631.363037109375,6967.677734375,101.71563720703125,78.20415496826172,344.4044189453125,253.19700622558594,452.5562744140625,47.68821334838867,997.0968017578125,3767.194091796875
2017-08-29,1068.0379638671875,363.2530517578125,400.78033447265625,213.54078674316406,1031.279296875,285.2762145996094,359.702392578125,191.00904846191406,191.5454559326172,992.8438110351562,633.1564331054688,6914.81494140625,98.83966827392578,77.55574798583984,336.8416442871094,251.06703186035156,442.0956115722656,47.26446533203125,990.5020751953125,3717.506103515625
2017-08-30,1069.568115234375,364.0166931152344,405.9216003417969,222.04295349121094,1043.278076171875,286.0382080078125,359.3920593261719,192.2018280029297,192.92581176757812,1001.2782592773438,624.5115966796875,6947.8662109375,98.57553100585938,77.66382598876953,343.8658447265625,250.70445251464844,444.3438415527344,47.89821243286133,995.9943237304688,3794.520751953125
2017-08-31,1083.6641845703125,362.9136047363281,407.7348327636719,223.5930633544922,1056.6617431640625,283.89508056640625,354.8543701171875,192.37220764160156,193.84938049316406,998.3350830078125,618.373046875,7079.193359375,99.04508209228516,78.97860717773438,350.54925537109375,251.74676513671875,441.499267578125,47.853214263916016,1000.724853515625,3782.559326171875
2017-09-01,1127.5743408203125,358.543701171875,405.7035217285156,228.99497985839844,1053.5433349609375,284.1331787109375,356.7935485839844,193.29234313964844,197.13648986816406,1000.8829345703125,619.6604614257812,7182.15966796875,98.75160217285156,77.98802185058594,353.9789123535156,251.83743286132812,446.1331481933594,48.83945083618164,984.7294921875,3781.802978515625
2017-09-04,1110.09375,353.3253173828125,401.8705139160156,227.773681640625,1037.0836181640625,282.99017333984375,349.1337585449219,192.95155334472656,194.2664794921875,993.3711547851562,610.785888671875,7190.61767578125,98.75160217285156,78.38426971435547,354.69342041015625,251.74676513671875,459.438232421875,48.49070358276367,984.6293334960938,3782.559326171875
2017-09-05,1118.718017578125,344.9248962402344,402.891845703125,228.29275512695312,1044.0572509765625,283.4664001464844,349.7930603027344,192.78115844726562,196.3122100830078,989.8567504882812,609.1075439453125,7186.6650390625,99.48529052734375,77.87995147705078,358.925537109375,250.65911865234375,451.31744384765625,48.906951904296875,995.9140014648438,3874.702880859375
2017-09-06,1118.43994140625,341.53082275390625,403.9362487792969,231.97337341308594,1045.0970458984375,281.3233337402344,347.3496398925781,187.907958984375,197.85150146484375,981.9054565429688,605.3829345703125,7213.7392578125,99.74940490722656,77.1955337524414,361.73956298828125,248.574462890625,435.1678771972656,48.97445297241211,983.4269409179688,3924.24951171875
2017-09-07,1111.577392578125,337.1184997558594,405.4626159667969,235.88995361328125,1047.1326904296875,278.7515563964844,347.4078674316406,184.29563903808594,197.32516479492188,992.0092163085938,616.1428833007812,7280.43701171875,101.12869262695312,77.7718734741211,359.7169494628906,248.52911376953125,440.8569641113281,48.959449768066406,986.1932373046875,3892.147705078125
2017-09-08,1116.4923095703125,342.37939453125,410.305419921875,235.512451171875,1046.093017578125,278.1324157714844,342.9670104980469,185.6247100830078,200.11572265625,1030.052001953125,595.6575927734375,7327.828125,99.73155975341797,76.76327514648438,359.1893615722656,246.35382080078125,432.5068664550781,49.15445327758789,990.4022827148438,3918.765869140625
2017-09-11,1148.115478515625,341.91265869140625,418.4994201660156,235.98434448242188,1056.7918701171875,276.98931884765625,340.79522705078125,186.47666931152344,199.9071807861328,1069.983642578125,588.6681518554688,7485.6337890625,101.3962631225586,78.90422821044922,359.6289978027344,245.5834197998047,428.92828369140625,49.69444274902344,983.927978515625,3947.2734375
2017-09-12,1165.086181640625,343.8218688964844,421.2192077636719,236.8336639404297,1082.69384765625,277.3703918457031,342.8699951171875,189.23699951171875,202.93609619140625,1080.8779296875,598.1176147460938,7496.7578125,101.27734375,78.79441833496094,362.2012939453125,247.84934997558594,443.5638427734375,51.2169303894043,997.5578002929688,3990.4375
2017-09-13,1163.78759765625,340.8096618652344,422.7455749511719,234.04962158203125,1083.6904296875,278.1324157714844,342.7538146972656,185.04537963867188,202.61827087402344,1074.815673828125,601.1524047851562,7467.4306640625,100.44499969482422,78.22716522216797,373.3036193847656,247.8040008544922,461.86981201171875,50.973182678222656,997.8582153320312,3956.96533203125
2017-09-14,1155.5340576171875,338.47613525390625,422.1832580566406,233.29464721679688,1081.004638671875,279.7516784667969,346.10858154296875,185.38613891601562,200.12567138671875,1066.77685546875,593.5194702148438,7419.30419921875,100.26667022705078,78.30036926269531,371.0391845703125,248.52911376953125,481.4145812988281,50.826927185058594,996.956298828125,3984.906005859375
2017-09-15,1155.0242919921875,336.0154724121094,424.37518310546875,233.8608856201172,1079.4024658203125,277.7514343261719,352.255859375,183.54592895507812,199.61917114257812,1065.1954345703125,595.1288452148438,7446.423828125,99.49374389648438,77.76969146728516,370.1378173828125,246.08192443847656,481.0933532714844,50.920677185058594,1004.6130981445312,3981.644775390625
2017-09-18,1164.71484375,336.5669860839844,427.0146789550781,235.4652557373047,1108.8992919921875,279.0849304199219,352.58551025390625,181.97833251953125,202.00257873535156,1087.6431884765625,595.4736328125,7499.837890625,99.88021850585938,78.81271362304688,371.78668212890625,245.0849151611328,481.32427978515625,50.46693801879883,1001.8070678710938,3979.98974609375
2017-09-19,1162.2576904296875,334.9971923828125,424.5473327636719,232.634033203125,1108.2498779296875,280.65655517578125,353.8072509765625,182.55764770507812,205.43862915039062,1077.05615234375,595.358642578125,7475.79736328125,100.4747314453125,78.99571990966797,368.7307434082031,242.72828674316406,476.4745788574219,50.729434967041016,1001.4865112304688,3956.350830078125
2017-09-20,1147.419677734375,336.7366943359375,424.3521728515625,230.36900329589844,1090.96728515625,276.7512512207031,353.981689453125,185.07943725585938,203.22406005859375,1085.8858642578125,594.301025390625,7465.1787109375,99.76129913330078,77.91607666015625,372.4902038574219,244.76763916015625,466.9598693847656,51.573177337646484,999.60205078125,3980.414794921875
2017-09-21,1139.815185546875,339.4943542480469,422.1143798828125,230.793701171875,1088.6715087890625,271.4172668457031,352.760009765625,183.71632385253906,204.40582275390625,1078.9449462890625,593.84130859375,7487.97802734375,99.99913787841797,77.4220199584961,369.9399108886719,243.36276245117188,480.03106689453125,51.531917572021484,1012.169677734375,3939.188720703125
2017-09-22,1125.1168212890625,335.46392822265625,418.6715393066406,217.91152954101562,1073.51123046875,263.9400329589844,348.396728515625,182.9665985107422,202.96588134765625,1040.946044921875,591.8640747070312,7417.41943359375,98.6911392211914,76.69005584716797,359.4091491699219,237.33535766601562,474.6731872558594,49.04945373535156,1003.631103515625,3781.802978515625
2017-09-25,1110.0008544921875,330.7121887207031,413.0826721191406,216.21278381347656,1080.3983154296875,266.2260437011719,347.25274658203125,178.74085998535156,198.51686096191406,1023.7261352539062,579.3797607421875,7322.49755859375,98.83977508544922,76.90965270996094,361.23388671875,234.52557373046875,467.3755798339844,47.980716705322266,1006.4974365234375,3689.328857421875
2017-09-26,1088.71826171875,328.6756591796875,411.3726806640625,221.40341186523438,1054.5830078125,269.32171630859375,351.34442138671875,178.877197265625,197.4244842529297,1021.7055053710938,573.4710693359375,7253.5009765625,99.2559585571289,77.12922668457031,360.5963134765625,234.07240295410156,468.8997802734375,49.05694580078125,992.025634765625,3701.478759765625
2017-09-27,1075.7352294921875,327.4877624511719,407.7463073730469,220.50685119628906,1044.663818359375,263.27325439453125,348.9786071777344,176.1850128173828,194.56439208984375,999.1258544921875,566.504638671875,7115.64599609375,98.09663391113281,76.1777114868164,351.3846740722656,226.9573211669922,456.9832763671875,48.70070266723633,1000.1836547851562,3591.653564453125
2017-09-28,1047.914306640625,324.1785583496094,412.06134033203125,225.03683471679688,1041.9783935546875,262.84466552734375,347.5048828125,178.2637939453125,199.65892028808594,995.7432250976562,565.8379516601562,7260.3505859375,98.72086334228516,76.48877716064453,345.8005676269531,228.9060516357422,461.14019775390625,48.726951599121094,992.7471923828125,3658.031005859375
2017-09-29,1049.490966796875,330.45758056640625,414.4483337402344,227.06590270996094,1016.9421997070312,263.4637756347656,349.0174255371094,176.04872131347656,199.0630645751953,1003.3869018554688,576.73583984375,7334.67822265625,99.55320739746094,77.2207260131836,343.3602294921875,230.08433532714844,464.88140869140625,48.940704345703125,976.5119018554688,3644.32080078125
2017-10-03,1065.348876953125,326.3846740722656,415.17132568359375,228.00962829589844,1027.7276611328125,265.17828369140625,350.4329833984375,178.1615447998047,199.91709899902344,997.1051635742188,581.3570556640625,7252.029296875,100.11801147460938,75.44573974609375,351.0329284667969,227.77305603027344,464.3270568847656,49.559444427490234,981.5227661132812,3682.899169921875
2017-10-04,1070.2174072265625,320.0207214355469,412.4514465332031,228.29275512695312,1037.38671875,262.9875183105469,348.9010009765625,182.25096130371094,204.4654083251953,1000.09228515625,592.5997314453125,7214.2451171875,99.9099349975586,76.50707244873047,360.0467529296875,229.4951629638672,478.41448974609375,49.424442291259766,979.057373046875,3661.624267578125
2017-10-05,1069.4755859375,320.48748779296875,412.8186950683594,227.2074737548828,1028.8538818359375,258.8917541503906,350.2390441894531,180.7855682373047,205.13076782226562,994.6012573242188,598.1176147460938,7199.39697265625,101.72322082519531,75.00657653808594,362.37713623046875,228.04498291015625,474.6270446777344,49.57444763183594,973.9660034179688,3682.33154296875
2017-10-06,1073.2313232421875,324.390625,413.1629943847656,236.78651428222656,1045.876708984375,259.03460693359375,356.87109375,181.3989715576172,206.46148681640625,1003.167236328125,599.1522827148438,7265.72802734375,104.66612243652344,74.93339538574219,368.04925537109375,232.7128143310547,489.7767333984375,51.85816955566406,980.8011474609375,3716.843994140625
2017-10-09,1074.436767578125,321.54803466796875,412.1072692871094,235.4652557373047,1057.0950927734375,258.8440856933594,358.3255310058594,182.65989685058594,208.5370635986328,1002.42041015625,600.0028686523438,7259.75244140625,103.982421875,73.54266357421875,365.2351989746094,232.80343627929688,490.88519287109375,52.29316329956055,983.7877807617188,3741.853759765625
2017-10-10,1078.51708984375,326.34222412109375,413.7597961425781,237.87184143066406,1047.522705078125,256.9866943359375,362.8050842285156,181.43307495117188,209.6691436767578,1003.9579467773438,600.117919921875,7256.994140625,104.3391342163086,74.93339538574219,370.7533874511719,232.89410400390625,487.00543212890625,51.80942153930664,985.852294921875,3754.5712890625
2017-10-11,1076.2913818359375,342.4217529296875,410.8792724609375,235.4652557373047,1055.189208984375,254.8912353515625,360.9629211425781,180.8878173828125,207.3255157470703,996.1824340820312,606.7163696289062,7193.97265625,103.95269012451172,74.2380142211914,369.41229248046875,228.18093872070312,485.9430847167969,51.17192459106445,1002.3282470703125,3736.038330078125
2017-10-12,1074.6220703125,339.6216735839844,417.455078125,249.57435607910156,1075.070556640625,254.84353637695312,359.6441955566406,181.97833251953125,210.0564727783203,1004.7926025390625,615.315185546875,7266.693359375,105.05256652832031,74.03673553466797,383.7464599609375,227.6824188232422,498.4137878417969,51.86941909790039,1021.510009765625,3706.34814453125
2017-10-13,1088.949951171875,365.62890625,424.7998352050781,251.6033477783203,1081.654541015625,258.41546630859375,360.7301330566406,181.26271057128906,214.9722137451172,1000.3997192382812,609.4063720703125,7239.02099609375,104.54723358154297,75.26276397705078,385.3733215332031,228.49815368652344,493.93359375,53.313148498535156,1025.67919921875,3786.90869140625
2017-10-16,1085.9825439453125,384.6358642578125,426.2572937011719,256.1333312988281,1109.9825439453125,261.2253723144531,364.1819763183594,182.31907653808594,215.0019989013672,1005.715087890625,629.31689453125,7209.46484375,104.30941009521484,75.29937744140625,385.5272521972656,228.4528350830078,506.1734619140625,53.62065124511719,1036.021484375,3786.199951171875
2017-10-17,1110.1865234375,395.36968994140625,424.903076171875,260.94647216796875,1110.7186279296875,260.8919677734375,360.88525390625,182.14871215820312,214.22738647460938,1009.2734985351562,631.5009155273438,7206.6142578125,104.57695770263672,74.98828125,384.449951171875,227.6370849609375,505.4806213378906,53.43690490722656,1040.0909423828125,3866.71337890625
2017-10-18,1093.957763671875,391.97552490234375,428.8623046875,259.8139343261719,1094.9521484375,250.65248107910156,358.50006103515625,184.26158142089844,217.66342163085938,1002.81591796875,630.21337890625,7156.1884765625,105.85518646240234,78.15396881103516,402.1039123535156,220.92991638183594,499.014404296875,53.219398498535156,1036.9041748046875,3869.360595703125
2017-10-19,1092.8912353515625,401.9881896972656,424.24896240234375,258.49273681640625,1089.5377197265625,245.60423278808594,359.5084228515625,183.78448486328125,214.05857849121094,1001.3660278320312,632.6044921875,7107.50927734375,104.07161712646484,77.09263610839844,400.0812683105469,220.0235137939453,494.903564453125,52.91190719604492,1035.8212890625,3814.6611328125
2017-10-23,1088.857177734375,422.0132751464844,427.6688537597656,256.605224609375,1082.823974609375,250.0810089111328,364.3758544921875,182.01239013671875,210.8409881591797,997.8518676757812,628.6040649414062,7187.85986328125,105.20120239257812,78.15396881103516,413.2062072753906,222.92391967773438,499.1990051269531,53.39939880371094,1037.4248046875,3976.065185546875
2017-10-24,1134.06591796875,426.0013732910156,428.541015625,253.72679138183594,1100.236572265625,253.8910369873047,359.3338928222656,181.97833251953125,211.6652374267578,1003.8260498046875,621.0628662109375,7239.8017578125,107.9954605102539,78.70293426513672,410.7879333496094,230.6281280517578,493.7950744628906,53.946903228759766,1033.6163330078125,3996.91455078125
2017-10-25,1114.40576171875,437.6261291503906,412.015380859375,251.74488830566406,1102.3155517578125,291.1817932128906,362.7469482421875,183.51185607910156,200.71156311035156,1057.99072265625,627.5234375,7235.3896484375,109.00617980957031,79.08719635009766,413.2722473144531,294.4825439453125,483.3565673828125,53.81939697265625,1028.993896484375,4217.369140625
2017-10-26,1104.622314453125,433.8502197265625,412.0727844238281,257.54901123046875,1103.3984375,285.0380859375,367.4203796386719,182.9324951171875,202.37002563476562,1074.94775390625,631.3170166015625,7417.2802734375,109.77903747558594,77.5866928100586,416.5699157714844,290.4944763183594,489.73052978515625,54.68938446044922,1020.532470703125,4239.73046875
2017-10-27,1098.501953125,411.78857421875,411.0858459472656,254.85931396484375,1091.66015625,286.8478698730469,367.0325927734375,183.58001708984375,204.3760528564453,1075.9578857421875,638.0994262695312,7459.9384765625,108.17384338378906,77.49520111083984,408.8532409667969,281.92919921875,507.9747314453125,54.50938415527344,1038.8021240234375,4198.0791015625
2017-10-30,1096.6470947265625,418.2373962402344,416.5829162597656,257.83209228515625,1069.1798095703125,286.2763366699219,366.159912109375,180.7174072265625,204.35617065429688,1086.764404296875,632.144775390625,7534.220703125,108.56025695800781,77.73309326171875,414.4154357910156,282.79022216796875,510.9307861328125,53.86813735961914,1051.624755859375,4228.71484375
2017-10-31,1097.5301513671875,421.885986328125,415.09100341796875,252.35833740234375,1071.9952392578125,285.8476867675781,362.5222473144531,181.09225463867188,203.5915069580078,1073.893310546875,618.373046875,7548.93017578125,107.75767517089844,77.53180694580078,413.6899108886719,277.1706848144531,510.7459716796875,52.78440856933594,1054.7598876953125,4161.390625
2017-11-01,1092.9754638671875,457.4391174316406,418.0058898925781,259.8139343261719,1096.8887939453125,298.5160827636719,364.56719970703125,183.92079162597656,203.4524688720703,1067.7431640625,621.10888671875,7573.89111328125,107.46040344238281,76.98284149169922,418.8343505859375,289.9053955078125,506.8662109375,53.046897888183594,1046.258544921875,4185.2666015625
2017-11-02,1095.2529296875,460.91815185546875,418.21246337890625,255.56715393066406,1082.501953125,301.6117248535156,362.93524169921875,181.05819702148438,202.49911499023438,1063.921142578125,614.0276489257812,7562.306640625,107.16313934326172,78.75782775878906,416.2181396484375,284.9202575683594,520.4915161132812,52.956905364990234,1055.6243896484375,4159.59521484375
2017-11-03,1089.722412109375,459.26348876953125,420.1863708496094,253.77398681640625,1080.7581787109375,300.8973388671875,364.409912109375,180.8878173828125,201.69471740722656,1085.0513916015625,611.9122924804688,7556.42333984375,108.17384338378906,76.87303924560547,415.6465148925781,294.57318115234375,509.22186279296875,53.16690444946289,1053.1925048828125,4136.85546875
2017-11-06,1080.33544921875,451.88134765625,419.7043762207031,257.5961608886719,1081.7174072265625,301.08782958984375,365.2161560058594,180.5470428466797,200.55267333984375,1076.0018310546875,628.1902465820312,7639.8984375,106.568603515625,77.11093139648438,410.0184326171875,298.19873046875,499.93798828125,53.0094108581543,1071.4615478515625,4186.63818359375
2017-11-07,1060.9100341796875,436.4382019042969,418.5797424316406,251.88645935058594,1076.13671875,297.6112060546875,375.75537109375,180.8196563720703,201.25778198242188,1064.0091552734375,622.4883422851562,7557.25,106.06326293945312,75.99470520019531,398.6741638183594,287.50347900390625,487.3748779296875,51.98941421508789,1089.34912109375,4135.29541015625
2017-11-08,1089.4901123046875,420.27386474609375,419.09613037109375,248.25302124023438,1077.09619140625,290.9912414550781,374.4969482421875,180.8878173828125,200.88038635253906,1070.2911376953125,628.5811767578125,7568.00634765625,104.8445053100586,76.1777114868164,390.36395263671875,280.5696105957031,496.7972717285156,51.98566818237305,1099.3779296875,4132.60107421875
2017-11-09,1111.2393798828125,427.8681335449219,419.5322570800781,248.48898315429688,1092.4420166015625,296.5157775878906,375.36212158203125,177.24143981933594,199.6787872314453,1068.2703857421875,625.9600830078125,7543.00048828125,105.85518646240234,76.12281036376953,395.94805908203125,284.3310852050781,493.1945495605469,52.75440979003906,1099.941162109375,4125.74560546875
2017-11-10,1095.4385986328125,427.1893005371094,418.1895751953125,249.1968231201172,1125.357421875,303.3739013671875,378.3311462402344,178.36602783203125,197.3052978515625,1111.3648681640625,640.5134887695312,7523.41845703125,104.96339416503906,77.34883117675781,388.6271057128906,302.32269287109375,487.6057434082031,52.66815948486328,1088.82666015625,4208.48046875
2017-11-13,1092.0460205078125,422.5648498535156,416.2501220703125,246.22401428222656,1115.6351318359375,299.3257141113281,374.35931396484375,176.04872131347656,197.56349182128906,1089.9276123046875,648.9053344726562,7455.11181640625,105.20120239257812,77.2207260131836,384.84576416015625,300.0567932128906,491.9475402832031,51.82817459106445,1109.00537109375,4111.84521484375
2017-11-14,1073.5504150390625,422.6921081542969,413.6794738769531,246.31834411621094,1119.47216796875,299.1828308105469,373.2384948730469,174.85595703125,198.45729064941406,1063.26220703125,657.3660888671875,7467.75341796875,105.26065826416016,75.73851013183594,389.8802490234375,298.289306640625,485.9430847167969,51.41192626953125,1091.17822265625,4123.9013671875
2017-11-15,1098.1805419921875,413.01898193359375,413.19744873046875,237.68307495117188,1102.992431640625,300.5163269042969,374.3003234863281,172.640869140625,200.9002685546875,1062.647216796875,650.7677001953125,7471.7060546875,103.56625366210938,75.7568359375,388.5611877441406,294.52789306640625,466.17462158203125,50.8306770324707,1087.4398193359375,4072.17919921875
2017-11-16,1096.32177734375,415.6917724609375,414.9073486328125,240.3727569580078,1113.0196533203125,303.8025207519531,388.6934509277344,173.86766052246094,202.08201599121094,1071.2576904296875,650.1698608398438,7505.21533203125,104.9039306640625,76.23258972167969,397.42108154296875,302.186767578125,469.77734375,51.475677490234375,1104.0609130859375,4040.409912109375
2017-11-17,1088.654052734375,418.7464904785156,419.00439453125,244.289306640625,1114.458251953125,309.6604309082031,381.8312072753906,175.84420776367188,203.22406005859375,1074.3326416015625,651.4573974609375,7674.97216796875,105.55791473388672,76.34239959716797,400.960693359375,305.9029541015625,477.6754455566406,52.58941650390625,1088.2437744140625,4034.688720703125
2017-11-20,1084.0528564453125,418.02520751953125,421.8963317871094,246.74305725097656,1111.2757568359375,303.4214782714844,377.7413024902344,176.662109375,206.67005920410156,1080.4827880859375,647.4338989257812,7746.0380859375,107.28203582763672,76.41558074951172,404.8959655761719,301.8242492675781,477.7216491699219,52.6606559753418,1086.6962890625,3953.6083984375
2017-11-21,1078.4300537109375,427.01959228515625,423.7554931640625,246.74305725097656,1113.760986328125,304.70733642578125,379.9828186035156,174.34478759765625,204.54486083984375,1074.2008056640625,651.1124877929688,7745.255859375,108.76835632324219,75.61044311523438,410.0404052734375,299.6942138671875,497.02813720703125,53.35065460205078,1074.43603515625,3936.683349609375
2017-11-22,1091.442138671875,423.4981994628906,425.8211364746094,243.25115966796875,1107.7445068359375,303.7548522949219,380.0024719238281,175.9464569091797,203.82984924316406,1074.24462890625,657.3201293945312,7826.4794921875,108.11441040039062,75.7751235961914,409.24896240234375,303.9089050292969,494.44171142578125,53.32815170288086,1077.531494140625,4000.034423828125
2017-11-23,1077.7791748046875,421.164794921875,422.9751281738281,240.89183044433594,1105.1722412109375,304.27874755859375,389.8142395019531,175.9464569091797,203.00558471679688,1068.3140869140625,652.3310546875,7780.74169921875,107.2523193359375,76.50707244873047,416.39404296875,303.5916442871094,503.2173767089844,53.451908111572266,1077.7724609375,3957.24951171875
2017-11-24,1077.7791748046875,421.5466613769531,424.9374694824219,237.49432373046875,1103.8209228515625,302.1356201171875,397.0107727050781,177.71852111816406,204.6441650390625,1070.5548095703125,659.4353637695312,7803.3125,107.1928482055664,77.2939224243164,418.19677734375,301.2803649902344,507.60516357421875,53.133155822753906,1080.5062255859375,4010.341064453125
2017-11-27,1074.8980712890625,422.5648498535156,426.34906005859375,235.6068115234375,1098.8944091796875,301.9450988769531,392.76361083984375,176.69618225097656,205.85574340820312,1076.045654296875,658.0098266601562,7822.29541015625,110.78972625732422,76.90965270996094,418.3067626953125,304.22613525390625,509.4989318847656,52.6906623840332,1079.6214599609375,4039.369384765625
2017-11-28,1088.3748779296875,417.47369384765625,428.1393127441406,236.55055236816406,1105.4774169921875,298.3255920410156,387.2384033203125,175.16265869140625,204.54486083984375,1064.580078125,659.8492431640625,7928.5263671875,108.67916870117188,76.25089263916016,414.7892150878906,300.9178466796875,501.7394104003906,52.78815460205078,1079.400146484375,4043.057373046875
2017-11-29,1072.43505859375,420.6556701660156,429.96405029296875,233.01150512695312,1112.71435546875,299.897216796875,386.4519958496094,175.87832641601562,203.82984924316406,1069.983642578125,659.1134643554688,7971.91748046875,108.20355224609375,76.39728546142578,415.9543151855469,298.10809326171875,505.38812255859375,53.19690704345703,1068.487060546875,4054.262451171875
2017-11-30,1065.836181640625,421.2496337890625,425.4654541015625,226.92433166503906,1109.48828125,292.94390869140625,383.8564758300781,174.5151824951172,198.67575073242188,1068.84130859375,646.7671508789062,7905.49609375,107.69819641113281,75.40914916992188,405.2037658691406,290.3585205078125,498.7832336425781,52.060665130615234,1059.9854736328125,3974.883544921875
2017-12-01,1053.753173828125,410.81280517578125,424.2030334472656,222.11122131347656,1090.349365234375,290.75311279296875,377.0531005859375,173.93585205078125,199.63905334472656,1064.536376953125,648.07763671875,7914.59765625,107.78736877441406,74.27462768554688,400.1691589355469,283.4700622558594,485.8505859375,51.066925048828125,1057.1519775390625,3957.06005859375
2017-12-04,1041.9029541015625,410.9400329589844,420.9668273925781,226.07498168945312,1106.13134765625,289.80059814453125,387.4939880371094,173.86766052246094,198.20901489257812,1069.676025390625,644.215087890625,7815.125,107.1334228515625,74.20144653320312,396.4317626953125,284.2404479980469,481.0471496582031,51.58442306518555,1058.115966796875,3886.238037109375
2017-12-05,1036.3265380859375,416.32818603515625,417.8337707519531,226.54684448242188,1099.5047607421875,290.75311279296875,387.1007385253906,173.01573181152344,198.5863800048828,1062.9989013671875,638.3292846679688,7814.75830078125,105.29035949707031,73.3047866821289,401.7521057128906,289.2255859375,483.2641906738281,50.67692947387695,1059.402587890625,3884.58349609375
2017-12-06,1026.4276123046875,410.21881103515625,413.8974914550781,219.0440216064453,1112.235107421875,285.2762145996094,389.4405822753906,171.482177734375,198.546630859375,1046.6131591796875,628.7879638671875,7917.72509765625,104.42831420898438,73.28649139404297,407.4461669921875,283.15283203125,472.36376953125,50.069435119628906,1058.4981689453125,3817.544677734375
2017-12-07,1063.6517333984375,436.7351989746094,415.3549499511719,223.85716247558594,1126.490966796875,291.2769775390625,393.17657470703125,172.67494201660156,198.93394470214844,1070.466796875,634.3519287109375,8165.9462890625,107.1928482055664,74.03673553466797,409.6007080078125,286.7783203125,471.4400939941406,51.59941864013672,1052.046630859375,3859.573974609375
2017-12-08,1055.3800048828125,445.602294921875,422.4127502441406,226.21653747558594,1156.7470703125,295.9919738769531,393.9826965332031,178.70680236816406,200.40370178222656,1072.179931640625,638.306396484375,8312.9013671875,107.2523193359375,74.32952880859375,404.9619140625,283.7872619628906,482.063232421875,52.334415435791016,1045.715576171875,3938.715576171875
2017-12-11,1046.4110107421875,452.0086364746094,423.7898864746094,224.70651245117188,1154.47998046875,296.65869140625,395.33941650390625,181.46713256835938,200.30441284179688,1073.4979248046875,652.1471557617188,8397.0673828125,106.03355407714844,74.7686996459961,402.8293151855469,288.591064453125,489.22247314453125,52.465660095214844,1069.6728515625,4009.6318359375
2017-12-12,1038.55712890625,444.4991760253906,417.70758056640625,224.56495666503906,1146.283935546875,292.9915466308594,397.3843994140625,178.2637939453125,198.69561767578125,1056.8487548828125,652.5609741210938,8394.8154296875,104.57695770263672,74.2563247680664,402.5875244140625,288.63641357421875,481.1394958496094,51.73817443847656,1049.99658203125,3992.565185546875
2017-12-13,1037.7672119140625,438.9837646484375,418.0403747558594,221.2618408203125,1146.632568359375,288.5623779296875,394.72991943359375,176.52578735351562,201.57554626464844,1044.85595703125,649.503173828125,8384.9794921875,104.66612243652344,73.37799835205078,402.1698303222656,283.9685363769531,477.44451904296875,51.063175201416016,1056.5286865234375,4041.591552734375
2017-12-14,1044.1800537109375,441.48699951171875,421.8734130859375,223.10215759277344,1152.3438720703125,289.8959045410156,398.4068603515625,180.10398864746094,203.5120391845703,1044.4608154296875,658.2857666015625,8377.7158203125,105.4093017578125,73.23158264160156,405.1817626953125,284.6030578613281,475.18133544921875,51.43067169189453,1028.14990234375,4035.776611328125
2017-12-15,1039.765380859375,439.4928894042969,429.9984130859375,229.09495544433594,1154.9161376953125,288.75286865234375,402.2607727050781,180.34259033203125,204.5945281982422,1057.4200439453125,682.104736328125,8426.578125,105.49847412109375,72.77412414550781,404.41229248046875,283.0168762207031,478.83013916015625,52.10191345214844,1023.24609375,4077.002197265625
2017-12-18,1056.9136962890625,446.53564453125,431.2608642578125,235.6068115234375,1161.1937255859375,294.22979736328125,399.783203125,179.3883819580078,203.22406005859375,1070.027587890625,699.60107421875,8558.228515625,105.67682647705078,73.15840148925781,404.9619140625,289.0442810058594,489.4072570800781,52.85190200805664,1037.2745361328125,4075.20556640625
2017-12-19,1057.424560546875,455.31787109375,432.5346984863281,239.99526977539062,1176.844970703125,298.80181884765625,394.80859375,180.10398864746094,202.85662841796875,1071.784912109375,715.6259155273438,9010.9111328125,107.04425048828125,74.14652252197266,407.1383972167969,289.8600158691406,487.282470703125,53.264400482177734,1035.183837890625,4123.05029296875
2017-12-20,1055.3800048828125,448.7842102050781,428.7820129394531,243.81741333007812,1188.1365966796875,300.8020935058594,399.48828125,179.45652770996094,201.1385955810547,1082.85498046875,708.935546875,8948.7646484375,106.09297943115234,74.27462768554688,403.7087707519531,287.7753601074219,487.05157470703125,52.70940017700195,1040.6710205078125,4097.14208984375
2017-12-21,1057.6104736328125,444.7112731933594,428.8164367675781,248.48898315429688,1175.7550048828125,300.46868896484375,401.9264831542969,179.2861328125,200.71156311035156,1105.961669921875,682.5645141601562,8854.208984375,107.07395935058594,74.32952880859375,401.4223327636719,287.0955810546875,487.9291076660156,53.594398498535156,1043.384033203125,4096.81103515625
2017-12-22,1057.7032470703125,448.48724365234375,430.73297119140625,252.78306579589844,1182.7740478515625,301.5640869140625,408.72979736328125,179.32020568847656,200.61227416992188,1112.419189453125,686.2431640625,8917.59765625,106.86585998535156,74.31123352050781,404.69805908203125,289.9053955078125,490.4695129394531,53.33939743041992,1063.9046630859375,4055.349365234375
2017-12-26,1069.5538330078125,460.70599365234375,428.8279113769531,253.5380401611328,1175.44970703125,303.0404968261719,407.2550964355469,180.03582763671875,201.84365844726562,1115.5382080078125,681.966796875,8898.291015625,106.09297943115234,74.09164428710938,408.83123779296875,287.4580993652344,500.0303039550781,54.123146057128906,1064.9898681640625,4103.99755859375
2017-12-27,1067.9739990234375,453.66326904296875,426.1654357910156,250.8011474609375,1179.2430419921875,297.9445495605469,406.7242431640625,178.67274475097656,201.40672302246094,1105.126953125,686.7489624023438,8866.2060546875,105.5281982421875,73.6341781616211,406.17108154296875,285.37347412109375,532.3619384765625,54.258140563964844,1053.1119384765625,4044.75927734375
2017-12-28,1063.6517333984375,450.8631286621094,431.0542907714844,259.76678466796875,1181.0302734375,300.3258361816406,406.3309020996094,178.46824645996094,199.55958557128906,1100.6461181640625,689.6918334960938,8852.509765625,104.72557067871094,72.8839340209961,406.36895751953125,279.52728271484375,525.064208984375,55.2181282043457,1055.94580078125,4043.57763671875
2017-12-29,1076.7568359375,449.4206237792969,429.7574768066406,258.1623840332031,1192.67041015625,299.08758544921875,409.7915954589844,179.42247009277344,200.64205932617188,1105.4783935546875,690.7494506835938,8944.7646484375,105.23094177246094,73.32308959960938,404.98382568359375,280.8868408203125,527.6046142578125,54.929386138916016,1085.791748046875,4085.3232421875
2018-01-01,1062.955078125,447.93572998046875,425.6490478515625,255.89743041992188,1172.3109130859375,295.5632629394531,406.44891357421875,178.77493286132812,198.6062469482422,1107.630859375,684.8178100585938,8873.37890625,104.96339416503906,73.26819610595703,400.01531982421875,278.3490295410156,530.283447265625,54.16439437866211,1063.4425048828125,4024.2880859375
2018-01-02,1062.1181640625,438.3049621582031,429.7460021972656,256.605224609375,1167.166748046875,294.9918212890625,404.9348449707031,177.71852111816406,199.25173950195312,1098.01025390625,692.4048461914062,8783.419921875,106.36051177978516,73.46949005126953,400.6308898925781,274.85943603515625,528.5283813476562,54.6968879699707,1057.653564453125,4020.741455078125
2018-01-03,1061.3282470703125,439.705078125,425.2244567871094,260.94647216796875,1177.41162109375,300.04010009765625,401.631591796875,177.99114990234375,198.6360321044922,1120.4583740234375,694.244140625,8657.056640625,105.26065826416016,73.79885864257812,402.23577880859375,274.49688720703125,525.6647338867188,55.12062454223633,1060.6485595703125,4067.688720703125
2018-01-04,1089.35107421875,443.7779235839844,426.8883972167969,264.0608215332031,1179.068115234375,299.7543640136719,399.31134033203125,178.2637939453125,198.69561767578125,1155.9530029296875,695.255615234375,8629.154296875,105.29035949707031,73.32308959960938,404.6540832519531,279.6179504394531,536.8885498046875,57.018104553222656,1068.0653076171875,4108.86669921875
2018-01-05,1101.61962890625,458.20281982421875,427.7376708984375,260.8520812988281,1182.817626953125,298.0398254394531,397.9743347167969,179.1839141845703,199.22195434570312,1155.250244140625,695.5775756835938,8672.9150390625,105.5281982421875,73.65247344970703,405.9512023925781,277.6692199707031,534.6250610351562,57.801856994628906,1080.968017578125,4156.427734375
2018-01-08,1098.5989990234375,438.1352844238281,427.049072265625,260.6161804199219,1193.1500244140625,299.2304382324219,407.43206787109375,181.0241241455078,199.82772827148438,1175.76513671875,698.8424072265625,8686.796875,105.61737823486328,73.39630126953125,408.2816162109375,277.1706848144531,546.4954223632812,57.65561294555664,1091.0977783203125,4184.32177734375
2018-01-09,1108.8692626953125,432.57745361328125,427.7606201171875,256.22772216796875,1186.9595947265625,297.7540588378906,409.51629638671875,184.39785766601562,200.55267333984375,1170.9329833984375,701.1875,8626.671875,105.05256652832031,73.56097412109375,413.7338562011719,275.8111572265625,541.7841796875,57.921844482421875,1088.927490234375,4185.787109375
2018-01-10,1094.3233642578125,429.6923828125,427.8753356933594,253.67958068847656,1190.88330078125,297.1825256347656,413.8028259277344,183.6140899658203,199.0630645751953,1163.025390625,698.7964477539062,8619.5947265625,103.41764831542969,73.14009857177734,414.3494567871094,272.9107666015625,540.4910278320312,57.96310806274414,1128.158935546875,4163.42529296875
2018-01-11,1105.0584716796875,436.7776184082031,429.7919616699219,252.68865966796875,1202.0872802734375,294.80126953125,423.0639953613281,183.88671875,202.1217498779297,1162.85009765625,705.050048828125,8586.451171875,103.15010070800781,72.40816497802734,412.32684326171875,273.9077453613281,543.1237182617188,57.82060623168945,1121.6873779296875,4166.1669921875
2018-01-12,1105.7552490234375,432.36529541015625,428.1278991699219,253.72679138183594,1198.032958984375,302.61187744140625,424.1059875488281,182.35317993164062,203.2538604736328,1167.769775390625,705.831787109375,8696.1767578125,102.55555725097656,71.85919952392578,417.2734680175781,273.9530944824219,538.966796875,57.76810073852539,1115.9998779296875,4165.599609375
2018-01-15,1119.0928955078125,428.0802307128906,435.5758361816406,251.69773864746094,1192.103759765625,313.6609191894531,425.1678466796875,182.38726806640625,206.23309326171875,1164.95849609375,698.1986694335938,8603.5966796875,102.82308959960938,72.93882751464844,417.33935546875,274.27032470703125,532.50048828125,58.761844635009766,1103.8402099609375,4274.0068359375
2018-01-16,1104.87255859375,421.9284362792969,436.126708984375,245.89369201660156,1205.008544921875,318.2330322265625,441.56658935546875,178.36602783203125,205.22015380859375,1165.1781005859375,686.7030029296875,8570.1328125,103.00144958496094,71.80430603027344,405.8193359375,268.42413330078125,533.6552734375,57.430606842041016,1145.946044921875,4297.59716796875
2018-01-17,1109.5194091796875,424.1770324707031,433.91180419921875,247.96990966796875,1195.591552734375,326.9483947753906,453.06927490234375,181.33084106445312,203.9986572265625,1189.03173828125,685.4613647460938,8562.642578125,103.59597778320312,72.24347686767578,406.5008544921875,278.3490295410156,539.2440795898438,58.049339294433594,1161.2611083984375,4296.79443359375
2018-01-18,1104.4075927734375,420.019287109375,443.9649353027344,239.61773681640625,1183.1666259765625,329.710693359375,453.30523681640625,186.34036254882812,207.85182189941406,1195.5772705078125,698.24462890625,8613.0205078125,102.34749603271484,72.09708404541016,404.3902893066406,274.85943603515625,532.7315063476562,56.38062286376953,1173.0181884765625,4168.5791015625
2018-01-19,1105.941650390625,422.47998046875,448.0733337402344,243.48709106445312,1187.9620361328125,336.8069152832031,449.6676025390625,187.12417602539062,210.64236450195312,1204.93408203125,703.9004516601562,8571.8798828125,102.70418548583984,71.76770782470703,409.4908142089844,280.2976989746094,528.482177734375,56.474365234375,1189.539306640625,4065.8447265625
2018-01-22,1093.022216796875,416.37066650390625,450.6325378417969,240.75022888183594,1181.55322265625,334.806640625,452.2433776855469,186.5107421875,213.33364868164062,1229.0072021484375,698.56640625,8559.146484375,102.4961166381836,71.47491455078125,427.1666564941406,277.80517578125,532.223388671875,56.41436004638672,1255.6580810546875,4094.2109375
2018-01-23,1087.3525390625,417.55859375,447.86676025390625,250.04617309570312,1193.1065673828125,345.09375,462.9007568359375,188.5213623046875,213.6017608642578,1239.41845703125,707.2572631835938,8635.728515625,102.67447662353516,71.67620849609375,432.3330993652344,288.31915283203125,535.1792602539062,58.48060989379883,1249.8564453125,4136.4765625
2018-01-24,1069.832763671875,389.89666748046875,449.32421875,244.14776611328125,1190.970458984375,335.9972229003906,466.3219909667969,191.82693481445312,214.52532958984375,1231.0718994140625,694.7039794921875,8673.927734375,103.44734191894531,71.7127914428711,424.9021911621094,299.01446533203125,541.8305053710938,57.1568603515625,1279.1080322265625,4049.770751953125
2018-01-25,1069.27490234375,384.1267395019531,453.2949523925781,244.38369750976562,1196.9429931640625,343.66497802734375,462.2321472167969,191.69065856933594,216.95834350585938,1244.514404296875,696.9111328125,8529.8203125,102.22859191894531,71.10895538330078,424.704345703125,283.8326110839844,535.6412963867188,57.68559646606445,1257.5321044921875,4122.5302734375
2018-01-29,1070.761962890625,373.859619140625,458.9641418457031,244.05337524414062,1218.3489990234375,340.6645202636719,465.181640625,187.87387084960938,221.47689819335938,1258.0885009765625,702.934814453125,8853.88671875,101.6935043334961,71.05403900146484,424.0887145996094,282.88092041015625,543.1237182617188,58.735595703125,1288.87939453125,4151.6064453125
2018-01-30,1047.2008056640625,376.2850341796875,458.01165771484375,239.28744506835938,1220.921142578125,336.47357177734375,460.3642272949219,187.56712341308594,216.1043243408203,1256.2872314453125,703.440673828125,8799.5087890625,101.24761199951172,71.34683227539062,417.8890380859375,284.19512939453125,546.81884765625,58.18809509277344,1270.3447265625,4125.60302734375
2018-01-31,1048.6881103515625,375.6445007324219,460.352783203125,241.74114990234375,1193.9783935546875,336.187744140625,452.341796875,184.9772186279297,220.25540161132812,1244.514404296875,701.7393188476562,8742.6484375,101.21788024902344,70.92595672607422,422.6817626953125,283.9232482910156,535.6874389648438,55.5013313293457,1254.0263671875,4143.37939453125
2018-02-01,1071.6448974609375,374.4061279296875,457.0132141113281,241.83558654785156,1195.635009765625,329.7583312988281,450.1199035644531,187.63531494140625,222.6387939453125,1278.8668212890625,734.5707397460938,8643.49609375,100.50444030761719,71.31024169921875,415.0090026855469,277.3973388671875,512.0391235351562,54.84796905517578,1264.6031494140625,4152.3154296875
2018-02-02,1057.6104736328125,360.6990051269531,447.1093444824219,235.7955780029297,1196.463623046875,319.18548583984375,449.58905029296875,187.66940307617188,215.68724060058594,1243.591796875,708.36083984375,8265.41796875,98.21553802490234,70.5965805053711,397.6408996582031,269.5118408203125,509.17559814453125,52.77763366699219,1270.6668701171875,3951.859619140625
2018-02-05,1054.07861328125,375.9434509277344,439.2711486816406,232.72837829589844,1182.1202392578125,314.0419921875,447.60302734375,190.32749938964844,210.9800262451172,1198.0810546875,699.3941650390625,8348.1572265625,98.83977508544922,71.91410064697266,396.6736145019531,270.146240234375,514.9491577148438,52.273826599121094,1250.3399658203125,3920.608642578125
2018-02-06,1031.91162109375,375.04669189453125,435.35784912109375,230.6521453857422,1155.613525390625,314.9944763183594,435.6283874511719,186.40853881835938,205.3293914794922,1188.7681884765625,691.3931274414062,8259.9013671875,98.27499389648438,71.34683227539062,392.2546081542969,264.4360656738281,509.72991943359375,52.30924606323242,1207.6507568359375,3869.7861328125
2018-02-07,1041.99609375,367.44586181640625,429.84930419921875,232.16213989257812,1144.540283203125,316.75665283203125,436.1396484375,187.53311157226562,205.82595825195312,1171.811279296875,687.07080078125,8202.1669921875,100.0159683227539,71.54812622070312,393.2659606933594,265.3877868652344,507.60516357421875,52.09671401977539,1190.6473388671875,3859.290283203125
2018-02-08,1044.7379150390625,367.0615234375,431.7198791503906,231.40713500976562,1159.2755126953125,317.994873046875,446.0497131347656,186.8174591064453,208.89454650878906,1183.8040771484375,691.7611083984375,8302.283203125,98.95808410644531,71.60369110107422,397.7288513183594,273.18267822265625,539.5671997070312,52.856353759765625,1198.3631591796875,3940.087158203125
2018-02-09,1050.965087890625,360.82708740234375,424.5014343261719,229.80276489257812,1162.327392578125,311.2320556640625,436.1789855957031,184.94313049316406,204.97186279296875,1167.85791015625,689.78369140625,8215.3115234375,98.68604278564453,71.60369110107422,394.78289794921875,268.6507873535156,538.2738647460938,53.94662094116211,1197.3558349609375,3927.133544921875
2018-02-12,1063.6517333984375,362.44976806640625,430.73297119140625,229.5668487548828,1172.267333984375,310.7557678222656,433.681884765625,183.92079162597656,207.146728515625,1186.5277099609375,686.0592041015625,8382.4052734375,99.68348693847656,73.56800079345703,402.54351806640625,261.7169189453125,544.232177734375,56.13502883911133,1195.582763671875,3971.573486328125
2018-02-14,1058.772216796875,371.3316955566406,432.224853515625,229.5668487548828,1176.58349609375,303.8025207519531,431.6959533691406,181.63755798339844,207.0474395751953,1195.9285888671875,686.9329223632812,8275.529296875,98.50470733642578,72.4375991821289,410.52410888671875,250.34190368652344,530.9762573242188,55.73357009887695,1173.220703125,3948.123779296875
2018-02-15,1055.3333740234375,366.3356018066406,431.93792724609375,237.35275268554688,1184.212890625,313.0418701171875,438.26318359375,182.72805786132812,206.9878387451172,1186.3961181640625,689.1400756835938,8292.6767578125,98.65582275390625,73.34561157226562,411.4034423828125,252.60784912109375,531.8538208007812,55.1471061706543,1178.8824462890625,3959.8017578125
2018-02-16,1063.140380859375,358.435791015625,431.18048095703125,233.71929931640625,1178.937255859375,305.8027648925781,443.6115417480469,181.60345458984375,208.58670043945312,1167.11083984375,683.989990234375,8124.16162109375,98.4140396118164,72.47464752197266,405.0938415527344,246.2178955078125,531.3919067382812,54.29692840576172,1181.78271484375,3939.472412109375
2018-02-19,1041.298828125,353.86676025390625,431.08868408203125,233.6249542236328,1164.8125,304.56451416015625,445.0665283203125,180.0017852783203,209.77841186523438,1138.2056884765625,666.4246826171875,8021.1044921875,98.47447967529297,71.9557876586914,407.6001281738281,243.36276245117188,518.5979614257812,51.07728958129883,1177.975341796875,3892.431884765625
2018-02-20,1046.9219970703125,357.06939697265625,427.64581298828125,234.8046417236328,1161.2374267578125,302.1832275390625,447.1114807128906,179.42247009277344,207.71278381347656,1133.9005126953125,652.0320434570312,8019.08154296875,99.26031494140625,72.27082061767578,405.005859375,244.40512084960938,516.8427734375,51.270145416259766,1186.497314453125,3915.125
2018-02-21,1047.665283203125,358.39312744140625,426.3146667480469,227.11309814453125,1160.191162109375,304.0406494140625,451.2210388183594,182.79623413085938,209.5500030517578,1127.047607421875,651.4804077148438,8074.33251953125,98.11176300048828,71.88168334960938,408.6333923339844,247.71337890625,485.6658935546875,50.455406188964844,1225.802001953125,3906.5673828125
2018-02-22,1039.2073974609375,355.361328125,425.35064697265625,226.40525817871094,1156.572509765625,303.2309875488281,456.4709777832031,182.0465087890625,213.01583862304688,1135.130615234375,663.9415893554688,7937.6279296875,97.17478942871094,70.51036834716797,406.43487548828125,247.07894897460938,500.1689758300781,50.18775939941406,1228.9847412109375,3876.641357421875
2018-02-23,1024.0576171875,363.4319152832031,431.62811279296875,232.6811981201172,1153.6953125,307.4220275878906,454.4654235839844,183.3755340576172,214.67430114746094,1143.65283203125,660.9068603515625,7997.15478515625,98.8674087524414,71.62225341796875,410.7879333496094,250.2059326171875,526.2189331054688,53.352291107177734,1239.2996826171875,3892.242919921875
2018-02-26,1026.84619140625,361.3822326660156,438.7432556152344,232.35089111328125,1162.5455322265625,311.517822265625,447.7604064941406,181.67164611816406,219.50064086914062,1181.03662109375,676.3109741210938,8278.9775390625,98.50470733642578,72.69702911376953,412.7445373535156,248.75576782226562,513.5633544921875,53.54514694213867,1221.5306396484375,3915.3134765625
2018-02-27,1032.0042724609375,367.6593322753906,436.6776123046875,230.55775451660156,1173.924072265625,306.85052490234375,452.32208251953125,181.5694122314453,217.09739685058594,1175.63330078125,680.357421875,8174.037109375,100.07640838623047,73.29003143310547,417.9330139160156,242.5470733642578,503.2635192871094,52.879974365234375,1225.8226318359375,3948.691650390625
2018-02-28,1038.8822021484375,365.9939880371094,432.4657897949219,231.59591674804688,1148.9866943359375,298.3731994628906,461.13104248046875,180.64927673339844,216.60086059570312,1158.1055908203125,669.827392578125,8137.03125,98.68604278564453,73.2715072631836,419.7137756347656,242.90960693359375,494.53411865234375,52.86817169189453,1222.8807373046875,3929.30810546875
2018-03-01,1039.951171875,365.3107604980469,430.20501708984375,227.254638671875,1154.6546630859375,290.4674072265625,456.4709777832031,179.93360900878906,217.62374877929688,1155.513671875,673.6898193359375,8157.71728515625,98.534912109375,73.16031646728516,417.0096130371094,237.60726928710938,494.5801696777344,53.139747619628906,1223.948486328125,3927.133544921875
2018-03-05,1027.9149169921875,359.9303894042969,429.1951599121094,216.68466186523438,1133.2921142578125,288.943359375,454.56378173828125,177.37777709960938,218.47779846191406,1142.774169921875,680.1735229492188,8085.68798828125,98.7162857055664,72.99353790283203,406.3249816894531,238.83090209960938,506.7276306152344,51.63226318359375,1251.4075927734375,3872.385986328125
2018-03-06,1023.87158203125,353.48248291015625,423.7554931640625,213.14559936523438,1127.5809326171875,281.0375671386719,452.7744445800781,174.82186889648438,214.99209594726562,1127.57470703125,662.056396484375,7921.49267578125,98.74650573730469,71.58517456054688,400.4989013671875,232.53155517578125,491.2084655761719,51.935333251953125,1226.00341796875,3924.296142578125
2018-03-07,1029.1234130859375,344.3443298339844,420.6224670410156,211.82435607910156,1128.147705078125,273.0841369628906,449.9232482910156,177.13919067382812,215.51840209960938,1109.9151611328125,650.9285888671875,7979.04150390625,98.83719635009766,71.65929412841797,391.2213134765625,223.55838012695312,484.8346252441406,50.98676300048828,1219.8189697265625,3889.453369140625
2018-03-08,1048.0372314453125,342.7216796875,425.27032470703125,210.1727752685547,1127.5372314453125,282.8473205566406,454.8585205078125,176.423583984375,214.9622802734375,1127.9261474609375,668.2639770507812,8025.240234375,99.92530822753906,72.41907501220703,400.76275634765625,232.7581329345703,475.3659973144531,50.05786895751953,1210.35009765625,3895.5517578125
2018-03-09,1049.4312744140625,343.44757080078125,424.857177734375,207.8134307861328,1134.1640625,278.7991638183594,457.51312255859375,176.69618225097656,214.99209594726562,1133.812744140625,669.96533203125,7962.03466796875,99.38121795654297,71.49252319335938,401.4883117675781,229.54049682617188,468.1606750488281,47.76319122314453,1222.498291015625,3857.683349609375
2018-03-12,1051.6617431640625,360.0157775878906,428.575439453125,214.84434509277344,1154.61083984375,286.37158203125,466.3023986816406,184.09120178222656,218.59693908691406,1150.98876953125,677.8743286132812,8099.66015625,103.46168518066406,72.27082061767578,409.051025390625,229.17794799804688,473.56475830078125,49.034515380859375,1229.7706298828125,3948.597412109375
2018-03-13,1059.8411865234375,364.0724182128906,426.96875,213.42874145507812,1151.4283447265625,289.8959045410156,465.5355529785156,183.64817810058594,215.2800750732422,1144.575439453125,674.103759765625,8049.78662109375,102.40377807617188,72.28933715820312,409.73260498046875,230.854736328125,483.4027404785156,49.502891540527344,1163.1474609375,3942.923828125
2018-03-14,1056.774169921875,360.9125061035156,427.9442443847656,213.9477996826172,1148.2457275390625,291.51513671875,464.3557434082031,182.69398498535156,214.85305786132812,1145.0145263671875,669.689453125,8132.75732421875,102.58513641357422,72.0299301147461,408.50146484375,232.9847412109375,480.4467468261719,48.849517822265625,1163.1881103515625,3999.89306640625
2018-03-15,1078.894775390625,359.07635498046875,431.68548583984375,212.24903869628906,1133.4661865234375,287.1336364746094,465.0243225097656,180.9900665283203,215.62765502929688,1137.85400390625,675.8051147460938,8124.7119140625,102.70604705810547,72.19670867919922,400.9166564941406,229.9483642578125,477.0749816894531,48.15678405761719,1156.258056640625,3961.267578125
2018-03-16,1043.529541015625,355.91644287109375,425.3047790527344,209.2290496826172,1132.7689208984375,283.9427185058594,460.8558044433594,177.54812622070312,210.6820831298828,1115.186767578125,681.2310791015625,7976.69970703125,99.65326690673828,71.25161743164062,395.750244140625,228.679443359375,464.6966247558594,47.24757385253906,1138.5294189453125,3807.04931640625
2018-03-19,1024.7548828125,341.31256103515625,423.9849548339844,202.48126220703125,1141.7061767578125,280.561279296875,450.9653625488281,176.62802124023438,208.34837341308594,1124.1922607421875,683.0244140625,8065.8291015625,100.95296478271484,71.97433471679688,393.7496032714844,224.73667907714844,459.70831298828125,45.2598991394043,1140.6649169921875,3756.083984375
2018-03-20,1028.426025390625,341.95306396484375,422.2061767578125,205.07655334472656,1145.063232421875,278.1324157714844,457.9653625488281,176.662109375,207.6134796142578,1136.4483642578125,681.4149780273438,8092.39892578125,100.59024810791016,72.2337646484375,391.24334716796875,225.77903747558594,469.9620361328125,46.680789947509766,1154.3040771484375,3722.42333984375
2018-03-21,1025.6842041015625,357.1548156738281,426.6589050292969,202.622802734375,1147.112060546875,275.4653625488281,459.12542724609375,176.5598602294922,208.76547241210938,1150.3740234375,685.4613647460938,8158.82177734375,102.97809600830078,71.97433471679688,394.36517333984375,224.78201293945312,466.03607177734375,45.83455276489258,1151.0401611328125,3781.425048828125
2018-03-22,1028.983642578125,354.9343566894531,428.6902160644531,204.6046905517578,1143.8424072265625,269.7979431152344,456.68731689453125,176.04872131347656,209.1527557373047,1138.864501953125,672.12646484375,7995.08642578125,103.34073638916016,71.41839599609375,399.311767578125,218.9358673095703,469.6387023925781,45.7282829284668,1140.806396484375,3711.406982421875
2018-03-23,1034.1419677734375,352.4576721191406,422.6767272949219,194.50660705566406,1134.9486083984375,262.463623046875,459.1647644042969,174.48106384277344,206.3224639892578,1113.95654296875,674.0118408203125,7912.98974609375,102.79671478271484,71.99285888671875,393.0461120605469,212.81781005859375,464.0962219238281,44.5947151184082,1135.48779296875,3662.806396484375
2018-03-26,1038.6964111328125,359.97308349609375,434.5888977050781,198.70623779296875,1154.6981201171875,268.27398681640625,454.3080139160156,175.91236877441406,206.43170166015625,1139.8751220703125,686.51904296875,8058.291015625,102.67581939697266,72.2337646484375,396.2118835449219,223.42242431640625,464.83526611328125,45.77945327758789,1135.02392578125,3734.904052734375
2018-03-27,1051.290283203125,352.8846130371094,434.3938293457031,206.20907592773438,1162.1092529296875,270.4170837402344,453.8164367675781,176.4576416015625,208.5172119140625,1148.79248046875,685.047607421875,8138.2734375,103.40119934082031,72.6229019165039,395.6402587890625,230.53750610351562,466.59033203125,46.44463348388672,1147.394287109375,3761.94677734375
2018-03-28,1041.3450927734375,340.5012512207031,432.9019470214844,202.48126220703125,1162.5889892578125,265.13067626953125,445.08624267578125,174.14031982421875,208.1100311279297,1151.73583984375,679.5297241210938,8146.36279296875,102.58513641357422,71.62225341796875,388.12139892578125,226.50411987304688,457.35272216796875,44.9528923034668,1147.978271484375,3734.904052734375
2018-04-02,1068.9962158203125,337.42669677734375,443.25335693359375,199.36688232421875,1178.2401123046875,249.41429138183594,447.19012451171875,176.01463317871094,217.7925567626953,1173.7442626953125,687.9445190429688,8281.5986328125,103.00828552246094,72.2337646484375,392.62835693359375,223.10520935058594,469.13067626953125,45.56296920776367,1172.3546142578125,3761.851806640625
2018-04-03,1070.808837890625,343.4903259277344,439.74169921875,196.2525177001953,1175.7115478515625,257.2248229980469,448.48785400390625,176.1850128173828,219.13320922851562,1168.8681640625,708.2227172851562,8298.376953125,102.37355041503906,73.5865249633789,395.5303649902344,227.04794311523438,471.1167907714844,45.633819580078125,1172.9993896484375,3736.038330078125
2018-04-04,1055.8448486328125,337.3840026855469,432.247802734375,189.5047149658203,1183.6025390625,255.89132690429688,442.0974426269531,176.25315856933594,214.16781616210938,1138.7767333984375,695.7615966796875,8286.4716796875,100.6809310913086,72.65996551513672,393.4858093261719,224.14755249023438,463.9576721191406,44.126338958740234,1172.858154296875,3669.9453125
2018-04-05,1062.2578125,336.40191650390625,438.1349792480469,202.10374450683594,1205.182861328125,265.4164123535156,451.2799377441406,176.96884155273438,222.1124725341797,1167.4625244140625,712.3612060546875,8395.9638671875,102.13175201416016,72.73410034179688,399.333740234375,235.02407836914062,468.8534851074219,45.6928596496582,1191.8157958984375,3750.60009765625
2018-04-06,1062.8154296875,328.75836181640625,441.463134765625,201.96218872070312,1198.7305908203125,267.3214416503906,443.1986083984375,177.7866668701172,222.29119873046875,1156.699951171875,709.9241333007812,8463.626953125,102.4339828491211,72.6229019165039,400.56494140625,235.38665771484375,473.51849365234375,46.22421646118164,1188.733154296875,3734.431396484375
2018-04-09,1075.781005859375,324.7870788574219,445.0551452636719,208.8987274169922,1213.37890625,267.51190185546875,437.0048522949219,181.16043090820312,222.1025390625,1166.6717529296875,723.0291748046875,8543.1064453125,102.55490112304688,72.58584594726562,402.7633972167969,236.24769592285156,471.9020080566406,46.141563415527344,1178.09619140625,3704.8359375
2018-04-10,1075.130615234375,329.2707824707031,440.8778076171875,217.06214904785156,1213.2916259765625,275.0843505859375,437.8504333496094,181.7738494873047,221.1888885498047,1186.0006103515625,715.1201782226562,8525.455078125,101.79927825927734,72.99353790283203,403.2250671386719,238.6495819091797,469.5002136230469,47.38139343261719,1183.6160888671875,3717.1279296875
2018-04-11,1074.2938232421875,329.0572509765625,440.4187927246094,221.02590942382812,1228.6812744140625,271.03619384765625,442.11712646484375,180.7174072265625,223.66168212890625,1188.504638671875,725.6041870117188,8552.1591796875,101.8597412109375,73.0120620727539,409.29296875,232.9847412109375,481.6938171386719,47.86552047729492,1214.4598388671875,3710.93408203125
2018-04-12,1082.984375,324.70172119140625,442.70257568359375,219.5159149169922,1231.8203125,273.13177490234375,457.198486328125,178.53639221191406,225.34991455078125,1192.6337890625,724.5465087890625,8462.01953125,102.46422576904297,72.77116394042969,408.34759521484375,230.0390167236328,476.56695556640625,47.10588455200195,1264.8648681640625,3661.434814453125
2018-04-13,1080.1961669921875,322.7373962402344,441.8303527832031,224.4233856201172,1229.902099609375,274.5605163574219,460.6788330078125,177.71852111816406,228.62709045410156,1190.3494873046875,726.1558837890625,8388.0126953125,103.34073638916016,73.19738006591797,412.8105163574219,227.45584106445312,473.8880615234375,46.76344680786133,1270.5263671875,3667.722900390625
2018-04-16,1095.6710205078125,321.669921875,445.7552185058594,225.98056030273438,1237.7056884765625,273.94134521484375,445.6367492675781,180.24034118652344,232.79803466796875,1201.99072265625,737.0537719726562,8487.34765625,105.2449951171875,73.8274154663086,412.01898193359375,225.68838500976562,479.8001403808594,46.570579528808594,1284.3660888671875,3703.701171875
2018-04-17,1093.022216796875,326.2817077636719,447.22412109375,225.9333953857422,1260.41943359375,277.8942565917969,442.49072265625,182.38726806640625,231.35806274414062,1194.47900390625,744.3190307617188,8421.4765625,106.96783447265625,75.9399642944336,415.18487548828125,224.91796875,473.1028747558594,46.92089080810547,1275.884521484375,3703.937255859375
2018-04-18,1089.5830078125,328.1605224609375,443.5746765136719,229.14215087890625,1264.73583984375,276.2749938964844,442.78564453125,187.66940307617188,229.19313049316406,1194.9620361328125,734.156982421875,8385.7587890625,107.93504333496094,75.97702026367188,412.436767578125,223.3771209716797,472.9642333984375,47.3577766418457,1272.8631591796875,3774.947998046875
2018-04-19,1082.79833984375,337.6402587890625,445.04364013671875,249.85743713378906,1267.961669921875,275.8464050292969,445.49920654296875,189.03257751464844,229.18319702148438,1216.8387451171875,737.4678344726562,8345.4482421875,107.33052825927734,77.12593841552734,414.32745361328125,223.10520935058594,470.37774658203125,48.9597282409668,1285.776611328125,3879.998046875
2018-04-20,1077.546875,343.3195495605469,448.922607421875,247.35650634765625,1279.8203125,268.7502136230469,463.4316101074219,188.24874877929688,228.9746551513672,1199.3111572265625,735.2605590820312,8297.0439453125,105.3960952758789,76.79236602783203,407.99578857421875,218.61862182617188,466.77508544921875,47.71989440917969,1370.9134521484375,3858.67578125
2018-04-23,1095.531494140625,344.04547119140625,444.2976989746094,241.2221221923828,1266.6976318359375,266.1307678222656,467.0692138671875,187.77163696289062,232.18231201171875,1194.874267578125,758.0678100585938,8333.6796875,104.94271087646484,76.64412689208984,411.557373046875,219.75160217285156,475.04266357421875,47.75138854980469,1373.4114990234375,3918.056396484375
2018-04-24,1087.53857421875,346.9491271972656,444.1255798339844,223.4324493408203,1272.7139892578125,270.6075744628906,454.01312255859375,188.11245727539062,231.58644104003906,1210.6888427734375,771.1728515625,8333.4951171875,104.48934173583984,76.51441955566406,426.529052734375,218.07479858398438,478.3219909667969,47.03896713256836,1364.144287109375,3894.9375
2018-04-25,1080.98583984375,358.56390380859375,440.85491943359375,218.99684143066406,1272.3214111328125,265.654541015625,456.31365966796875,186.8174591064453,231.9539031982422,1197.4222412109375,785.2435302734375,8213.9345703125,103.88482666015625,76.84797668457031,426.7269287109375,214.9931182861328,474.85791015625,46.145503997802734,1398.231201171875,3909.64013671875
2018-04-26,1074.1544189453125,349.468505859375,443.03533935546875,220.837158203125,1300.2667236328125,265.60687255859375,462.64520263671875,189.6459503173828,235.4991912841797,1183.6282958984375,789.1980590820312,8224.8291015625,103.97549438476562,76.71825408935547,428.8594970703125,211.36758422851562,473.51849365234375,45.51573181152344,1426.0328369140625,3857.3046875
2018-04-27,1098.22705078125,349.084228515625,441.463134765625,221.73370361328125,1285.1824951171875,274.2271423339844,466.0860595703125,190.42974853515625,236.10496520996094,1210.4691162109375,793.3823852539062,8074.88525390625,103.2198715209961,77.05181884765625,438.0711669921875,219.88755798339844,484.18798828125,46.42889404296875,1390.8572998046875,3841.1357421875
2018-04-30,1116.9088134765625,349.7674560546875,446.2601318359375,222.3943328857422,1315.65673828125,270.70281982421875,471.70953369140625,191.82693481445312,240.54403686523438,1230.808349609375,803.1306762695312,8103.93603515625,104.06617736816406,77.03328704833984,423.5611877441406,223.33180236816406,488.1139831542969,46.834293365478516,1423.15185546875,3885.103759765625
2018-05-02,1136.0552978515625,348.8280029296875,452.0440673828125,215.2218475341797,1283.438232421875,263.7495422363281,470.7462158203125,195.7800750732422,249.63072204589844,1232.7852783203125,793.7962646484375,8039.16796875,103.00828552246094,76.0325927734375,427.6943054199219,218.43736267089844,475.9202880859375,45.2244758605957,1410.117431640625,3797.78271484375
2018-05-03,1121.6025390625,345.3691711425781,451.6768798828125,218.5249786376953,1266.2177734375,268.5120544433594,465.0438537597656,194.24652099609375,245.0029754638672,1210.4691162109375,795.5895385742188,8049.69580078125,105.36585998535156,76.51441955566406,422.8136291503906,219.25308227539062,495.1344299316406,46.08646011352539,1402.9051513671875,3777.784423828125
2018-05-04,1106.4525146484375,338.8358459472656,456.405029296875,218.3362274169922,1276.6810302734375,269.41693115234375,461.32769775390625,188.89622497558594,244.98312377929688,1202.51806640625,785.657470703125,7978.216796875,103.31055450439453,76.86650085449219,419.4499816894531,219.29843139648438,478.4606628417969,45.71647644042969,1402.462158203125,3768.802001953125
2018-05-07,1129.502685546875,340.116943359375,453.8573303222656,224.47059631347656,1306.0653076171875,276.0368957519531,465.22088623046875,192.37220764160156,247.2870635986328,1220.4849853515625,814.4424438476562,8038.43359375,103.06874084472656,77.57068634033203,426.94677734375,223.42242431640625,474.53466796875,46.95237731933594,1378.366943359375,3813.762451171875
2018-05-08,1124.5301513671875,342.59356689453125,451.4817810058594,225.27276611328125,1304.4521484375,294.6108093261719,458.3586730957031,192.67889404296875,246.6514892578125,1199.1793212890625,795.7735595703125,8067.39404296875,103.61275482177734,78.8493423461914,425.23199462890625,226.6400909423828,472.4562072753906,46.94450378417969,1386.526123046875,3842.79052734375
2018-05-09,1136.28759765625,343.7038269042969,454.0868835449219,224.75372314453125,1304.4083251953125,292.2294616699219,460.38385009765625,192.40634155273438,248.49862670898438,1208.6241455078125,790.9913330078125,8015.1279296875,103.00828552246094,78.51576232910156,429.45306396484375,224.78201293945312,467.560302734375,47.47979736328125,1405.9071044921875,3750.269287109375
2018-05-10,1131.7799072265625,351.9452209472656,457.3690185546875,227.72653198242188,1296.1253662109375,292.2771301269531,459.3221435546875,190.94094848632812,247.77369689941406,1196.80712890625,787.6806030273438,8002.80859375,101.8597412109375,77.08887481689453,431.4097900390625,224.73667907714844,459.2926940917969,46.77131652832031,1390.5758056640625,3780.810302734375
2018-05-11,1195.6788330078125,330.1674499511719,461.7413635253906,229.0477752685547,1311.47119140625,296.1824645996094,464.33599853515625,193.32643127441406,251.706298828125,1218.947509765625,799.2681884765625,8044.49951171875,101.22498321533203,76.66265869140625,434.9712829589844,226.91200256347656,436.06011962890625,47.80255126953125,1392.8724365234375,3849.882080078125
2018-05-14,1205.8099365234375,327.2210998535156,464.03662109375,228.48150634765625,1310.9918212890625,295.3727722167969,467.6983642578125,194.11019897460938,252.56033325195312,1213.9835205078125,784.1399536132812,8004.69384765625,103.76395416259766,77.47801971435547,433.8060302734375,229.85772705078125,437.67669677734375,48.04658126831055,1383.4442138671875,3883.402099609375
2018-05-15,1221.88916015625,326.1961975097656,467.7204895019531,230.1802520751953,1321.4112548828125,293.61065673828125,469.7630920410156,192.09959411621094,254.9933624267578,1207.3502197265625,778.9898681640625,8022.71240234375,102.82693481445312,79.25699615478516,430.4423828125,224.78201293945312,432.9193115234375,49.27460861206055,1403.1268310546875,3885.529296875
2018-05-16,1230.3004150390625,320.5596618652344,464.40386962890625,226.26370239257812,1372.5059814453125,283.1330261230469,467.9540710449219,194.8258514404297,254.5067901611328,1196.93896484375,784.5538330078125,7994.21142578125,102.76649475097656,79.10875701904297,420.41729736328125,220.3407440185547,435.73681640625,48.904624938964844,1407.7603759765625,3773.434814453125
2018-05-17,1217.0562744140625,313.9409484863281,465.41375732421875,219.9405975341797,1368.757080078125,281.9424133300781,465.181640625,190.123046875,252.38156127929688,1191.31591796875,780.783203125,7995.9599609375,101.01341247558594,79.10875701904297,415.6685485839844,219.97817993164062,443.2654113769531,48.04264831542969,1406.9141845703125,3742.279296875
2018-05-18,1216.0335693359375,308.603271484375,461.8332214355469,218.477783203125,1400.1466064453125,272.5126037597656,465.2995300292969,192.40634155273438,257.0887451171875,1155.8211669921875,768.8276977539062,7824.45751953125,100.7111587524414,78.92343139648438,410.612060546875,216.48866271972656,429.45526123046875,46.55484390258789,1411.0439453125,3648.7177734375
2018-05-21,1209.852783203125,307.4503173828125,457.4493408203125,215.4105987548828,1376.473876953125,275.5605773925781,463.84454345703125,192.4403533935547,253.56332397460938,1153.800537109375,759.5853271484375,7748.6572265625,99.38121795654297,78.81226348876953,409.5127868652344,221.56436157226562,409.9177551269531,45.42127990722656,1433.083740234375,3642.47705078125
2018-05-22,1196.051025390625,309.0302734375,456.726318359375,221.73370361328125,1372.6807861328125,276.51312255859375,469.48773193359375,189.98672485351562,250.79261779785156,1159.8626708984375,763.4938354492188,7870.14794921875,99.83463287353516,78.10808563232422,407.4901428222656,230.129638671875,418.4625549316406,45.40553665161133,1413.8040771484375,3551.042236328125
2018-05-23,1188.3828125,304.7174377441406,451.5850524902344,217.0149688720703,1367.2744140625,278.1800537109375,465.9681091308594,186.37440490722656,249.33279418945312,1165.7930908203125,764.9651489257812,7811.99951171875,100.6809310913086,78.31193542480469,401.11456298828125,238.55897521972656,417.7697448730469,42.51258850097656,1408.2437744140625,3499.274169921875
2018-05-24,1202.324462890625,317.61328125,455.8311767578125,220.93153381347656,1361.1710205078125,283.5617370605469,480.1645812988281,187.32861328125,253.3249969482422,1175.589599609375,775.311279296875,7732.3388671875,99.77415466308594,78.47870635986328,402.6974792480469,243.36276245117188,427.5615539550781,43.154151916503906,1452.0008544921875,3459.18310546875
2018-05-25,1201.1627197265625,321.9260559082031,461.0413513183594,231.6902618408203,1373.9449462890625,281.6090393066406,483.03533935546875,189.2737274169922,257.3768005371094,1179.0595703125,788.7841796875,7858.6572265625,99.92530822753906,78.58988189697266,404.87396240234375,241.9578857421875,430.8870849609375,44.732479095458984,1444.7884521484375,3481.63916015625
2018-05-28,1228.5809326171875,320.3888244628906,468.7303161621094,228.05682373046875,1380.1356201171875,285.0380859375,477.5691223144531,191.3590087890625,257.63494873046875,1209.326904296875,781.6568603515625,8006.806640625,101.3761215209961,76.69971466064453,404.69805908203125,246.5803985595703,461.6020812988281,45.39373016357422,1411.0439453125,3527.168212890625
2018-05-29,1207.8082275390625,323.8049621582031,466.5269470214844,228.85902404785156,1371.2855224609375,276.13214111328125,478.4736022949219,190.49014282226562,255.0727996826172,1212.9730224609375,800.3258666992188,8011.95556640625,100.31825256347656,76.71825408935547,403.4010009765625,239.55596923828125,461.4172668457031,45.2913932800293,1419.68701171875,3513.693359375
2018-05-30,1202.556884765625,320.9440002441406,470.1418762207031,224.70651245117188,1382.707763671875,271.3695983886719,476.5072937011719,188.9956512451172,258.8465576171875,1199.8382568359375,825.8001708984375,7895.4755859375,99.92530822753906,77.6447982788086,402.80731201171875,242.13916015625,456.8446960449219,45.492122650146484,1415.8994140625,3504.80517578125
2018-05-31,1212.5946044921875,319.0650939941406,494.1877136230469,221.02590942382812,1405.0728759765625,272.226806640625,484.41180419921875,188.82192993164062,265.0731506347656,1204.01171875,848.7913818359375,7848.58935546875,101.28545379638672,77.62625885009766,405.11578369140625,244.314453125,443.7273254394531,45.31501007080078,1414.6807861328125,3540.972412109375
2018-06-01,1201.813232421875,327.6907958984375,487.52386474609375,225.0840301513672,1385.3673095703125,275.5605773925781,480.08587646484375,187.64022827148438,261.7761535644531,1205.7686767578125,829.1567993164062,8098.3271484375,99.35099792480469,76.3291015625,409.16107177734375,241.73129272460938,447.4223327636719,44.13420486450195,1407.6923828125,3487.312744140625
2018-06-04,1193.81982421875,317.9548645019531,472.6481018066406,228.00962829589844,1363.00244140625,273.13177490234375,487.4004821777344,186.91043090820312,258.98553466796875,1192.9852294921875,841.0203247070312,8044.087890625,97.96064758300781,74.75397491455078,413.6899108886719,238.37770080566406,442.1107177734375,44.56716537475586,1417.280517578125,3509.060546875
2018-06-05,1183.7354736328125,311.1226806640625,476.66741943359375,228.43431091308594,1362.653564453125,270.6075744628906,480.1056213378906,185.93727111816406,259.134521484375,1171.811279296875,828.8809814453125,8099.75341796875,97.50726318359375,73.69770812988281,416.67987060546875,238.87619018554688,437.3995666503906,45.03554916381836,1398.876708984375,3476.628173828125
2018-06-06,1173.69775390625,324.3174133300781,475.2237243652344,234.14401245117188,1369.93408203125,270.4170837402344,486.6336975097656,187.95303344726562,261.3193054199219,1186.5718994140625,840.8363647460938,8129.12548828125,98.2326889038086,74.53160095214844,419.6477966308594,244.8582763671875,452.50299072265625,45.63774871826172,1402.248779296875,3495.066162109375
2018-06-07,1199.72216796875,324.4881896972656,476.34393310546875,234.6158905029297,1397.7484130859375,277.0846252441406,492.5325012207031,188.40489196777344,260.276611328125,1190.6134033203125,846.354248046875,8192.4697265625,98.2326889038086,75.14312744140625,427.10064697265625,244.40512084960938,451.4868469238281,47.39714050292969,1410.2119140625,3520.406982421875
2018-06-08,1188.615234375,322.4385070800781,473.3757629394531,228.52870178222656,1391.2529296875,274.5605163574219,495.521240234375,186.21531677246094,261.8456726074219,1180.7730712890625,838.3992919921875,8211.95703125,97.59794616699219,73.34561157226562,432.8167724609375,247.4414520263672,487.9753723144531,47.27119064331055,1419.5966796875,3512.842529296875
2018-06-11,1192.751220703125,332.04632568359375,471.7473449707031,230.9352569580078,1396.3101806640625,272.7983703613281,496.44537353515625,187.15370178222656,262.8387145996094,1180.1580810546875,843.1815185546875,8294.8828125,97.77928161621094,72.53024291992188,432.0693054199219,248.34788513183594,494.8574523925781,46.33835983276367,1421.7088623046875,3583.71142578125
2018-06-12,1196.8409423828125,325.0860290527344,472.1053161621094,227.11309814453125,1428.614990234375,273.7508544921875,494.91168212890625,187.84881591796875,264.0204772949219,1200.497314453125,843.87109375,8289.4580078125,97.50726318359375,72.28933715820312,438.4449157714844,256.36932373046875,499.2451477050781,45.657432556152344,1447.141845703125,3561.11279296875
2018-06-13,1195.63232421875,320.81585693359375,469.2410583496094,231.21841430664062,1413.57421875,276.9418029785156,501.3216857910156,186.18055725097656,263.2955322265625,1193.776123046875,843.917236328125,8244.0439453125,96.87252044677734,73.43827819824219,440.7973327636719,260.7652587890625,504.6492614746094,44.681312561035156,1482.162353515625,3593.639404296875
2018-06-14,1201.001953125,321.5417785644531,470.615478515625,230.98245239257812,1403.4600830078125,271.2267150878906,499.4683837890625,185.7635040283203,264.68585205078125,1179.9383544921875,847.9637451171875,8235.447265625,95.75418853759766,73.69770812988281,443.19366455078125,256.1427001953125,516.61181640625,44.834815979003906,1452.464111328125,3561.868896484375
2018-06-15,1197.3597412109375,323.0363464355469,468.813720703125,224.04588317871094,1413.6612548828125,269.0835266113281,516.2086791992188,183.85202026367188,266.14569091796875,1168.4290771484375,836.3760986328125,8229.5625,94.33360290527344,73.32709503173828,445.9417419433594,251.474853515625,527.7431640625,44.55535888671875,1495.12255859375,3490.622314453125
2018-06-18,1197.2198486328125,316.75921630859375,466.3999328613281,218.00592041015625,1402.544189453125,279.0849304199219,510.628662109375,183.8867645263672,261.2398986816406,1162.5423583984375,840.468505859375,8249.6513671875,94.90786743164062,73.62358093261719,446.5353698730469,250.93106079101562,526.6345825195312,43.964962005615234,1486.143798828125,3469.6787109375
2018-06-19,1185.2203369140625,317.0154724121094,467.40472412109375,213.09841918945312,1395.961181640625,278.8943786621094,500.2339172363281,184.92938232421875,258.8465576171875,1151.296630859375,819.7764282226562,8147.74267578125,94.39404296875,73.64212036132812,437.96124267578125,247.07894897460938,517.2584838867188,43.6894416809082,1482.4873046875,3449.34912109375
2018-06-20,1187.181396484375,317.61328125,474.94647216796875,213.47592163085938,1397.181884765625,279.27545166015625,500.85845947265625,183.3306884765625,263.08697509765625,1148.0894775390625,831.7318115234375,8226.529296875,94.93809509277344,73.80890655517578,448.1622009277344,247.71337890625,521.0921020507812,44.33888244628906,1480.8214111328125,3452.51708984375
2018-06-21,1170.0921630859375,314.88037109375,475.2814025878906,209.79531860351562,1399.8612060546875,283.79986572265625,502.2282409667969,181.31492614746094,260.9716796875,1133.19775390625,812.6030883789062,8148.1552734375,93.8499755859375,72.4375991821289,453.74639892578125,243.4987030029297,512.2239379882812,43.90592575073242,1478.302978515625,3419.94287109375
2018-06-22,1183.8192138671875,319.8764343261719,481.2294006347656,209.51219177246094,1412.7315673828125,286.37158203125,502.7520751953125,184.3037872314453,262.451416015625,1142.02734375,835.2265014648438,8159.052734375,95.08922576904297,73.2715072631836,445.1943054199219,247.48680114746094,533.239501953125,44.228675842285156,1470.54296875,3442.778076171875
2018-06-25,1170.5123291015625,319.5348815917969,483.90887451171875,206.1146697998047,1418.9249267578125,275.9416198730469,512.6631469726562,182.53135681152344,263.76226806640625,1114.17626953125,832.83544921875,8083.75732421875,93.48727416992188,71.97433471679688,441.6546325683594,243.31744384765625,528.2049560546875,43.972835540771484,1478.2215576171875,3547.68603515625
2018-06-26,1190.2628173828125,324.70172119140625,483.62005615234375,210.40875244140625,1424.723388671875,274.41766357421875,514.8389282226562,184.0605010986328,264.12969970703125,1115.8458251953125,825.8461303710938,8210.9462890625,94.0615463256836,70.6956787109375,430.4423828125,242.3657684326172,529.2675170898438,43.25648498535156,1504.83203125,3630.98828125
2018-06-27,1183.305908203125,320.81585693359375,487.9857482910156,205.64280700683594,1413.785888671875,265.79736328125,511.6761474609375,182.6355743408203,263.0075378417969,1083.074462890625,820.926025390625,8180.56298828125,92.97344970703125,69.37999725341797,427.5212097167969,237.19940185546875,532.9160766601562,42.760555267333984,1509.7073974609375,3567.683837890625
2018-06-28,1184.47314453125,322.7801513671875,492.2013244628906,208.6156005859375,1408.03173828125,258.5107116699219,519.5729370117188,181.0716094970703,265.9669189453125,1085.00732421875,834.812744140625,8063.806640625,94.54518127441406,68.49050903320312,418.27008056640625,232.9394073486328,524.0480346679688,43.173831939697266,1497.275390625,3518.752197265625
2018-06-29,1180.784423828125,326.1961975097656,487.02716064453125,217.53404235839844,1441.766357421875,262.3207702636719,526.6636962890625,185.03366088867188,266.7315673828125,1120.282470703125,825.5701293945312,8113.72607421875,96.50983428955078,69.25028228759766,430.4426574707031,235.06939697265625,520.9998168945312,44.69312286376953,1501.379150390625,3610.65966796875
2018-07-02,1207.4921875,314.3252868652344,478.89642333984375,210.6918487548828,1443.7867431640625,264.22576904296875,537.7432861328125,182.84413146972656,265.738525390625,1103.457763671875,815.4080200195312,8109.544921875,92.82231903076172,68.58316040039062,425.1973571777344,234.61624145507812,520.2146606445312,44.122398376464844,1504.30419921875,3571.6083984375
2018-07-03,1206.3714599609375,316.6311340332031,478.1918640136719,213.38153076171875,1443.8309326171875,259.939453125,545.4185180664062,184.51234436035156,268.7574768066406,1099.5479736328125,822.3514404296875,8251.2138671875,93.69886016845703,68.3978500366211,429.93365478515625,233.3926239013672,529.8677368164062,44.55535888671875,1522.7486572265625,3545.653076171875
2018-07-04,1204.457275390625,313.7701416015625,485.895263671875,211.49403381347656,1472.3822021484375,260.27288818359375,541.9737548828125,183.78250122070312,271.1607360839844,1106.5765380859375,827.7774047851562,8477.0498046875,92.42938232421875,67.8233642578125,438.25518798828125,233.34730529785156,535.1331787109375,44.95682907104492,1516.330078125,3584.231201171875
2018-07-05,1233.9661865234375,310.3539733886719,490.561279296875,207.90780639648438,1482.924560546875,258.6535949707031,517.3165893554688,189.41275024414062,271.1110534667969,1102.1395263671875,839.0431518554688,8593.1162109375,91.97599029541016,67.32304382324219,426.92364501953125,232.44094848632812,523.7247314453125,44.33187484741211,1527.8272705078125,3721.902587890625
2018-07-06,1235.6004638671875,309.3718566894531,488.5747985839844,208.04937744140625,1474.40283203125,257.2248229980469,517.4172973632812,189.5170135498047,272.34246826171875,1112.5509033203125,850.6307373046875,8565.951171875,90.76698303222656,67.3786392211914,432.7001037597656,233.12069702148438,515.5494995117188,44.347896575927734,1554.35693359375,3739.01708984375
2018-07-09,1272.9068603515625,309.2437744140625,491.00018310546875,209.5593719482422,1486.3509521484375,258.3202209472656,523.299560546875,190.73345947265625,275.10321044921875,1131.6162109375,857.8038940429688,8618.720703125,91.43193817138672,68.37931060791016,441.3536682128906,237.06346130371094,525.433837890625,44.51615905761719,1530.0211181640625,3686.91748046875
2018-07-10,1279.7706298828125,314.1117248535156,495.7930908203125,216.1656036376953,1482.046142578125,260.41571044921875,524.326904296875,192.57540893554688,272.5311584472656,1128.6290283203125,855.7806396484375,8762.23046875,93.0339126586914,68.21253967285156,454.01300048828125,239.0574951171875,520.95361328125,45.5617561340332,1523.602294921875,3754.280029296875
2018-07-11,1269.82568359375,309.15838623046875,496.2205810546875,208.3796844482422,1509.4114990234375,255.9866180419922,532.002197265625,191.6717987060547,275.6112976074219,1119.9749755859375,856.1944580078125,8627.73046875,92.30848693847656,67.78633117675781,459.8116455078125,234.8428192138672,517.9974975585938,44.52416229248047,1608.757080078125,3746.6953125
2018-07-12,1268.05126953125,309.2864685058594,500.3089599609375,207.90780639648438,1530.671630859375,259.3679504394531,521.486572265625,192.67970275878906,276.17767333984375,1141.939697265625,849.0557250976562,8593.0712890625,93.12457275390625,67.67514038085938,479.0884704589844,238.15109252929688,521.4154663085938,44.484107971191406,1601.8096923828125,3742.0966796875
2018-07-13,1277.2960205078125,306.55352783203125,503.7622375488281,206.4449920654297,1530.9351806640625,255.0341033935547,530.7732543945312,187.95303344726562,279.06903076171875,1140.7535400390625,840.618896484375,8670.3427734375,92.4596176147461,67.360107421875,486.8125,233.61920166015625,517.07373046875,44.756526947021484,1609.73193359375,3758.02490234375
2018-07-16,1269.5921630859375,296.6895751953125,500.97882080078125,201.06561279296875,1538.4906005859375,246.937744140625,536.9981079101562,188.7871551513672,279.8836975097656,1127.3114013671875,834.7317504882812,8628.2802734375,94.0615463256836,67.21186065673828,476.3662414550781,228.04498291015625,493.24078369140625,41.60369110107422,1616.3131103515625,3663.4521484375
2018-07-17,1285.1868896484375,292.54754638671875,502.8036193847656,207.15281677246094,1477.3900146484375,253.79580688476562,535.0038452148438,187.57073974609375,278.32379150390625,1130.605712890625,855.22119140625,8683.5341796875,93.88021850585938,67.24893188476562,483.51483154296875,234.7974853515625,506.8200378417969,42.65330505371094,1630.11376953125,3693.03271484375
2018-07-18,1300.8284912109375,287.6368408203125,502.6766357421875,200.45217895507812,1444.050537109375,250.22393798828125,532.8483276367188,186.66709899902344,277.9164123535156,1135.262451171875,836.6787109375,8611.2724609375,93.8499755859375,66.15559387207031,483.60333251953125,235.2506866455078,507.9747314453125,40.40185546875,1628.5670166015625,3649.562744140625
2018-07-19,1310.1669921875,294.639892578125,504.9634094238281,186.4847412109375,1447.301025390625,248.795166015625,530.4912109375,189.96881103515625,267.75201416015625,1105.346435546875,846.4598388671875,8631.7744140625,93.42682647705078,65.7664566040039,489.0478515625,235.83982849121094,503.4021301269531,39.95316696166992,1613.219482421875,3657.05224609375
2018-07-20,1304.05029296875,294.98150634765625,505.64483642578125,184.64439392089844,1454.68017578125,253.1766357421875,543.1422119140625,190.4553680419922,264.9500732421875,1116.109375,843.4467163085938,8640.830078125,94.09178924560547,65.1549301147461,499.5826416015625,237.01812744140625,517.39697265625,40.31772232055664,1625.5950927734375,3670.75244140625
2018-07-23,1338.3685302734375,306.55352783203125,498.11456298828125,185.1162567138672,1484.3739013671875,262.463623046875,546.3049926757812,197.5105743408203,265.6952819824219,1123.8408203125,844.04931640625,8918.5166015625,95.60307312011719,65.61819458007812,495.88653564453125,241.4140625,518.921142578125,41.4154052734375,1632.96337890625,3801.542724609375
2018-07-24,1370.6326904296875,304.7174377441406,498.8768005371094,195.92221069335938,1465.266357421875,261.3206481933594,554.8463745117188,198.55320739746094,260.7671203613281,1163.2449951171875,853.3204956054688,9039.3642578125,95.1799087524414,65.87763214111328,491.7479553222656,241.8672332763672,519.798828125,42.25669479370117,1627.5491943359375,3922.09326171875
2018-07-25,1354.1971435546875,300.8742980957031,501.3254699707031,197.2434539794922,1452.1326904296875,261.6063537597656,557.50537109375,198.90077209472656,261.2937316894531,1160.345947265625,843.7711181640625,8971.79296875,91.28083038330078,65.09933471679688,493.6069641113281,246.3991241455078,515.5957641601562,42.945743560791016,1613.3009033203125,3834.916259765625
2018-07-26,1338.9757080078125,305.4433288574219,506.46490478515625,194.93125915527344,1467.0675048828125,272.0839538574219,553.2750244140625,199.63063049316406,260.568359375,1147.3868408203125,847.0160522460938,8638.34765625,92.701416015625,67.39715576171875,491.6151123046875,260.7652587890625,513.0552978515625,42.85361099243164,1599.6231689453125,3927.781005859375
2018-07-27,1339.90966796875,311.46429443359375,508.6706848144531,201.39590454101562,1457.4478759765625,279.27545166015625,553.3555297851562,210.3002471923828,260.5386047363281,1152.218994140625,843.5393676757812,8559.423828125,93.66863250732422,66.67446899414062,500.11376953125,259.9041748046875,514.5796508789062,44.08349609375,1582.5654296875,3910.573974609375
2018-07-30,1335.5672607421875,327.3064880371094,501.2214660644531,199.36688232421875,1483.539306640625,292.7533874511719,544.3106689453125,209.2576446533203,259.3760681152344,1138.0736083984375,865.2339477539062,8625.15625,94.24293518066406,67.89751434326172,509.65264892578125,269.5571594238281,519.798828125,44.307838439941406,1583.2576904296875,4023.11328125
2018-07-31,1355.3643798828125,333.5836181640625,503.43890380859375,201.39590454101562,1521.271484375,289.80059814453125,549.9913330078125,206.92910766601562,259.69403076171875,1144.18017578125,867.7371826171875,8752.62109375,93.6081771850586,67.56394958496094,524.9677734375,266.0222473144531,525.1566162109375,45.11307144165039,1579.6751708984375,3976.13427734375
2018-08-01,1342.1041259765625,328.3740539550781,498.6342468261719,196.2996826171875,1523.599609375,285.085693359375,545.5394287109375,209.63992309570312,260.8565368652344,1140.4019775390625,861.989013671875,8588.1064453125,93.9104232788086,68.45343017578125,527.778564453125,267.4724426269531,530.837646484375,44.53218460083008,1609.2301025390625,3975.423583984375
2018-08-02,1324.5482177734375,320.637451171875,492.0511474609375,196.20530700683594,1536.0743408203125,284.37127685546875,545.37841796875,207.9717254638672,254.39820861816406,1126.6961669921875,844.8836669921875,8404.97265625,93.94064331054688,69.9359130859375,517.1553344726562,266.384765625,536.1493530273438,44.4119987487793,1586.3519287109375,3966.369140625
2018-08-03,1318.4312744140625,321.9268798828125,490.076171875,199.69717407226562,1548.812744140625,290.5150146484375,549.5885009765625,211.27342224121094,260.2206726074219,1133.3734130859375,853.5523071289062,8445.9755859375,94.5754165649414,70.49183654785156,520.9619750976562,271.2339172363281,541.1837768554688,44.424015045166016,1611.631591796875,3951.43701171875
2018-08-06,1304.9375,331.5976257324219,488.3785400390625,203.94407653808594,1520.08544921875,300.13531494140625,548.1984252929688,209.77894592285156,254.91482543945312,1133.7686767578125,864.446044921875,8537.3583984375,94.75672912597656,70.21388244628906,527.8892211914062,279.6179504394531,532.223388671875,44.3278694152832,1608.456787109375,3960.965087890625
2018-08-07,1330.010986328125,328.2880554199219,492.212890625,206.68093872070312,1519.8658447265625,298.2779235839844,551.1395263671875,209.29238891601562,255.09371948242188,1138.0301513671875,859.4395141601562,8652.3701171875,96.02620697021484,70.08415985107422,524.1710815429688,275.58453369140625,526.2650756835938,45.92230987548828,1601.7802734375,3988.365478515625
2018-08-08,1331.41162109375,331.21075439453125,493.4717712402344,208.1909637451172,1543.673828125,303.5643615722656,549.044677734375,209.18812561035156,256.0078125,1140.6217041015625,860.644775390625,8464.73046875,95.66351318359375,70.23241424560547,538.9994506835938,279.79925537109375,530.2373046875,46.27083969116211,1607.1944580078125,4023.82373046875
2018-08-09,1323.5673828125,315.5227355957031,489.34857177734375,214.65560913085938,1541.081787109375,317.18524169921875,555.9744262695312,210.26553344726562,253.81199645996094,1128.716796875,865.1876220703125,8408.3291015625,97.14456176757812,71.38131713867188,539.110107421875,287.6847229003906,527.8817749023438,46.9478759765625,1607.4796142578125,4087.06201171875
2018-08-10,1324.73486328125,317.88671875,488.4130859375,210.1727752685547,1539.7640380859375,312.99420166015625,558.1903076171875,211.8641815185547,255.451416015625,1111.1014404296875,877.0084228515625,8410.3525390625,96.44937133789062,70.62158203125,533.0237426757812,275.94708251953125,511.7621154785156,46.20674514770508,1622.74560546875,4025.8154296875
2018-08-13,1306.6650390625,318.18756103515625,483.1465759277344,209.18185424804688,1518.811767578125,309.46990966796875,567.5776977539062,212.66357421875,255.779296875,1114.9671630859375,884.9352416992188,8348.388671875,95.51239013671875,69.67647552490234,525.7203369140625,266.6114196777344,520.9073486328125,45.57377624511719,1628.4853515625,3976.513916015625
2018-08-14,1302.7896728515625,315.4797668457031,482.5574951171875,208.99310302734375,1532.3409423828125,316.6613464355469,567.396484375,214.01904296875,256.9417724609375,1115.14501953125,881.1803588867188,8470.587890625,94.847412109375,69.6394271850586,535.856689453125,267.29119873046875,555.917724609375,46.387020111083984,1631.25390625,4075.969482421875
2018-08-16,1302.509765625,319.77783203125,479.4623107910156,203.94407653808594,1526.3231201171875,318.4234924316406,575.9580688476562,213.7062225341797,247.48284912109375,1095.92529296875,881.9220581054688,8533.611328125,95.84485626220703,69.56529998779297,531.5188598632812,265.29718017578125,572.4530029296875,45.47362518310547,1635.2840576171875,3994.8125
2018-08-17,1307.972412109375,319.2621154785156,479.8434753417969,207.341552734375,1567.9202880859375,323.852783203125,576.2802124023438,218.0853271484375,251.02993774414062,1103.48876953125,891.4251098632812,8488.673828125,95.51239013671875,69.34292602539062,532.8246459960938,273.8171081542969,575.9633178710938,46.4831657409668,1638.744384765625,4063.265380859375
2018-08-20,1315.86328125,318.5314025878906,484.1975402832031,213.90061950683594,1561.11181640625,322.3764343261719,557.7068481445312,217.77252197265625,253.31517028808594,1177.8316650390625,898.8884887695312,8416.5615234375,95.84485626220703,69.5467758178711,546.6128540039062,278.8475341796875,578.5960693359375,48.02552795410156,1636.4647216796875,4077.48681640625
2018-08-21,1310.4471435546875,316.5542907714844,484.1629333496094,213.66465759277344,1539.5885009765625,322.7574462890625,557.5859375,217.49447631835938,251.0597686767578,1176.8084716796875,887.9948120117188,8452.6875,97.23523712158203,69.50970458984375,552.0571899414062,278.25836181640625,586.9560546875,46.64341354370117,1642.7337646484375,4124.41748046875
2018-08-23,1302.462646484375,317.97265625,480.43243408203125,208.6156005859375,1557.422119140625,321.185791015625,563.0048217773438,216.8688507080078,247.9398956298828,1203.0577392578125,892.908447265625,8554.7138671875,99.35099792480469,70.49183654785156,561.9059448242188,274.13433837890625,590.8821411132812,45.802120208740234,1656.9412841796875,4121.62109375
2018-08-24,1301.2955322265625,317.156005859375,478.11102294921875,209.60655212402344,1564.58203125,315.8757019042969,555.3096313476562,215.7567596435547,249.29116821289062,1194.9158935546875,897.7294921875,8499.5263671875,99.3207778930664,70.76982116699219,565.4691772460938,272.32159423828125,581.7828979492188,46.11861038208008,1663.373046875,4091.99267578125
2018-08-27,1307.1788330078125,325.9241638183594,480.5594787597656,217.29808044433594,1574.55322265625,325.20416259765625,570.2569580078125,217.84202575683594,253.34500122070312,1206.661376953125,905.2855224609375,8575.0712890625,100.43913269042969,73.30854797363281,571.666015625,279.1647644042969,574.3929443359375,46.56729507446289,1669.80517578125,4143.9482421875
2018-08-28,1314.3692626953125,323.904052734375,483.8857421875,225.55592346191406,1556.016357421875,324.24737548828125,574.0038452148438,216.6256103515625,255.3719024658203,1206.2161865234375,909.0404052734375,8744.5283203125,101.73884582519531,73.06764221191406,583.838623046875,276.76287841796875,573.8387451171875,47.30042266845703,1684.70458984375,4197.84765625
2018-08-29,1301.7626953125,322.270751953125,480.1090393066406,223.52684020996094,1542.531494140625,325.9217834472656,568.1216430664062,217.4250030517578,256.06744384765625,1202.6126708984375,912.146240234375,8689.0166015625,100.37866973876953,71.5481185913086,572.8612060546875,280.7055969238281,573.8848266601562,47.60889434814453,1686.9844970703125,4173.48193359375
2018-08-30,1287.4747314453125,329.3196105957031,477.2448425292969,226.73558044433594,1557.4661865234375,329.4617919921875,570.5792846679688,222.32537841796875,253.970947265625,1198.1636962890625,911.3118896484375,8538.4814453125,102.58513641357422,72.99353790283203,564.119140625,279.7085876464844,591.1591796875,48.74262237548828,1695.4520263671875,4196.66259765625
2018-08-31,1281.6383056640625,329.9643249511719,476.1130065917969,224.56495666503906,1563.835205078125,327.7874450683594,580.611328125,222.32537841796875,255.7991485595703,1218.6292724609375,894.9481201171875,8437.01171875,103.67324829101562,74.67985534667969,549.6005249023438,280.6149597167969,603.0755615234375,48.11366271972656,1692.195068359375,4243.21435546875
2018-09-03,1271.506591796875,329.92132568359375,479.3121643066406,225.9333953857422,1492.676025390625,319.70281982421875,577.8515625,217.7030029296875,252.1924591064453,1212.80078125,878.7235717773438,8256.84375,102.46422576904297,72.08551788330078,544.067626953125,277.6692199707031,606.1702270507812,48.133697509765625,1671.433349609375,4146.5546875
2018-09-04,1224.5347900390625,325.2364196777344,473.94171142578125,221.87527465820312,1450.5950927734375,314.2970275878906,593.9874877929688,215.20071411132812,249.9071807861328,1209.5087890625,863.84326171875,8225.6328125,101.61791229248047,72.06697845458984,549.7332763671875,268.6507873535156,605.3849487304688,47.516746520996094,1708.885986328125,3983.103515625
2018-09-05,1233.8729248046875,319.82086181640625,472.56732177734375,226.45245361328125,1415.8941650390625,315.3973083496094,588.1455688476562,215.6524658203125,246.04214477539062,1199.453857421875,861.6646118164062,8251.2314453125,101.5272445678711,72.51172637939453,543.1159057617188,268.78668212890625,613.1445922851562,47.624916076660156,1692.8868408203125,3943.568115234375
2018-09-06,1227.522705078125,320.03570556640625,474.0340576171875,222.1584014892578,1413.1710205078125,314.4406433105469,585.9296875,216.0347900390625,250.5629425048828,1198.65283203125,866.81005859375,8124.85888671875,103.5754623413086,73.86448669433594,558.3427124023438,268.69610595703125,625.75390625,48.09764099121094,1689.671142578125,3937.642578125
2018-09-07,1228.9234619140625,334.9070739746094,475.1312561035156,228.9062042236328,1439.65771484375,320.6116943359375,590.4822998046875,215.79150390625,247.39341735839844,1199.0087890625,902.7359619140625,8087.1552734375,103.97405242919922,72.53024291992188,565.9560546875,264.345458984375,613.6064453125,49.60795593261719,1693.375732421875,4046.673583984375
2018-09-10,1207.5386962890625,333.8755798339844,471.481689453125,222.44154357910156,1414.664306640625,318.5068359375,588.9110107421875,213.08065795898438,243.1011199951172,1189.4881591796875,869.03515625,8013.13916015625,103.75941467285156,72.5490493774414,555.885986328125,258.18206787109375,589.357666015625,49.16727828979492,1694.1082763671875,3939.016357421875
2018-09-11,1211.9744873046875,325.53729248046875,462.0688781738281,218.57217407226562,1397.4017333984375,312.4313659667969,591.6910400390625,206.58152770996094,239.7328643798828,1183.1260986328125,874.4124145507812,7899.65966796875,104.09669494628906,70.2742691040039,547.8521728515625,256.1427001953125,582.3372802734375,47.44063186645508,1666.0191650390625,3894.408935546875
2018-09-12,1205.577880859375,323.8179931640625,464.7137145996094,225.68714904785156,1429.20361328125,308.939208984375,598.6206665039062,213.25445556640625,244.50205993652344,1203.2354736328125,869.77685546875,7878.2333984375,104.25000762939453,72.86865234375,554.4032592773438,258.5899353027344,600.3506469726562,48.51828384399414,1664.1466064453125,3883.74267578125
2018-09-14,1245.63916015625,329.74945068359375,468.813720703125,232.8495330810547,1431.35595703125,314.1535339355469,591.2075805664062,213.49774169921875,246.32034301757812,1209.1082763671875,882.5247802734375,8001.359375,107.28553009033203,75.2562484741211,554.6908569335938,263.4390563964844,614.5301513671875,49.27544403076172,1681.611083984375,3971.6787109375
2018-09-17,1222.0601806640625,328.41705322265625,460.17474365234375,228.96002197265625,1410.4036865234375,311.6181335449219,584.9627075195312,209.9180145263672,244.50205993652344,1196.56201171875,881.5512084960938,7918.904296875,105.62979888916016,75.91426849365234,542.6290893554688,258.5899353027344,598.732666015625,49.38761520385742,1688.734619140625,3890.521484375
2018-09-18,1206.6051025390625,321.2392272949219,459.4817810058594,222.129638671875,1462.6749267578125,305.0643005371094,579.4429321289062,210.786865234375,241.50143432617188,1181.56884765625,877.5646362304688,7790.30615234375,104.0660400390625,74.7862548828125,538.7559814453125,248.16659545898438,595.3043823242188,49.09516906738281,1685.9669189453125,3849.23193359375
2018-09-19,1205.9044189453125,318.1015930175781,453.0487976074219,223.5526580810547,1446.993408203125,307.0735168457031,579.966796875,208.28451538085938,243.80657958984375,1186.0179443359375,879.743408203125,7615.1904296875,103.728759765625,74.56065368652344,535.9231567382812,246.08192443847656,601.18798828125,49.77220153808594,1691.7884521484375,3840.461669921875
2018-09-21,1218.41796875,318.4884033203125,455.1046142578125,228.05880737304688,1424.327880859375,303.389892578125,568.322998046875,211.27342224121094,234.52642822265625,1183.1705322265625,889.9417114257812,7457.32861328125,103.17683410644531,75.35025024414062,538.9109497070312,245.26617431640625,588.2628173828125,50.08868408203125,1712.34619140625,3858.144287109375
2018-09-24,1187.7882080078125,306.1958923339844,444.8140563964844,227.58447265625,1397.2257080078125,295.4010009765625,578.7579956054688,207.1028594970703,228.26686096191406,1173.071044921875,830.7451782226562,7228.14111328125,102.96220397949219,74.29745483398438,545.351318359375,239.60130310058594,578.163330078125,48.690547943115234,1789.9375,3768.595947265625
2018-09-25,1204.550537109375,309.8922424316406,450.9814758300781,230.57276916503906,1432.7176513671875,297.64935302734375,585.1640014648438,209.3271484375,235.15243530273438,1173.694091796875,827.91748046875,7419.57861328125,104.25000762939453,72.41744232177734,544.70947265625,245.53807067871094,594.0072021484375,48.15372085571289,1777.5216064453125,3819.60400390625
2018-09-26,1197.173095703125,310.5799255371094,454.6310119628906,235.22122192382812,1415.0599365234375,299.5628967285156,578.4356689453125,203.76638793945312,232.38027954101562,1185.79541015625,828.241943359375,7274.052734375,102.9009017944336,72.5114517211914,553.916259765625,239.14813232421875,592.8490600585938,48.78668975830078,1744.098876953125,3856.437744140625
2018-09-27,1202.3095703125,306.711669921875,456.4674377441406,231.37911987304688,1423.2735595703125,293.3917541503906,584.0360107421875,203.8706817626953,227.0248565673828,1165.552490234375,813.5006713867188,7005.5380859375,102.99285125732422,73.15065002441406,554.9564208984375,240.5076904296875,584.8809204101562,48.9990234375,1782.1214599609375,3906.544189453125
2018-09-28,1207.7255859375,291.0235900878906,463.37396240234375,217.86065673828125,1412.9951171875,292.33929443359375,588.2664794921875,206.96383666992188,226.85597229003906,1131.91796875,798.2032470703125,6815.30615234375,102.31831359863281,70.8382568359375,556.8156127929688,240.64366149902344,577.468505859375,46.5713005065918,1777.9285888671875,3849.23193359375
2018-10-01,1195.11865234375,280.88018798828125,470.1650390625,230.4304656982422,1442.776611328125,300.42401123046875,601.6425170898438,206.51202392578125,222.96109008789062,1110.5626220703125,785.826171875,6922.8974609375,104.00473022460938,72.34225463867188,545.1962890625,248.2119140625,588.0774536132812,46.727542877197266,1836.4276123046875,3735.697021484375
2018-10-03,1168.9249267578125,273.74530029296875,469.1717529296875,240.7234649658203,1422.1756591796875,290.5693054199219,587.0174560546875,205.1913604736328,218.24154663085938,1108.20458984375,733.9075317382812,6720.7451171875,102.62491607666016,71.0450668334961,533.422119140625,246.26318359375,575.2447509765625,46.43909454345703,1760.9530029296875,3659.94384765625
2018-10-04,1143.6646728515625,266.6104736328125,452.21722412109375,238.92100524902344,1382.7305908203125,302.8159484863281,569.8540649414062,199.5611114501953,213.52198791503906,1119.2825927734375,736.7816772460938,6676.92041015625,102.28765869140625,71.15785217285156,496.74969482421875,245.9459686279297,555.0460815429688,46.65542984008789,1681.12255859375,3738.967529296875
2018-10-05,1129.4705810546875,256.6818542480469,453.961181640625,228.67543029785156,1369.201416015625,294.01361083984375,583.874755859375,192.193115234375,209.0906219482422,1092.1435546875,713.4645385742188,6403.861328125,99.89604949951172,70.42466735839844,464.2601318359375,234.1630401611328,554.0269775390625,45.509674072265625,1711.939208984375,3596.8955078125
2018-10-08,1165.236328125,253.75918579101562,449.2721252441406,211.12515258789062,1369.904052734375,297.41015625,575.6961059570312,189.89932250976562,219.44378662109375,1081.421630859375,718.3783569335938,6390.3203125,100.23333740234375,70.18025207519531,491.06182861328125,240.8702392578125,559.8641967773438,44.85267639160156,1691.503173828125,3563.806884765625
2018-10-09,1121.90625,248.4295654296875,448.2557678222656,212.73789978027344,1328.7021484375,293.0090637207031,578.3551635742188,186.63238525390625,220.26844787597656,1086.4935302734375,709.0607299804688,6213.814453125,99.16016387939453,70.1426773071289,482.496826171875,238.3323974609375,564.960205078125,45.8702278137207,1703.105224609375,3585.708251953125
2018-10-10,1144.8319091796875,253.6732940673828,454.3885192871094,215.25181579589844,1342.0555419921875,306.0210876464844,564.4150390625,187.74453735351562,226.09088134765625,1112.8316650390625,708.4118041992188,6479.45361328125,100.78523254394531,70.36827850341797,487.83056640625,252.56253051757812,558.6596069335938,46.76359939575195,1663.8619384765625,3581.916015625
2018-10-11,1138.388671875,245.29196166992188,447.55133056640625,205.38575744628906,1340.69384765625,298.22344970703125,542.5780029296875,184.33856201171875,221.67935180664062,1090.764404296875,676.9360961914062,6377.1025390625,100.04934692382812,69.82304382324219,481.5008850097656,237.60726928710938,543.603271484375,44.480098724365234,1612.0389404296875,3497.2978515625
2018-10-12,1177.74951171875,249.33216857910156,457.7840576171875,215.06211853027344,1378.90869140625,305.5904846191406,546.9696655273438,191.28945922851562,231.93316650390625,1099.1285400390625,712.4911499023438,6758.95947265625,100.69322967529297,70.85706329345703,498.65301513671875,239.0574951171875,547.2167358398438,46.19072341918945,1561.8450927734375,3598.17529296875
2018-10-15,1167.5706787109375,250.23475646972656,463.8359375,219.8528594970703,1340.86962890625,299.80206298828125,563.08544921875,196.36366271972656,232.58895874023438,1082.3558349609375,694.4122924804688,6661.38525390625,100.96919250488281,70.72544860839844,504.4958801269531,238.55897521972656,555.8799438476562,45.669918060302734,1587.247314453125,3515.927734375
2018-10-16,1183.72607421875,252.72769165039062,460.3018798828125,218.7144775390625,1358.3516845703125,306.7864990234375,560.2247924804688,196.46795654296875,233.6421356201172,1089.69677734375,721.0206298828125,6632.5390625,100.53993225097656,70.3870620727539,515.1412963867188,244.99424743652344,558.4280395507812,45.89426803588867,1597.6685791015625,3557.9287109375
2018-10-17,1175.6953125,247.999755859375,456.109375,216.05821228027344,1372.2322998046875,301.18939208984375,568.3634033203125,199.1092987060547,233.69183349609375,1078.3519287109375,704.0543212890625,6386.470703125,99.89604949951172,71.10144805908203,509.6083068847656,236.7008819580078,549.8574829101562,44.44003677368164,1570.882080078125,3529.77001953125
2018-10-19,1153.6566162109375,246.9682159423828,454.527099609375,215.34669494628906,1386.6397705078125,301.811279296875,550.7970581054688,201.19459533691406,238.2523956298828,1073.1463623046875,687.1808471679688,6266.68310546875,99.0068359375,71.12025451660156,487.4764099121094,236.65560913085938,565.1455078125,44.464073181152344,1557.6923828125,3422.256103515625
2018-10-22,1120.972412109375,245.6358184814453,461.722412109375,212.500732421875,1392.3499755859375,312.9576110839844,547.8963012695312,200.53421020507812,231.30722045898438,1073.6358642578125,680.2737426757812,6318.39111328125,101.09186553955078,71.12025451660156,470.3685302734375,235.9757843017578,562.3195190429688,43.64682388305664,1549.38818359375,3283.501708984375
2018-10-23,1063.1217041015625,245.7647705078125,458.4770202636719,208.23171997070312,1363.4910888671875,308.8913269042969,529.8869018554688,198.7965087890625,233.3838348388672,1068.385986328125,676.7506713867188,6280.45556640625,101.18384552001953,71.79706573486328,466.84954833984375,231.71578979492188,533.5503540039062,43.71493148803711,1504.2281494140625,3170.10888671875
2018-10-24,1108.3656005859375,271.5102844238281,460.18634033203125,218.05039978027344,1393.2723388671875,308.078125,523.6017456054688,200.0128936767578,233.91041564941406,1084.5804443359375,682.5914916992188,6277.67431640625,99.9880142211914,71.59027862548828,462.8879089355469,231.76112365722656,528.778564453125,44.071475982666016,1508.184814453125,3207.938232421875
2018-10-25,1120.6456298828125,254.06005859375,454.7696228027344,210.93539428710938,1388.5015869140625,306.1167297363281,528.4484252929688,199.8739013671875,235.63926696777344,1069.142333984375,680.2737426757812,6235.8427734375,99.52810668945312,71.92866516113281,456.2705383300781,226.18690490722656,517.7064208984375,43.72694778442383,1511.8563232421875,3173.75927734375
2018-10-26,1111.5406494140625,256.1231384277344,453.01409912109375,209.8918914794922,1376.75048828125,302.0026550292969,516.107666015625,195.25152587890625,230.234130859375,1065.4940185546875,675.128173828125,6230.37109375,97.68839263916016,70.8382568359375,462.51165771484375,224.8726348876953,513.3516235351562,44.19165802001953,1467.8795166015625,3210.924560546875
2018-10-29,1119.5909423828125,252.81356811523438,444.95263671875,212.6430206298828,1372.02392578125,334.2934265136719,525.1901245117188,197.05877685546875,226.16041564941406,1122.307861328125,694.8757934570312,6305.86962890625,97.4737548828125,71.27064514160156,481.5008850097656,242.81893920898438,531.465576171875,45.96637725830078,1526.542236328125,3263.070068359375
2018-10-30,1119.824951171875,251.52420043945312,441.8227844238281,212.40585327148438,1407.4976806640625,330.75341796875,537.2864990234375,193.89608764648438,223.3187713623047,1131.161376953125,691.9089965820312,6211.5419921875,97.74971008300781,69.99227142333984,467.8676452636719,247.57742309570312,520.763916015625,45.229248046875,1545.961181640625,3283.880615234375
2018-10-31,1151.745361328125,251.3092803955078,441.5917663574219,209.08551025390625,1432.810302734375,339.65130615234375,559.1168212890625,194.6954345703125,222.39474487304688,1154.5189208984375,710.126953125,6136.78466796875,97.90303039550781,69.91706085205078,469.7488098144531,255.05508422851562,537.6270751953125,44.37594223022461,1581.329833984375,3317.775146484375
2018-11-01,1139.9508056640625,252.2978515625,441.6957092285156,219.3785400390625,1420.3966064453125,338.4075622558594,543.0699462890625,192.81871032714844,220.487060546875,1180.545654296875,700.9484252929688,6225.22265625,96.2779541015625,70.85706329345703,467.5356140136719,259.1337585449219,529.8441772460938,44.59627151489258,1579.3720703125,3414.71826171875
2018-11-02,1167.2840576171875,259.6476135253906,450.29998779296875,228.1062469482422,1447.6094970703125,339.1250915527344,539.4450073242188,196.88499450683594,225.1867218017578,1208.52978515625,726.4442749023438,6618.208984375,96.89119720458984,71.38346099853516,475.7908020019531,258.63525390625,529.8441772460938,45.994415283203125,1561.1773681640625,3537.165283203125
2018-11-05,1164.5224609375,262.8113708496094,451.81298828125,229.90872192382812,1449.023193359375,334.5326232910156,542.4996337890625,194.347900390625,224.44151306152344,1201.3668212890625,718.9345092773438,6656.97900390625,94.13162231445312,69.95465087890625,482.6074523925781,267.33648681640625,529.612548828125,46.2668342590332,1542.73828125,3578.644775390625
2018-11-06,1159.32763671875,264.4149169921875,449.63018798828125,230.1458740234375,1441.866455078125,337.83343505859375,542.8662109375,192.74917602539062,223.61683654785156,1213.55712890625,721.6695556640625,6562.1416015625,94.53022003173828,70.72544860839844,488.7158508300781,259.63226318359375,536.793212890625,46.13063430786133,1576.8837890625,3550.058837890625
2018-11-07,1170.981689453125,265.455078125,452.2633972167969,231.52142333984375,1452.38037109375,340.51239013671875,550.2382202148438,194.66070556640625,225.4053192138672,1215.425537109375,735.1128540039062,6611.2060546875,94.95950317382812,71.08267211914062,491.6372375488281,259.722900390625,539.5264282226562,46.491180419921875,1584.5933837890625,3586.276611328125
2018-11-09,1212.777099609375,259.8209228515625,449.364501953125,226.54095458984375,1477.781494140625,341.4213562011719,537.2049560546875,192.71444702148438,225.65371704101562,1217.7835693359375,737.29150390625,6755.52734375,94.71418762207031,72.07904815673828,484.001708984375,256.73187255859375,553.563720703125,45.84619140625,1557.7095947265625,3619.697265625
2018-11-12,1197.05126953125,256.7438049316406,443.739990234375,217.48118591308594,1461.6134033203125,337.1158752441406,541.0335083007812,190.35113525390625,229.26043701171875,1216.5379638671875,723.9874267578125,6574.013671875,93.7023696899414,69.91706085205078,478.0482482910156,251.92807006835938,546.1976928710938,46.69949722290039,1562.3194580078125,3533.420654296875
2018-11-13,1202.76123046875,257.9139709472656,445.28759765625,219.6631317138672,1476.4564208984375,345.29620361328125,542.2553100585938,192.43641662597656,231.6847686767578,1237.80419921875,732.4705200195312,6632.12158203125,96.15531158447266,69.2026596069336,486.6575927734375,252.01869201660156,520.4860229492188,47.20827865600586,1578.71923828125,3631.1220703125
2018-11-14,1236.1324462890625,261.1644592285156,452.21722412109375,217.71836853027344,1515.6849365234375,350.74981689453125,532.0734252929688,192.15835571289062,224.5309600830078,1232.109619140625,713.5108642578125,6834.8759765625,96.4925765991211,69.91706085205078,485.99359130859375,257.0491638183594,481.8955383300781,47.200260162353516,1534.416015625,3713.748779296875
2018-11-15,1234.0262451171875,263.85150146484375,456.2364196777344,221.60789489746094,1507.33544921875,354.00274658203125,534.679931640625,190.8029022216797,230.95947265625,1244.388671875,710.6368408203125,6936.20654296875,94.31559753417969,70.34945678710938,485.5067138671875,258.6805725097656,477.2626953125,47.22029495239258,1528.0521240234375,3709.86181640625
2018-11-16,1236.8343505859375,288.425048828125,462.9697570800781,218.14524841308594,1492.359619140625,351.65869140625,530.1589965820312,192.22789001464844,232.22134399414062,1244.8782958984375,711.6566772460938,6809.044921875,94.46891021728516,70.72544860839844,499.029296875,263.6656799316406,481.57122802734375,45.99842071533203,1539.2706298828125,3756.74462890625
2018-11-19,1228.269287109375,291.9789123535156,465.1872253417969,222.4142303466797,1503.2271728515625,346.7313537597656,530.8514404296875,197.75387573242188,233.54278564453125,1261.0281982421875,724.4044799804688,6874.3876953125,93.79434967041016,71.3270492553711,509.032958984375,261.173095703125,492.50433349609375,46.6634407043457,1552.20263671875,3822.685302734375
2018-11-20,1223.30810546875,287.73162841796875,464.8522644042969,210.5559539794922,1496.68896484375,342.4259338378906,522.46142578125,197.30203247070312,232.48959350585938,1257.3800048828125,725.5634765625,6802.31982421875,91.46404266357422,70.8382568359375,503.4556579589844,256.9131774902344,486.8525390625,45.13309860229492,1532.4581298828125,3770.065673828125
2018-11-21,1239.549072265625,288.3817138671875,466.30755615234375,211.69435119628906,1493.11083984375,341.3256530761719,504.29656982421875,195.8423614501953,233.8309326171875,1247.59228515625,713.0474243164062,6886.30615234375,90.66685485839844,68.46946716308594,492.61102294921875,260.17608642578125,493.70880126953125,44.17963790893555,1478.4049072265625,3833.92041015625
2018-11-22,1230.37548828125,284.1777648925781,463.2469787597656,206.9036102294922,1479.990478515625,336.8288879394531,505.64056396484375,194.97349548339844,232.61874389648438,1254.7550048828125,691.7235717773438,6873.8779296875,89.53235626220703,67.60466766357422,488.16253662109375,256.23333740234375,487.3157653808594,43.23820114135742,1478.8533935546875,3745.36767578125
2018-11-26,1263.2315673828125,289.9853210449219,473.4797058105469,207.56764221191406,1540.8651123046875,340.9429016113281,506.2109069824219,198.55320739746094,232.6088104248047,1265.2991943359375,693.3925170898438,7007.068359375,88.73516082763672,68.60107421875,491.21673583984375,259.5869445800781,473.2322692871094,42.52110290527344,1506.226806640625,3754.327392578125
2018-11-27,1253.9644775390625,284.43780517578125,476.7597351074219,208.61117553710938,1531.4114990234375,339.3164367675781,520.4249267578125,197.99713134765625,233.20497131347656,1273.8411865234375,696.9618530273438,7093.23388671875,89.37905883789062,68.63866424560547,499.38336181640625,262.30609130859375,457.5737609863281,41.84806823730469,1542.248779296875,3797.1337890625
2018-11-28,1239.595947265625,272.2593688964844,482.5921630859375,204.95884704589844,1530.439697265625,343.4783630371094,542.8256225585938,196.1551513671875,230.56204223632812,1248.748779296875,693.8560180664062,7025.1552734375,87.96861267089844,69.29666900634766,510.2058410644531,257.9101867675781,450.3003234863281,41.98027420043945,1618.65771484375,3796.0908203125
2018-11-29,1263.98046875,274.9464416503906,492.2474670410156,212.9750213623047,1562.51171875,346.5400085449219,538.467529296875,199.8739013671875,241.03445434570312,1265.6995849609375,716.8484497070312,6999.6943359375,87.23271942138672,67.86786651611328,517.2216796875,259.5869445800781,448.8178405761719,42.749446868896484,1599.606201171875,3821.215576171875
2018-11-30,1259.908447265625,271.7393493652344,491.6468811035156,214.58779907226562,1549.70068359375,339.7948303222656,543.6807861328125,198.657470703125,245.20748901367188,1274.6424560546875,733.2586059570312,7106.21923828125,86.03692626953125,67.73626708984375,516.8011474609375,258.00079345703125,456.4154968261719,42.42495346069336,1605.888671875,3792.0615234375
2018-12-03,1253.121826171875,277.1567687988281,488.1474914550781,221.08612060546875,1612.960693359375,340.1297302246094,546.0430297851562,196.6764373779297,243.64759826660156,1270.193115234375,705.5841064453125,7215.990234375,88.85779571533203,69.1086654663086,511.887939453125,259.94952392578125,421.9481201171875,43.11400604248047,1617.4337158203125,3836.954345703125
2018-12-04,1244.4632568359375,276.1166076660156,481.737548828125,221.37074279785156,1597.1016845703125,342.4737854003906,558.1800537109375,195.91188049316406,243.4886016845703,1263.4310302734375,686.3462524414062,7161.916015625,87.8153076171875,70.40585327148438,510.0509338378906,256.097412109375,410.3663330078125,43.12202072143555,1640.6458740234375,3821.452392578125
2018-12-05,1244.51025390625,271.132568359375,484.8905029296875,209.9867706298828,1632.8399658203125,336.20697021484375,555.0439453125,191.3937530517578,240.74632263183594,1241.0966796875,665.7178955078125,7006.46533203125,86.4968490600586,68.99585723876953,511.3124084472656,253.9220733642578,382.6163330078125,41.47950744628906,1637.3006591796875,3763.0498046875
2018-12-06,1212.309326171875,263.5047607421875,484.3939208984375,206.7138671875,1591.6680908203125,332.61907958984375,544.5360107421875,189.79505920410156,234.536376953125,1227.482666015625,659.1353759765625,6687.0771484375,85.73030853271484,68.99585723876953,497.3694152832031,249.8433837890625,389.2873840332031,40.87858963012695,1625.83740234375,3663.926025390625
2018-12-07,1234.353515625,263.4613952636719,486.83087158203125,207.56764221191406,1611.812255859375,336.972412109375,556.1842651367188,190.49014282226562,254.28890991210938,1245.6343994140625,668.545654296875,6783.7705078125,84.53449249267578,68.67626953125,501.862060546875,249.61679077148438,381.0411682128906,40.80647277832031,1627.877197265625,3728.396484375
2018-12-10,1192.745361328125,255.66030883789062,482.4766540527344,206.7138671875,1586.6317138671875,331.3752746582031,545.1062622070312,187.98780822753906,238.13316345214844,1217.027587890625,658.7645263671875,6817.67138671875,83.52266693115234,67.41666412353516,482.5853576660156,248.52911376953125,369.6910095214844,40.28968811035156,1612.048583984375,3580.541259765625
2018-12-11,1238.9873046875,251.58642578125,475.7319030761719,205.14857482910156,1585.8367919921875,327.9787902832031,549.4234619140625,190.9419403076172,242.17706298828125,1211.376953125,669.7044677734375,6775.7939453125,84.2278823852539,67.79266357421875,485.81658935546875,254.91912841796875,391.2795104980469,40.121429443359375,1631.7938232421875,3673.028076171875
2018-12-12,1245.82080078125,264.84832763671875,481.6798095703125,209.9393310546875,1624.888671875,334.8196716308594,552.6817626953125,191.88034057617188,245.84339904785156,1245.9906005859375,696.0810546875,6930.2236328125,86.2822265625,68.63866424560547,491.5487060546875,258.5446472167969,399.75738525390625,41.68382263183594,1645.5003662109375,3728.302001953125
2018-12-13,1235.8046875,262.72467041015625,485.3756103515625,208.99066162109375,1639.422607421875,334.43695068359375,568.3621826171875,191.3590087890625,251.25848388671875,1269.2586669921875,703.8689575195312,7114.4736328125,86.4968490600586,68.63866424560547,490.0216064453125,261.94354248046875,391.09417724609375,41.0428352355957,1617.5970458984375,3744.135009765625
2018-12-14,1255.22802734375,276.7234191894531,484.0821228027344,208.84835815429688,1643.84033203125,336.68536376953125,575.1229858398438,191.6717987060547,249.5792999267578,1255.867431640625,702.0610961914062,7106.7294921875,87.99927520751953,69.82304382324219,492.3011779785156,262.1248474121094,389.7507019042969,41.146995544433594,1623.430419921875,3797.181396484375
2018-12-17,1250.4542236328125,273.212890625,492.0511474609375,213.87628173828125,1635.1370849609375,342.9521789550781,565.6332397460938,194.5216827392578,242.9222869873047,1252.84228515625,701.2265625,7173.41796875,89.59367370605469,72.3986587524414,500.1358642578125,262.3967590332031,390.0286560058594,41.98427963256836,1627.1427001953125,3801.2109375
2018-12-18,1269.0350341796875,275.466552734375,493.2638244628906,213.68653869628906,1626.3460693359375,346.5878601074219,551.134033203125,193.34002685546875,245.83348083496094,1271.0831298828125,714.7625732421875,7208.94140625,90.57486724853516,73.82745361328125,503.0130920410156,265.34246826171875,401.6105041503906,42.224647521972656,1621.8800048828125,3800.120361328125
2018-12-19,1310.7374267578125,279.7138671875,490.4919738769531,215.48898315429688,1629.924560546875,350.6540832519531,541.5628051757812,197.02398681640625,243.55816650390625,1276.644287109375,725.60986328125,7360.72802734375,91.86266326904297,74.82386779785156,503.1900634765625,272.5482177734375,392.6693420410156,42.25669479370117,1606.052001953125,3872.55517578125
2018-12-20,1334.6539306640625,274.3830261230469,493.7257385253906,212.40585327148438,1620.603271484375,346.4922180175781,543.3549194335938,196.46795654296875,245.6745147705078,1290.9256591796875,737.4769287109375,7241.12646484375,91.55603790283203,74.4290542602539,499.4941101074219,266.520751953125,397.53363037109375,41.93219757080078,1594.3028564453125,3830.649169921875
2018-12-21,1299.4573974609375,266.88525390625,487.6507873535156,212.500732421875,1593.4349365234375,338.8859558105469,526.3713989257812,192.36688232421875,243.86618041992188,1263.5196533203125,724.2191162109375,6990.00244140625,92.32257843017578,74.03425598144531,486.9895324707031,264.572021484375,394.0591125488281,41.67981719970703,1546.777099609375,3777.508056640625
2018-12-24,1270.2989501953125,267.9254150390625,480.6056213378906,206.66644287109375,1576.7806396484375,337.49859619140625,528.652099609375,191.84559631347656,246.11167907714844,1249.99462890625,731.1726684570312,6983.36962890625,89.77763366699219,72.925048828125,482.098388671875,265.6143798828125,393.1788635253906,41.15901565551758,1565.2978515625,3713.84326171875
2018-12-26,1275.8685302734375,277.7635498046875,490.2379455566406,207.3779296875,1582.9210205078125,340.4645690917969,524.6199340820312,192.2974090576172,248.02932739257812,1265.8775634765625,730.2918090820312,7020.42431640625,89.25640869140625,73.43266296386719,486.170654296875,266.6114196777344,383.26483154296875,41.13898468017578,1541.391845703125,3788.696044921875
2018-12-27,1284.7611083984375,274.5130310058594,486.2417907714844,209.27528381347656,1603.5072021484375,340.273193359375,535.0056762695312,195.1472625732422,246.45944213867188,1268.012939453125,737.6624145507812,6956.28759765625,90.94280242919922,73.90265655517578,495.8423156738281,264.79864501953125,380.94854736328125,40.58213424682617,1557.5054931640625,3775.801513671875
2018-12-28,1278.6767578125,274.3830261230469,490.36492919921875,212.02639770507812,1609.8243408203125,345.1526794433594,535.1278686523438,196.1898956298828,246.67800903320312,1280.7816162109375,744.986572265625,6961.48095703125,91.89331817626953,74.09065246582031,498.2103271484375,267.2005310058594,393.9665222167969,41.090911865234375,1546.9808349609375,3797.08642578125
2018-12-31,1285.2764892578125,270.8725280761719,490.0877685546875,214.58779907226562,1607.7039794921875,344.57867431640625,536.7569580078125,195.77285766601562,249.68861389160156,1279.135498046875,745.2647705078125,6924.33447265625,91.40272521972656,74.69223022460938,496.3070373535156,268.19757080078125,398.87713623046875,41.74791717529297,1544.5330810546875,3783.813232421875
2019-01-01,1283.8720703125,276.9400634765625,496.18585205078125,211.3148956298828,1591.314453125,348.0229797363281,541.7259521484375,196.502685546875,248.48634338378906,1283.00634765625,716.987548828125,6934.81494140625,91.1880874633789,75.1998519897461,496.19635009765625,271.5511779785156,401.703125,41.32326889038086,1552.4881591796875,3801.11572265625
2019-01-02,1294.87109375,271.0025329589844,491.65850830078125,203.5358428955078,1576.736328125,348.8363037109375,544.9839477539062,195.04299926757812,246.52899169921875,1268.4134521484375,687.644287109375,6741.0126953125,90.14559936523438,73.41383361816406,489.73394775390625,266.384765625,407.72564697265625,39.55255889892578,1569.214111328125,3798.177001953125
2019-01-03,1299.5513916015625,271.7393493652344,487.8010559082031,198.4604949951172,1580.09375,347.54461669921875,545.0656127929688,193.82656860351562,245.46585083007812,1241.2745361328125,665.9497680664062,6681.744140625,87.93795013427734,72.5866470336914,483.6919250488281,263.8469543457031,404.0657958984375,38.55903244018555,1550.1629638671875,3697.631103515625
2019-01-04,1297.258056640625,279.4970703125,489.1060791015625,200.07321166992188,1574.17431640625,349.4103698730469,538.467529296875,195.28628540039062,247.9895477294922,1235.0904541015625,672.7176513671875,6710.0791015625,89.37905883789062,73.65824890136719,486.303466796875,269.78369140625,401.93475341796875,39.07182312011719,1531.3160400390625,3711.378173828125
2019-01-07,1306.759033203125,281.6640930175781,489.84515380859375,197.84385681152344,1577.04541015625,351.80218505859375,547.142578125,195.77285766601562,247.7213134765625,1231.308837890625,676.3798217773438,6828.38330078125,91.12679290771484,74.61705017089844,489.0035400390625,268.56011962890625,399.1551513671875,38.899559020996094,1548.4903564453125,3722.945068359375
2019-01-08,1311.67333984375,285.39129638671875,485.76824951171875,195.8990936279297,1564.5877685546875,363.7139587402344,545.798583984375,197.58010864257812,244.20399475097656,1229.885009765625,670.6780395507812,6900.2177734375,90.11493682861328,74.20344543457031,488.9592590332031,276.7174987792969,415.13800048828125,39.3682746887207,1544.9412841796875,3713.03759765625
2019-01-09,1312.3756103515625,289.9419860839844,488.9558410644531,195.14016723632812,1577.0894775390625,365.72314453125,550.7267456054688,201.85491943359375,246.06199645996094,1233.310791015625,673.3667602539062,6949.74853515625,89.86962890625,74.29745483398438,491.6593933105469,276.7174987792969,415.7865905761719,38.39478302001953,1539.556640625,3619.12841796875
2019-01-10,1307.0869140625,292.3689880371094,487.0387878417969,193.5274200439453,1578.14990234375,363.0920715332031,553.6591796875,201.29879760742188,242.34597778320312,1239.138916015625,679.7638549804688,6855.79150390625,90.82015228271484,73.56425476074219,490.2207946777344,276.9441223144531,411.94140625,38.49093246459961,1540.8619384765625,3620.029296875
2019-01-11,1313.919921875,290.4620666503906,487.82403564453125,195.282470703125,1563.3067626953125,362.1831359863281,556.7545776367188,205.29562377929688,243.07130432128906,1218.67333984375,674.85009765625,6789.84521484375,90.75884246826172,73.07545471191406,486.0378723144531,274.4062805175781,411.756103515625,37.994171142578125,1503.3304443359375,3574.52001953125
2019-01-14,1299.8319091796875,287.42828369140625,485.4564208984375,195.56704711914062,1558.447265625,357.2079772949219,571.7425537109375,204.5657958984375,240.79598999023438,1186.9075927734375,671.744140625,6871.6513671875,89.25640869140625,72.3798599243164,485.4845886230469,272.2762451171875,417.7322998046875,37.72575759887695,1479.42431640625,3580.58837890625
2019-01-15,1316.07275390625,292.7590026855469,490.13397216796875,197.79641723632812,1581.374755859375,356.6339416503906,591.8622436523438,206.12974548339844,241.12387084960938,1193.1363525390625,673.9229125976562,6821.98388671875,89.40972137451172,72.3610610961914,500.0252685546875,273.40924072265625,419.21478271484375,38.06227493286133,1523.9320068359375,3628.98876953125
2019-01-16,1300.9083251953125,289.4651794433594,489.74127197265625,197.7015380859375,1566.0897216796875,359.0736083984375,600.1707153320312,204.39199829101562,239.0075225830078,1194.2484130859375,673.3203735351562,6780.33837890625,89.74700164794922,72.19187927246094,502.791748046875,274.7688293457031,420.4656066894531,38.022220611572266,1525.8494873046875,3685.25830078125
2019-01-17,1300.7679443359375,287.8183288574219,492.5362243652344,195.42477416992188,1547.491455078125,358.4039001464844,597.3605346679688,204.32249450683594,242.4254913330078,1197.7188720703125,681.108154296875,6804.453125,88.85779571533203,72.9062728881836,502.14990234375,269.5571594238281,395.2172546386719,37.91004180908203,1548.86572265625,3646.81298828125
2019-01-18,1310.924560546875,269.702392578125,492.0627136230469,198.08102416992188,1540.95361328125,355.91632080078125,595.4056396484375,202.58480834960938,246.4495086669922,1172.6707763671875,681.3861694335938,6824.5810546875,88.4898681640625,72.79346466064453,524.2374877929688,267.33648681640625,362.0470275878906,37.70973205566406,1554.0579833984375,3621.687744140625
2019-01-21,1331.1904296875,269.875732421875,496.1973876953125,196.9900665283203,1543.42724609375,355.6293029785156,606.8502197265625,201.5073699951172,251.8943634033203,1169.6898193359375,677.0751953125,6685.87060546875,87.93795013427734,71.90985870361328,547.8521728515625,265.07061767578125,369.0423889160156,37.793861389160156,1560.6396484375,3649.752197265625
2019-01-22,1317.009033203125,264.2416076660156,493.3562927246094,193.1005401611328,1546.343017578125,353.0938415527344,607.1354370117188,201.4031219482422,256.69342041015625,1157.7666015625,656.8638916015625,6556.4365234375,87.57000732421875,71.3270492553711,546.723388671875,263.0765380859375,388.175537109375,36.58000183105469,1555.0799560546875,3660.1337890625
2019-01-23,1307.2738037109375,263.2447509765625,486.3226318359375,194.9029998779297,1561.3629150390625,351.5152282714844,595.975830078125,192.74917602539062,253.66294860839844,1158.0335693359375,645.1358642578125,6534.6875,86.31287384033203,70.04866790771484,542.8060302734375,259.81353759765625,399.3404235839844,37.224998474121094,1533.5758056640625,3650.794921875
2019-01-24,1312.2353515625,261.46783447265625,485.5950012207031,194.52352905273438,1554.559814453125,349.02764892578125,599.5386352539062,193.86134338378906,251.92417907714844,1152.605712890625,646.4801635742188,6530.23486328125,85.88361358642578,70.21784973144531,552.1679077148438,261.08245849609375,391.9280090332031,36.91652297973633,1554.7935791015625,3593.956787109375
2019-01-25,1284.433837890625,266.53851318359375,484.1513671875,193.954345703125,1552.17431640625,341.7562255859375,598.1871948242188,194.0698699951172,251.60621643066406,1143.7965087890625,633.6860961914062,6041.25048828125,84.81046295166016,69.87946319580078,551.5260620117188,258.6805725097656,391.37213134765625,36.287559509277344,1570.533447265625,3328.583740234375
2019-01-28,1291.313720703125,264.50164794921875,481.4141540527344,189.73277282714844,1539.9815673828125,328.69635009765625,596.2215576171875,190.9767303466797,250.4735107421875,1157.1436767578125,623.99755859375,6039.0712890625,84.9944076538086,70.61265563964844,544.2446899414062,255.23635864257812,381.5044250488281,35.710670471191406,1598.496826171875,3199.310546875
2019-01-29,1304.2315673828125,266.8419494628906,475.2814025878906,189.30587768554688,1552.0859375,331.8536682128906,596.1806030273438,193.54855346679688,248.67515563964844,1137.2122802734375,620.8453369140625,6053.81884765625,84.93309020996094,69.78546142578125,535.8788452148438,254.3299560546875,391.37213134765625,35.558441162109375,1621.186767578125,3232.68359375
2019-01-30,1301.516845703125,263.2447509765625,469.99176025390625,195.2350616455078,1531.4559326171875,350.0800476074219,594.5425415039062,191.49803161621094,242.87258911132812,1151.8048095703125,629.1893920898438,6073.57470703125,85.05573272705078,70.34945678710938,529.2613525390625,260.5386657714844,387.2489929199219,37.45334243774414,1620.0831298828125,3263.544189453125
2019-01-31,1322.2977294921875,265.58514404296875,480.4439697265625,197.79641723632812,1557.873046875,348.6927490234375,613.912841796875,193.6875762939453,249.53955078125,1169.4676513671875,630.4873657226562,6159.74072265625,85.66897583007812,70.9134750366211,543.1823120117188,266.1582336425781,392.3450012207031,38.19447326660156,1646.819580078125,3336.690185546875
2019-02-01,1364.046630859375,270.3091125488281,482.8693542480469,200.54754638671875,1589.7239990234375,339.3164367675781,620.0556030273438,195.216796875,249.52963256835938,1178.63232421875,638.2288818359375,6457.6103515625,85.94493103027344,71.51504516601562,553.2745361328125,257.774169921875,392.15972900390625,38.034236907958984,1659.779296875,3302.842529296875
2019-02-04,1353.89013671875,265.7151794433594,486.2071533203125,193.71717834472656,1592.6397705078125,339.22076416015625,619.1137084960938,192.61016845703125,252.8084716796875,1163.327880859375,625.29541015625,6481.6337890625,84.16654968261719,69.40945434570312,571.4004516601562,257.3663635253906,384.33038330078125,38.14240264892578,1676.37744140625,3268.56884765625
2019-02-05,1357.634521484375,267.1452941894531,488.3207092285156,194.2389373779297,1609.2940673828125,337.40289306640625,618.253662109375,190.55963134765625,254.18954467773438,1160.8363037109375,634.9839477539062,6579.39306640625,84.65714263916016,69.97345733642578,571.6881713867188,258.00079345703125,379.7903747558594,37.23300552368164,1671.7174072265625,3282.07958984375
2019-02-06,1375.4669189453125,267.6220703125,490.30718994140625,200.54754638671875,1616.80419921875,343.76544189453125,625.1746826171875,193.02720642089844,254.2591094970703,1169.556640625,644.4404907226562,6662.68359375,86.3128890991211,70.23667907714844,579.9655151367188,261.98883056640625,385.9981994628906,38.86751174926758,1696.450927734375,3328.156982421875
2019-02-07,1378.32177734375,269.702392578125,489.059814453125,198.4604949951172,1624.8443603515625,343.14349365234375,625.7479858398438,194.83447265625,255.2626190185547,1153.2286376953125,649.81787109375,6773.1962890625,85.58888244628906,69.40945434570312,571.17919921875,260.49334716796875,402.9539489746094,39.18399429321289,1703.0736083984375,3385.232666015625
2019-02-08,1356.18359375,271.5226135253906,490.30718994140625,195.32989501953125,1605.627685546875,339.7470397949219,623.2090454101562,191.49803161621094,258.2135925292969,1122.708251953125,632.387939453125,6617.095703125,83.13359832763672,68.05585479736328,565.5576782226562,259.22442626953125,399.3867492675781,37.557498931884766,1685.4945068359375,3373.144287109375
2019-02-11,1345.2318115234375,270.612548828125,494.2340087890625,189.2110137939453,1594.5836181640625,334.91534423828125,624.76513671875,192.61016845703125,258.6407775878906,1109.1387939453125,600.35595703125,6657.58203125,82.06334686279297,68.56346893310547,554.7351684570312,254.2393341064453,397.0703430175781,38.51497268676758,1689.1737060546875,3270.370361328125
2019-02-12,1359.272705078125,269.7890625,491.9356689453125,188.16749572753906,1585.483154296875,329.4139404296875,614.6499633789062,191.3590087890625,258.0645751953125,1109.4503173828125,601.4222412109375,6643.29833984375,83.88906860351562,68.14986419677734,556.1294555664062,249.61679077148438,404.52911376953125,39.05179214477539,1677.4815673828125,3273.16748046875
2019-02-14,1309.75439453125,260.7310791015625,487.4313659667969,181.90631103515625,1577.1339111328125,329.0791015625,606.1320190429688,193.16627502441406,255.709716796875,1092.32177734375,588.1644287109375,6508.8095703125,82.62994384765625,65.78106689453125,541.8765258789062,242.09385681152344,408.51324462890625,38.66319274902344,1671.7579345703125,3313.5087890625
2019-02-15,1304.512451171875,264.0248718261719,485.2254333496094,177.0206756591797,1566.310546875,327.35687255859375,607.6880493164062,194.6954345703125,255.08380126953125,1106.113525390625,581.8136596679688,6427.69873046875,85.77775573730469,68.24386596679688,550.8399658203125,238.3323974609375,391.8354797363281,37.45734786987305,1659.5750732421875,3260.9365234375
2019-02-18,1291.8287353515625,262.2479553222656,482.7422790527344,175.075927734375,1547.8450927734375,324.1039123535156,606.9509887695312,190.9419403076172,253.7722625732422,1107.359375,579.17138671875,6346.6806640625,86.53321838378906,67.96188354492188,540.061767578125,235.61322021484375,384.19140625,37.301109313964844,1611.0067138671875,3251.266357421875
2019-02-19,1289.7691650390625,263.2447509765625,481.39105224609375,176.9732666015625,1535.519775390625,328.4093322753906,593.232177734375,191.77606201171875,254.4478759765625,1119.638427734375,586.4955444335938,6311.2958984375,84.17237091064453,67.47306823730469,538.2911376953125,238.28704833984375,383.26483154296875,37.73377227783203,1557.4512939453125,3287.626220703125
2019-02-20,1307.6015625,267.8387451171875,487.00408935546875,183.09213256835938,1531.58837890625,330.2750244140625,606.6643676757812,191.74130249023438,256.2959899902344,1135.87744140625,587.3763427734375,6353.3583984375,86.37583923339844,68.35665130615234,546.3693237304688,242.63768005371094,391.3258361816406,39.35225296020508,1565.5867919921875,3387.887451171875
2019-02-21,1308.4443359375,268.618896484375,488.7479248046875,184.42025756835938,1550.319091796875,336.11126708984375,600.726318359375,191.18519592285156,256.17669677734375,1142.595703125,587.97900390625,6308.51318359375,85.90367889404297,68.35665130615234,551.9243774414062,242.90960693359375,398.1358947753906,39.96919250488281,1565.13720703125,3442.781982421875
2019-02-22,1308.4443359375,272.0426940917969,483.10040283203125,186.3650360107422,1562.5556640625,336.8288879394531,601.954833984375,190.66392517089844,245.992431640625,1139.2587890625,599.4752197265625,6411.3271484375,87.94974517822266,68.39427947998047,545.4840698242188,245.5834197998047,398.87713623046875,40.2456169128418,1574.4989013671875,3437.52001953125
2019-02-25,1308.865234375,274.98980712890625,490.94232177734375,186.41244506835938,1563.969482421875,340.2253723144531,618.2947387695312,192.33212280273438,246.59854125976562,1135.2545166015625,603.2765502929688,6422.92138671875,88.35897064208984,68.41307067871094,545.4619750976562,244.8582763671875,404.0657958984375,40.46996307373047,1623.1488037109375,3523.702392578125
2019-02-26,1312.3756103515625,273.4295349121094,487.5352783203125,186.41244506835938,1565.8250732421875,333.1452941894531,608.1384887695312,191.49803161621094,245.6446990966797,1126.3564453125,603.8327026367188,6403.81494140625,88.48485565185547,68.13106536865234,540.128173828125,241.4140625,403.7415466308594,40.34977722167969,1666.93359375,3591.918212890625
2019-02-27,1315.8388671875,277.5034484863281,483.2851867675781,185.89068603515625,1534.23876953125,330.6098937988281,602.200439453125,191.21998596191406,241.6703338623047,1143.129150390625,608.3292846679688,6463.36083984375,87.35166931152344,68.22506713867188,541.566650390625,242.59234619140625,410.18096923828125,40.63020324707031,1682.7962646484375,3687.24951171875
2019-02-28,1315.37109375,275.6832580566406,479.8896484375,185.70094299316406,1530.837646484375,335.0110168457031,601.4225463867188,191.88034057617188,241.06423950195312,1150.47021484375,598.8262329101562,6334.623046875,88.92558288574219,68.75145721435547,544.90869140625,243.86126708984375,412.4510192871094,40.097389221191406,1621.7591552734375,3627.89794921875
2019-03-01,1303.34228515625,266.6685485839844,481.2294006347656,186.0804443359375,1532.604248046875,338.9337158203125,607.6471557617188,193.37474060058594,243.61778259277344,1164.3511962890625,602.349365234375,6432.42822265625,90.02729797363281,68.883056640625,542.6954345703125,247.3961639404297,414.4893798828125,40.67026901245117,1631.530029296875,3677.05712890625
2019-03-05,1314.107177734375,266.8419494628906,486.71539306640625,188.54696655273438,1523.724609375,347.54461669921875,599.9481811523438,196.3984375,246.49917602539062,1161.904296875,608.885498046875,6601.7919921875,92.54553985595703,68.80785369873047,547.8299560546875,250.56851196289062,422.411376953125,41.80400466918945,1625.5609130859375,3756.55517578125
2019-03-06,1304.60595703125,268.1854553222656,486.0570068359375,192.34158325195312,1501.8134765625,355.8684997558594,599.9481811523438,198.62274169921875,246.6680908203125,1171.8699951171875,610.87890625,6545.353515625,93.77318572998047,69.3718490600586,559.8474731445312,252.06402587890625,426.7197570800781,41.73189163208008,1634.9639892578125,3772.15185546875
2019-03-07,1306.2440185546875,266.6685485839844,491.19647216796875,190.3019561767578,1506.7613525390625,354.7681884765625,592.1264038085938,201.64637756347656,245.85336303710938,1203.3690185546875,622.8386840820312,6519.52197265625,92.0418930053711,70.36827850341797,562.260009765625,255.372314453125,417.7786560058594,41.75593185424805,1646.165771484375,3709.718994140625
2019-03-08,1293.981689453125,267.5787048339844,491.5892028808594,185.51123046875,1503.4036865234375,354.5768737792969,583.4443969726562,202.96705627441406,246.19117736816406,1191.8017578125,621.3088989257812,6462.619140625,95.81925964355469,70.31185913085938,560.86572265625,254.87379455566406,421.5311279296875,40.6902961730957,1653.8511962890625,3765.846435546875
2019-03-11,1329.03759765625,289.335205078125,491.6468811035156,190.7288818359375,1515.19873046875,359.599853515625,582.5435791015625,203.62742614746094,248.30752563476562,1198.1636962890625,631.4144897460938,6568.54150390625,95.31561279296875,73.0566635131836,577.2433471679688,260.4480285644531,425.70062255859375,41.71586608886719,1647.392578125,3838.992431640625
2019-03-12,1336.806884765625,304.93743896484375,501.4754638671875,192.958251953125,1532.7366943359375,371.4159240722656,579.021728515625,204.70477294921875,251.0498046875,1235.8468017578125,637.7651977539062,6638.3828125,95.22119140625,73.82745361328125,589.3050537109375,260.0401306152344,435.75360107421875,42.076416015625,1645.4705810546875,3883.173828125
2019-03-13,1336.9942626953125,292.7590026855469,514.306884765625,191.9147186279297,1544.046142578125,374.9559326171875,580.250244140625,204.9828338623047,250.63250732421875,1226.681884765625,634.3349609375,6577.02783203125,93.30101776123047,73.22586059570312,596.3651123046875,265.70501708984375,422.9673156738281,41.16301727294922,1635.699951171875,3816.712158203125
2019-03-14,1343.0318603515625,296.78961181640625,513.89111328125,190.4442596435547,1534.9456787109375,371.12884521484375,580.1683349609375,205.3998565673828,252.16262817382812,1227.7052001953125,635.9110717773438,6572.62255859375,96.73213195800781,72.71420288085938,593.8199462890625,264.572021484375,431.908447265625,41.47549819946289,1624.9886474609375,3758.404052734375
2019-03-15,1340.9725341796875,292.7156677246094,520.4164428710938,188.83154296875,1500.5767822265625,378.2088928222656,588.5224609375,202.13296508789062,263.33056640625,1242.6092529296875,643.9769287109375,6570.48876953125,99.502197265625,74.90419006347656,585.0116577148438,270.4634704589844,430.2406005859375,41.29922866821289,1667.9560546875,3712.848388671875
2019-03-18,1353.1881103515625,286.6047668457031,522.368408203125,189.0687255859375,1499.8258056640625,380.84002685546875,581.6835327148438,204.04446411132812,267.0068359375,1226.9488525390625,634.3349609375,6394.26220703125,99.9428939819336,76.37705993652344,597.58251953125,270.9620666503906,430.750244140625,42.08042907714844,1653.9334716796875,3764.14013671875
2019-03-19,1360.9576416015625,291.8922424316406,523.8235473632812,191.962158203125,1501.680908203125,381.17486572265625,591.552978515625,208.14547729492188,267.8215637207031,1208.307373046875,639.156005859375,6330.44921875,101.91340637207031,77.13290405273438,609.3124389648438,274.6781311035156,434.5027770996094,42.264713287353516,1653.9334716796875,3771.535400390625
2019-03-20,1363.0638427734375,289.508544921875,531.0419311523438,196.51573181152344,1490.990478515625,375.9126892089844,605.2310180664062,207.76321411132812,268.5866394042969,1219.830322265625,629.14306640625,6189.7919921875,97.6449966430664,76.51272583007812,608.8253784179688,275.35797119140625,439.876708984375,41.1510009765625,1647.5965576171875,3718.7265625
2019-03-22,1377.1986083984375,287.38494873046875,525.763916015625,198.36561584472656,1482.5968017578125,374.8602294921875,608.6299438476562,207.2766571044922,265.5363464355469,1241.0078125,629.3284301757812,6077.70263671875,101.72455596923828,76.93909454345703,593.9086303710938,270.146240234375,438.48687744140625,41.53559112548828,1639.910888671875,3725.7900390625
2019-03-25,1364.37451171875,283.4410095214844,526.9534912109375,194.9029998779297,1478.88623046875,366.9190979003906,602.200439453125,205.08712768554688,260.05169677734375,1225.035400390625,616.1633911132812,6049.7841796875,102.25338745117188,78.29569244384766,586.2509155273438,266.4754638671875,430.51861572265625,41.27519226074219,1622.4129638671875,3670.1357421875
2019-03-26,1390.1162109375,284.1344299316406,533.8945922851562,197.79641723632812,1487.677001953125,377.0608215332031,596.0576171875,203.94017028808594,266.8677062988281,1221.5211181640625,620.7990112304688,6108.310546875,106.37071228027344,78.6251449584961,605.1958618164062,275.0860290527344,435.29034423828125,41.611717224121094,1621.1048583984375,3721.85498046875
2019-03-27,1377.947509765625,279.5404052734375,531.1458129882812,196.9900665283203,1485.026611328125,376.19970703125,597.6549072265625,203.731689453125,264.8606872558594,1215.8707275390625,611.9450073242188,6045.5166015625,103.49990844726562,77.59801483154297,597.2283935546875,279.88983154296875,430.7038879394531,41.327274322509766,1609.044677734375,3699.432373046875
2019-03-28,1401.302490234375,285.998046875,531.9197387695312,191.962158203125,1487.765380859375,383.23193359375,604.2890625,208.52780151367188,266.4305419921875,1233.88916015625,608.1438598632812,6118.0947265625,102.55558776855469,76.84219360351562,601.9866943359375,289.1349182128906,440.5252990722656,40.56611251831055,1635.5364990234375,3706.069091796875
2019-04-01,1397.32421875,295.40277099609375,533.9986572265625,204.81651306152344,1493.155029296875,381.0313415527344,618.4585571289062,206.61630249023438,266.1623229980469,1256.578857421875,612.7330932617188,6344.826171875,102.06451416015625,75.79564666748047,616.0847778320312,292.5338134765625,443.6755676269531,42.87764358520508,1661.1695556640625,3843.11669921875
2019-04-02,1422.1768798828125,308.968017578125,530.0833129882812,205.8126220703125,1490.636962890625,379.97894287109375,621.9802856445312,207.06814575195312,266.1722106933594,1254.3990478515625,619.8718872070312,6390.2734375,102.10230255126953,77.44296264648438,615.133056640625,298.19873046875,435.1976013183594,42.517093658447266,1700.13037109375,3817.0439453125
2019-04-03,1401.8642578125,303.377197265625,529.5983276367188,204.8639678955078,1476.19140625,375.14727783203125,616.984130859375,205.85169982910156,265.12896728515625,1226.1923828125,610.4615478515625,6560.19384765625,101.83788299560547,77.88870239257812,608.71484375,290.4944763183594,428.0632629394531,42.90168380737305,1700.13037109375,3793.91015625
2019-04-04,1421.896240234375,309.27142333984375,527.5654907226562,199.6463165283203,1472.4364013671875,371.9421081542969,612.5614624023438,204.91329956054688,262.8834228515625,1217.87255859375,605.7332763671875,6597.4794921875,102.48001098632812,77.2685546875,598.910400390625,291.6727600097656,431.3988342285156,42.517093658447266,1647.1466064453125,3868.193603515625
2019-04-05,1417.636962890625,309.14141845703125,532.5664672851562,204.34217834472656,1465.854248046875,373.6642761230469,621.8984985351562,204.73951721191406,265.4766845703125,1222.410888671875,610.2299194335938,6592.470703125,101.83788299560547,76.08636474609375,599.28662109375,287.3674621582031,429.1287536621094,44.011383056640625,1674.7833251953125,3972.9111328125
2019-04-08,1400.6939697265625,307.6678771972656,528.8244018554688,203.44097900390625,1470.9786376953125,370.36346435546875,628.409912109375,203.48838806152344,266.9273376464844,1222.27734375,618.3884887695312,6612.64453125,102.40446472167969,76.88094329833984,588.3756103515625,283.515380859375,428.4801940917969,43.99135208129883,1693.1396484375,3950.583984375
2019-04-09,1352.486328125,304.7640686035156,528.3278198242188,206.00234985351562,1484.761474609375,379.97894287109375,622.9631958007812,205.95594787597656,266.5696716308594,1223.6563720703125,619.1765747070312,6693.4306640625,102.66889190673828,76.88094329833984,590.6773681640625,285.2828063964844,436.3558044433594,44.31184005737305,1710.1055908203125,3947.123291015625
2019-04-10,1319.723876953125,294.70928955078125,516.8015747070312,200.83213806152344,1496.8216552734375,377.1565246582031,616.4928588867188,204.8438262939453,268.2488098144531,1220.4088134765625,621.4015502929688,6665.4189453125,101.68677520751953,76.9972152709961,589.3272705078125,281.79327392578125,437.282470703125,43.618778228759766,1668.2010498046875,3916.641845703125
2019-04-11,1332.173583984375,300.21343994140625,521.4559936523438,200.4526824951172,1511.178955078125,373.1858825683594,608.3023681640625,206.0254669189453,266.91741943359375,1226.1478271484375,623.7193603515625,6666.81103515625,102.70665740966797,75.95069885253906,596.1438598632812,285.41876220703125,431.3525085449219,42.92171096801758,1651.23486328125,3925.268798828125
2019-04-12,1346.682373046875,296.3995666503906,523.24609375,198.9822540283203,1521.1185302734375,377.5391540527344,612.4384765625,212.5246124267578,266.96710205078125,1210.932373046875,628.7722778320312,6810.5751953125,102.70665740966797,76.37705993652344,594.506103515625,285.7359924316406,430.8891906738281,42.75746536254883,1647.1466064453125,3950.251953125
2019-04-15,1340.0364990234375,301.38360595703125,528.6859130859375,201.82826232910156,1521.471923828125,375.7691650390625,595.8529663085938,212.35079956054688,273.00811767578125,1207.3731689453125,633.4078369140625,6819.52587890625,103.31104278564453,76.76467895507812,593.2003784179688,286.05322265625,424.9593811035156,44.319854736328125,1727.9305419921875,4006.0
2019-04-16,1365.7314453125,302.2937316894531,532.439453125,203.9153289794922,1536.0499267578125,389.403076171875,593.0681762695312,213.53244018554688,275.5019836425781,1229.1734619140625,637.95068359375,6917.8876953125,103.91543579101562,76.29954528808594,594.7938232421875,286.18914794921875,428.5728759765625,44.3278694152832,1743.0570068359375,4034.20556640625
2019-04-18,1375.654052734375,300.7335510253906,529.8062133789062,196.5631561279297,1537.2425537109375,386.91546630859375,587.2940673828125,211.58619689941406,272.1734619140625,1210.7542724609375,634.752197265625,6907.59326171875,102.25338745117188,75.31116485595703,613.4732055664062,281.7026062011719,429.17510986328125,43.51462173461914,1757.9786376953125,4038.851806640625
2019-04-22,1351.0821533203125,302.857177734375,524.0429077148438,190.11224365234375,1537.198486328125,377.4435119628906,590.5700073242188,209.77894592285156,269.60009765625,1210.2650146484375,624.3221435546875,6790.54052734375,102.74442291259766,75.50495910644531,595.502197265625,281.0228271484375,421.1141662597656,42.80152893066406,1767.299560546875,3986.61181640625
2019-04-23,1339.5218505859375,298.7869567871094,518.6378784179688,190.06483459472656,1541.0419921875,379.3570251464844,596.4262084960938,210.89112854003906,269.33184814453125,1199.6318359375,617.2295532226562,6537.93310546875,100.96908569335938,74.8072738647461,603.69091796875,276.6722106933594,434.13214111328125,41.93219757080078,1762.0670166015625,3980.353515625
2019-04-24,1357.3538818359375,306.3392028808594,526.5953979492188,190.3968505859375,1548.46337890625,383.7581481933594,603.1834106445312,213.01112365722656,271.5972595214844,1210.7098388671875,619.4546508789062,6508.0673828125,101.19571685791016,74.40029907226562,615.0444946289062,281.6573181152344,434.8734130859375,42.084434509277344,1785.2880859375,4166.560546875
2019-04-25,1355.38818359375,310.1153564453125,522.8303833007812,186.4598846435547,1532.2069091796875,378.3045654296875,596.712890625,211.4124298095703,270.3353271484375,1205.81591796875,616.67333984375,6404.6962890625,100.40248107910156,74.24524688720703,607.4754028320312,277.5333251953125,427.1367492675781,40.92265319824219,1794.7320556640625,4379.26611328125
2019-04-26,1356.13720703125,307.23602294921875,526.8726196289062,190.82371520996094,1543.8250732421875,389.59442138671875,604.4529418945312,211.69046020507812,274.0811462402344,1208.52978515625,611.3887329101562,6346.81982421875,101.30903625488281,73.95455169677734,616.5051879882812,283.2434387207031,430.009033203125,43.6868896484375,1830.33984375,4370.6865234375
2019-04-30,1369.616455078125,302.3742980957031,535.3037109375,195.47219848632812,1552.9693603515625,389.8814392089844,615.3871459960938,209.46615600585938,275.53179931640625,1199.9432373046875,598.27001953125,6183.16064453125,101.27125549316406,72.24909210205078,616.5051879882812,280.93218994140625,424.0328063964844,44.64434814453125,1848.164794921875,4377.1806640625
2019-05-02,1344.7635498046875,306.0559997558594,544.1621704101562,194.19149780273438,1522.7969970703125,378.4480895996094,598.555908203125,212.0032196044922,279.4664001464844,1209.0191650390625,598.8262329101562,6198.78857421875,100.55357360839844,73.72196960449219,621.9275512695312,279.30072021484375,418.983154296875,44.464073181152344,1811.411865234375,4376.70556640625
2019-05-03,1346.5892333984375,312.90020751953125,546.9686279296875,194.5709991455078,1496.29150390625,384.4278259277344,592.6587524414062,211.48194885253906,281.74169921875,1213.3348388671875,598.7334594726562,6223.599609375,102.32894134521484,73.97392272949219,623.6095581054688,280.9775085449219,419.95599365234375,43.891197204589844,1743.2205810546875,4329.0166015625
2019-05-06,1322.4849853515625,314.788330078125,537.8445434570312,188.68923950195312,1474.5125732421875,383.9494934082031,588.3997802734375,213.39346313476562,280.27117919921875,1203.6358642578125,591.9656372070312,6223.27490234375,101.98896026611328,73.81887817382812,613.0084228515625,279.8445129394531,419.86334228515625,42.94174575805664,1764.356201171875,4284.02978515625
2019-05-07,1299.083251953125,306.7640075683594,536.4356079101562,190.15969848632812,1499.7811279296875,369.78936767578125,593.436767578125,209.8484649658203,279.8240966796875,1216.0042724609375,589.6478271484375,6216.1796875,101.30903625488281,74.24524688720703,594.6832885742188,276.853515625,415.27703857421875,42.51308822631836,1759.5321044921875,4296.0712890625
2019-05-08,1297.11767578125,306.3392028808594,532.9476928710938,189.73277282714844,1492.00634765625,365.6753234863281,589.177734375,208.97959899902344,278.6417236328125,1210.4429931640625,576.3436889648438,6168.08837890625,98.81598663330078,73.64445495605469,575.18505859375,270.3275146484375,406.8918151855469,41.8761100769043,1760.268310546875,4273.6953125
2019-05-09,1267.6309814453125,297.7956848144531,529.1709594726562,187.97775268554688,1505.3033447265625,364.9098815917969,590.5700073242188,208.4235076904297,275.32318115234375,1206.9727783203125,579.86669921875,6144.71533203125,96.47401428222656,72.83050537109375,556.151611328125,271.27923583984375,407.0770568847656,41.59568405151367,1776.3753662109375,4245.96337890625
2019-05-10,1255.322021484375,305.9615783691406,530.4645385742188,185.74839782714844,1490.902099609375,368.4499206542969,587.130126953125,206.96383666992188,277.8369445800781,1206.1273193359375,582.92626953125,6150.88330078125,95.94517517089844,71.91963958740234,553.8056640625,279.2100524902344,405.5946044921875,39.003719329833984,1746.3272705078125,4204.10546875
2019-05-13,1247.318359375,300.8166198730469,528.3162841796875,182.3331756591797,1503.7572021484375,360.0303955078125,589.4644775390625,201.09033203125,276.0882263183594,1172.4482421875,572.5887451171875,6069.40185546875,93.33880615234375,70.79559326171875,545.351318359375,278.167724609375,368.8571472167969,37.841941833496094,1740.56298828125,4113.27734375
2019-05-14,1235.851318359375,317.7620544433594,528.4779663085938,183.044677734375,1500.664794921875,363.953125,584.6730346679688,204.60055541992188,274.81646728515625,1193.9371337890625,569.4829711914062,6099.4990234375,94.88750457763672,70.4079818725586,557.9222412109375,285.192138671875,388.6388244628906,37.62159729003906,1710.801025390625,4194.6708984375
2019-05-15,1222.465576171875,312.71142578125,528.2008056640625,180.86276245117188,1476.4122314453125,360.7479553222656,586.515869140625,206.47726440429688,277.3699645996094,1179.7003173828125,565.2182006835938,6023.025390625,93.6409683227539,69.1870346069336,556.350830078125,282.88092041015625,379.6513671875,37.09278869628906,1713.2945556640625,4116.97509765625
2019-05-16,1221.0147705078125,307.00006103515625,533.7329711914062,184.61000061035156,1491.564453125,365.9623718261719,600.4395751953125,204.8785858154297,280.8177185058594,1189.7996826171875,561.138916015625,6009.947265625,95.00083923339844,70.4854965209961,560.0911254882812,286.18914794921875,382.10675048828125,37.59756088256836,1724.210205078125,4278.578125
2019-05-17,1235.617431640625,310.06817626953125,545.6173095703125,181.85887145996094,1534.5037841796875,372.85107421875,592.9044189453125,209.5009307861328,290.1275939941406,1211.8221435546875,574.4894409179688,6220.677734375,94.81196594238281,70.60176849365234,560.9984741210938,289.3615417480469,379.0490417480469,37.61358642578125,1713.3353271484375,4259.61572265625
2019-05-20,1286.1185302734375,321.0661315917969,561.8443603515625,188.54696655273438,1566.0457763671875,390.0727844238281,591.6758422851562,213.39346313476562,298.58306884765625,1291.50390625,605.640625,6571.04541015625,97.6449966430664,72.88864135742188,586.8927001953125,312.42889404296875,383.1258850097656,38.76335144042969,1752.990966796875,4526.4111328125
2019-05-21,1270.9544677734375,312.14501953125,555.2265014648438,185.93814086914062,1577.3106689453125,382.8492126464844,580.9464721679688,212.6288299560547,295.67181396484375,1289.412841796875,592.5682373046875,6376.9638671875,97.15394592285156,71.29947662353516,593.0454711914062,305.9482727050781,378.81744384765625,37.861968994140625,1725.027587890625,4398.93896484375
2019-05-22,1280.97021484375,316.3931884765625,555.699951171875,187.83547973632812,1562.3349609375,387.8244323730469,581.3150024414062,212.50225830078125,297.1324157714844,1300.0904541015625,593.8662719726562,6399.64111328125,97.909423828125,70.58240509033203,593.3109130859375,309.1659240722656,390.26031494140625,37.89802551269531,1702.133544921875,4406.14501953125
2019-05-23,1280.315185546875,319.8388366699219,538.6876831054688,181.90631103515625,1549.56787109375,393.0865783691406,574.1893920898438,204.3141326904297,298.02667236328125,1313.4375,592.8927001953125,6426.9560546875,98.09828186035156,71.57079315185547,590.4338989257812,310.1629333496094,382.6163330078125,37.23300552368164,1679.4844970703125,4440.84521484375
2019-05-24,1295.994140625,333.4329833984375,548.2158813476562,185.74839782714844,1545.812744140625,413.0829772949219,580.8643798828125,205.9092254638672,300.4013366699219,1373.98876953125,616.951416015625,6578.97607421875,97.5694351196289,71.95840454101562,591.7396240234375,322.0818176269531,385.2106018066406,38.79138946533203,1674.5380859375,4550.96630859375
2019-05-27,1279.47216796875,329.9400939941406,556.3005981445312,190.3019561767578,1565.5596923828125,416.67083740234375,579.9635620117188,206.1927947998047,303.91864013671875,1420.124755859375,629.83837890625,6556.06640625,100.62911224365234,72.61731719970703,580.1426391601562,327.8373107910156,384.3767395019531,41.06687545776367,1680.3839111328125,4589.791015625
2019-05-28,1277.13232421875,326.2583312988281,558.1136474609375,191.48780822753906,1569.93310546875,415.522705078125,596.3443603515625,204.8103485107422,300.2621765136719,1400.994140625,621.6797485351562,6543.26611328125,100.17584228515625,73.72196960449219,585.9411010742188,326.3417663574219,382.4310607910156,40.62620544433594,1695.5924072265625,4525.2265625
2019-05-29,1271.4224853515625,319.8388366699219,558.2755126953125,189.0687255859375,1573.4229736328125,404.99835205078125,596.0986938476562,204.2432403564453,300.8385314941406,1381.3739013671875,623.1631469726562,6391.8974609375,98.89151763916016,73.70260620117188,581.2048950195312,316.0090637207031,392.6693420410156,39.524513244628906,1723.2288818359375,4474.88232421875
2019-05-30,1286.7269287109375,327.2967529296875,563.5073852539062,188.3572235107422,1576.4271240234375,407.7729187011719,600.80810546875,204.63314819335938,305.1009521484375,1386.8463134765625,613.4747924804688,6369.8681640625,102.06451416015625,74.10958099365234,588.596923828125,320.4503173828125,382.4310607910156,39.09585189819336,1754.9124755859375,4511.9052734375
2019-05-31,1317.336669921875,329.27923583984375,560.2273559570312,186.88677978515625,1580.1817626953125,405.38104248046875,604.248046875,197.472900390625,302.4779052734375,1385.9119873046875,599.8924560546875,6371.8623046875,100.6668930053711,73.37315368652344,588.7740478515625,319.4986267089844,379.7439880371094,39.123905181884766,1795.999267578125,4513.04296875
2019-06-03,1365.9656982421875,333.0082092285156,567.5612182617188,189.16357421875,1625.41845703125,404.6156005859375,609.8994750976562,197.472900390625,304.2862548828125,1387.55810546875,605.7796630859375,6513.818359375,100.55357360839844,74.82665252685547,602.0753173828125,322.1724548339844,386.1834411621094,39.873046875,1833.40673828125,4515.1279296875
2019-06-04,1330.6290283203125,332.6777648925781,566.4524536132812,187.64572143554688,1604.125244140625,400.97991943359375,602.2415161132812,197.9691619873047,304.30609130859375,1396.8121337890625,603.32275390625,6540.623046875,102.02674102783203,74.78788757324219,598.2907104492188,319.4079895019531,380.94854736328125,39.873046875,1799.4468994140625,4448.47705078125
2019-06-06,1337.228271484375,333.9993896484375,559.7653198242188,184.84715270996094,1623.6954345703125,393.75634765625,602.4871215820312,195.48789978027344,300.9080810546875,1348.8519287109375,587.8861694335938,6482.09716796875,103.15997314453125,75.75689697265625,587.53466796875,305.3591003417969,374.4627380371094,38.827449798583984,1785.4345703125,4333.947265625
2019-06-07,1327.6802978515625,337.11474609375,565.3783569335938,184.7997283935547,1617.5111083984375,398.5879821777344,605.3538208007812,195.13345336914062,300.4211730957031,1347.0277099609375,597.1110229492188,6444.57958984375,102.10230255126953,74.32276916503906,582.0238037109375,310.0269470214844,369.92266845703125,38.627140045166016,1798.334228515625,4335.51171875
2019-06-10,1331.658447265625,343.109375,563.6575317382812,188.0726318359375,1636.7275390625,398.109619140625,617.1480102539062,198.07550048828125,298.5929870605469,1363.2666015625,599.7997436523438,6464.70654296875,101.98896026611328,75.31116485595703,583.9049072265625,312.0663146972656,372.5169982910156,38.94362258911133,1839.34130859375,4359.21435546875
2019-06-11,1334.373291015625,342.9205627441406,565.5515747070312,189.35333251953125,1625.5069580078125,403.13262939453125,618.2947387695312,198.39453125,299.6064453125,1356.3260498046875,590.4359130859375,6472.451171875,102.21561431884766,75.0592041015625,588.3313598632812,314.6041564941406,361.3058166503906,39.460411071777344,1856.8978271484375,4346.7939453125
2019-06-12,1334.3265380859375,339.7580261230469,560.6201171875,189.0687255859375,1631.9564208984375,399.927490234375,617.3939208984375,198.46542358398438,294.7974853515625,1342.9344482421875,586.124755859375,6355.30615234375,101.53568267822266,74.09021759033203,589.6592407226562,311.79437255859375,362.6493225097656,40.530052185058594,1863.57470703125,4331.95654296875
2019-06-13,1345.2904052734375,343.3925476074219,564.6969604492188,189.40074157714844,1630.54296875,401.45831298828125,616.8538208007812,198.92623901367188,298.8711853027344,1350.3199462890625,594.3297119140625,6292.884765625,101.91340637207031,75.13673400878906,587.4902954101562,314.06036376953125,361.1204833984375,40.265647888183594,1857.969482421875,4332.9990234375
2019-06-14,1329.57373046875,333.52740478515625,562.4795532226562,188.0726318359375,1610.6195068359375,399.6882629394531,615.0264892578125,197.1184539794922,292.87982177734375,1358.105712890625,590.8067626953125,6258.2890625,100.28914642333984,75.42745208740234,583.1967163085938,311.61309814453125,363.7148132324219,40.2055549621582,1858.29931640625,4268.1015625
2019-06-17,1319.4095458984375,324.7478942871094,559.4535522460938,183.6613311767578,1606.2901611328125,396.2917785644531,615.1095581054688,194.95619201660156,290.1971435546875,1333.5916748046875,579.4959106445312,6104.55419921875,99.91139221191406,75.2142562866211,567.5938720703125,306.22021484375,354.773681640625,37.90604019165039,1853.9305419921875,4224.06201171875
2019-06-18,1298.799072265625,325.83355712890625,558.3563842773438,180.19869995117188,1598.82421875,403.8980712890625,623.08349609375,195.027099609375,290.4952087402344,1339.419677734375,580.2838745117188,5972.244140625,100.02471160888672,76.66775512695312,567.0183715820312,308.2142333984375,350.6505432128906,37.841941833496094,1855.291015625,4277.29931640625
2019-06-19,1299.834228515625,322.0102233886719,560.9202270507812,180.29356384277344,1600.6796875,401.64959716796875,624.5369873046875,196.51585388183594,297.63916015625,1339.2862548828125,570.3175048828125,5958.93408203125,101.72455596923828,77.63677215576172,565.4026489257812,307.1265563964844,347.6393127441406,39.58860778808594,1862.7501220703125,4252.220703125
2019-06-20,1310.09228515625,329.04327392578125,563.9418334960938,184.32540893554688,1606.3309326171875,414.66168212890625,627.0289306640625,196.37408447265625,301.7228088378906,1385.5115966796875,581.44287109375,6137.10888671875,101.64901733398438,77.88870239257812,573.9898681640625,312.83673095703125,361.81536865234375,40.141448974609375,1877.6280517578125,4338.54541015625
2019-06-21,1301.5751953125,324.55908203125,561.1178588867188,187.50340270996094,1572.158203125,412.17401123046875,623.1250610351562,194.42453002929688,296.0494079589844,1370.073486328125,581.7208862304688,5952.0703125,101.64901733398438,77.48172760009766,566.3544311523438,316.6888122558594,354.6810302734375,39.873046875,1854.4664306640625,4356.654296875
2019-06-24,1295.1287841796875,325.78631591796875,561.9894409179688,188.02520751953125,1570.2003173828125,410.8824462890625,619.2210693359375,195.84239196777344,292.2340393066406,1371.185791015625,588.5816040039062,5991.62890625,102.44226837158203,77.15227508544922,558.7853393554688,320.13311767578125,355.2832336425781,38.959651947021484,1875.6087646484375,4337.35986328125
2019-06-25,1282.8466796875,329.0904846191406,564.4879760742188,192.1044464111328,1563.0809326171875,414.90081787109375,621.3806762695312,197.43748474121094,294.876953125,1365.8468017578125,594.8860473632812,6049.69140625,104.5953369140625,78.14065551757812,573.591552734375,323.16943359375,357.41436767578125,39.90108871459961,1869.2620849609375,4357.5068359375
2019-06-26,1279.8822021484375,326.2111511230469,573.5989990234375,197.6541290283203,1567.130126953125,419.6846618652344,613.98828125,196.6576385498047,296.2083435058594,1380.26171875,596.6011352539062,6010.55078125,105.80410766601562,81.26085662841797,572.8390502929688,324.6196594238281,370.1079406738281,40.9106330871582,1858.0517578125,4358.78759765625
2019-06-27,1281.246826171875,329.1376647949219,572.2974243164062,195.51962280273438,1579.05517578125,421.8852233886719,606.8034057617188,193.89283752441406,294.419921875,1379.994873046875,609.9518432617188,6016.48681640625,105.87965393066406,80.50505065917969,563.9862670898438,328.2452087402344,373.2118835449219,40.91864776611328,1856.6920166015625,4360.44677734375
2019-06-28,1278.1884765625,327.24957275390625,567.9859008789062,196.42086791992188,1590.8018798828125,418.20166015625,608.0078125,194.1409149169922,293.52569580078125,1382.0413818359375,607.5875244140625,6060.96044921875,106.78621673583984,80.19495391845703,554.6688232421875,327.4294128417969,371.497802734375,40.41387176513672,1835.796630859375,4319.39453125
2019-07-01,1274.1414794921875,328.99603271484375,577.7013549804688,198.17587280273438,1584.21630859375,420.0195007324219,607.4264526367188,194.92079162597656,294.3404541015625,1385.111328125,611.898681640625,6036.10302734375,107.69280242919922,80.2530746459961,561.640380859375,327.70135498046875,375.5746154785156,40.618186950683594,1845.9764404296875,4291.7099609375
2019-07-02,1266.5184326171875,333.8106384277344,579.897705078125,198.60279846191406,1592.2257080078125,417.8668212890625,614.6527709960938,194.1409149169922,292.412841796875,1391.5179443359375,617.693115234375,6084.47314453125,107.9949951171875,80.36937713623047,565.9117431640625,330.37518310546875,366.4944152832031,40.766414642333984,1856.3212890625,4308.25439453125
2019-07-03,1272.400390625,333.4329833984375,578.6541748046875,197.98617553710938,1588.22119140625,417.10137939453125,607.4264526367188,196.16140747070312,293.1083984375,1404.1529541015625,620.4744262695312,6060.17236328125,108.22163391113281,80.9895248413086,567.7045288085938,331.8706970214844,366.6334533691406,40.8865966796875,1844.410400390625,4324.4189453125
2019-07-04,1279.647216796875,342.44854736328125,577.2945556640625,196.27854919433594,1596.14111328125,417.340576171875,609.5029907226562,196.8348846435547,297.63916015625,1398.5025634765625,623.1631469726562,6070.05029296875,108.37271118164062,81.47405242919922,568.3462524414062,333.003662109375,363.2978515625,40.72216033935547,1848.5316162109375,4404.2490234375
2019-07-05,1278.705810546875,344.3837890625,574.6449584960938,188.68923950195312,1594.18359375,417.484130859375,596.3793334960938,198.1109619140625,301.4942626953125,1386.6239013671875,595.2568969726562,5898.97021484375,103.1221694946289,79.7879638671875,559.2057495117188,335.94940185546875,347.68560791015625,39.32858657836914,1782.9620361328125,4287.3486328125
2019-07-08,1261.34228515625,336.45391845703125,560.0487670898438,187.4560089111328,1560.5003662109375,407.48590087890625,596.047119140625,196.69309997558594,293.16802978515625,1326.1171875,589.5086669921875,5600.9619140625,97.909423828125,78.00499725341797,554.2040405273438,322.0364685058594,339.8563537597656,38.48175048828125,1793.099853515625,4164.3798828125
2019-07-09,1243.2254638671875,342.023681640625,552.971435546875,187.74058532714844,1548.664794921875,409.9734802246094,594.3028564453125,193.6092529296875,290.6939392089844,1358.37255859375,586.5883178710938,5514.47119140625,97.87163543701172,79.36161041259766,566.6199951171875,325.84326171875,358.0165100097656,38.51463317871094,1758.43994140625,4265.21044921875
2019-07-10,1245.060791015625,338.48358154296875,555.2027587890625,183.70875549316406,1529.3980712890625,412.26971435546875,595.75634765625,193.64466857910156,293.2773132324219,1334.303466796875,576.3436889648438,5498.1923828125,97.4939193725586,79.57478332519531,566.0665893554688,321.0394592285156,363.39056396484375,37.39236831665039,1737.7095947265625,4259.03173828125
2019-07-11,1254.00146484375,340.5604553222656,559.479248046875,188.26234436035156,1540.3441162109375,408.1078186035156,599.286376953125,195.41700744628906,295.08563232421875,1330.432861328125,587.9326782226562,5594.0048828125,97.41835021972656,80.85387420654297,567.26171875,329.1968688964844,368.9034423828125,37.98432922363281,1733.052490234375,4314.5419921875
2019-07-12,1281.764892578125,336.17071533203125,556.399658203125,188.641845703125,1524.59228515625,408.586181640625,603.6471557617188,194.9916534423828,294.9862365722656,1305.20703125,585.8466186523438,5538.58642578125,96.54955291748047,80.117431640625,566.797119140625,329.5594482421875,377.75201416015625,38.88050079345703,1737.21533203125,4339.96923828125
2019-07-15,1273.4827880859375,330.978515625,556.5972290039062,189.87509155273438,1527.929443359375,404.0415344238281,647.3373413085938,192.08502197265625,299.84747314453125,1281.8494873046875,585.80029296875,5638.98974609375,96.66287231445312,79.43911743164062,564.8495483398438,326.3417663574219,391.8817443847656,38.50230026245117,1768.619384765625,4369.578125
2019-07-16,1291.5054931640625,331.1201171875,555.7721557617188,188.87896728515625,1549.59912109375,406.24212646484375,651.9056396484375,192.7939910888672,298.52532958984375,1300.1793212890625,577.5025634765625,5711.66015625,98.92928314208984,80.97016143798828,572.3300170898438,330.23919677734375,401.47149658203125,39.19292449951172,1739.95068359375,4373.28515625
2019-07-17,1313.715576171875,326.8719482421875,557.2247314453125,193.00567626953125,1566.8631591796875,406.3377685546875,659.6304931640625,193.46746826171875,305.1163635253906,1295.0631103515625,572.9132690429688,5635.279296875,97.53167724609375,80.6213150024414,567.39453125,337.5355529785156,398.4601745605469,39.1107063293457,1749.245361328125,4380.93701171875
2019-07-18,1303.41064453125,323.3318176269531,560.583251953125,190.25453186035156,1547.685791015625,400.5494079589844,658.4260864257812,193.53836059570312,305.842041015625,1277.0447998046875,561.585693359375,5455.94482421875,95.98294830322266,79.59415435791016,558.5418701171875,329.604736328125,394.8929748535156,38.36253356933594,1706.8619384765625,4374.09375
2019-07-19,1288.49365234375,320.9245300292969,552.1578979492188,185.93814086914062,1531.0,392.5603942871094,652.3626708984375,190.2063751220703,298.0182800292969,1256.0008544921875,537.0503540039062,5350.90478515625,98.13604736328125,79.72982788085938,552.85400390625,322.67095947265625,390.3992919921875,37.65957260131836,1715.949951171875,4299.1923828125
2019-07-22,1321.52685546875,323.3790588378906,533.9359741210938,192.0095672607422,1495.67041015625,394.6704406738281,651.5318603515625,187.44151306152344,289.15069580078125,1249.015869140625,531.0341186523438,5483.9091796875,98.85375213623047,79.10964965820312,566.797119140625,318.0031433105469,398.6455078125,38.27620315551758,1743.1727294921875,4357.31640625
2019-07-23,1345.1964111328125,324.3702697753906,526.0916137695312,192.6736602783203,1506.9278564453125,395.1020202636719,656.2249145507812,191.87234497070312,297.0440368652344,1254.1767578125,525.5817260742188,5447.96826171875,100.51578521728516,81.57093048095703,563.7207641601562,310.1629333496094,398.6455078125,37.80756378173828,1745.2799072265625,4314.875
2019-07-24,1396.0640869140625,319.93328857421875,530.1357421875,187.1239471435547,1538.341552734375,391.7931213378906,653.110107421875,192.01414489746094,297.6802978515625,1250.436279296875,517.02734375,5349.8837890625,99.60923767089844,81.3189926147461,557.32470703125,307.80633544921875,394.29083251953125,36.668853759765625,1732.3499755859375,4223.0537109375
2019-07-25,1407.7811279296875,320.0276794433594,531.332763671875,186.64962768554688,1545.4608154296875,392.27264404296875,659.9210815429688,189.88734436035156,295.2645568847656,1236.961669921875,514.7242431640625,5339.44970703125,98.02273559570312,82.61746215820312,545.1077880859375,309.34716796875,405.0386962890625,36.20433044433594,1758.04443359375,4239.45068359375
2019-07-26,1436.5797119140625,316.15716552734375,529.2990112304688,187.83547973632812,1540.1217041015625,398.7466125488281,653.6915893554688,191.6951141357422,300.59307861328125,1254.7626953125,530.6110229492188,5384.8046875,97.30503845214844,81.99730682373047,537.2731323242188,310.52545166015625,407.6330261230469,36.627750396728516,1742.470703125,4277.89892578125
2019-07-29,1424.15673828125,315.8267517089844,521.6290283203125,183.3292999267578,1524.681396484375,411.7903747558594,657.3876953125,189.81646728515625,298.7340393066406,1236.150390625,519.988525390625,5158.12158203125,96.17181396484375,80.58255004882812,536.0116577148438,311.61309814453125,399.3867492675781,35.63703536987305,1759.779052734375,4152.810546875
2019-07-30,1419.921630859375,326.39996337890625,523.476806640625,180.34100341796875,1530.5550537109375,407.9539794921875,658.4260864257812,190.6317138671875,297.9785461425781,1240.5218505859375,515.8522338867188,5107.94287109375,96.09627532958984,80.71821594238281,522.7103271484375,296.8844299316406,380.207275390625,34.124237060546875,1800.3857421875,4103.95263671875
2019-07-31,1431.54443359375,318.7060546875,523.3373413085938,180.76791381835938,1536.5618896484375,407.2346496582031,659.215087890625,191.55331420898438,302.1239929199219,1250.391357421875,517.02734375,5073.20751953125,95.60520935058594,81.70661163330078,516.2257080078125,301.0991516113281,395.40264892578125,35.521934509277344,1822.3218994140625,4131.85107421875
2019-08-01,1416.1102294921875,305.77276611328125,517.5487670898438,173.3683319091797,1540.699951171875,399.993408203125,638.6158447265625,189.67466735839844,297.40191650390625,1224.0279541015625,515.6643676757812,5168.6484375,95.83185577392578,82.94692993164062,522.4226684570312,287.4580993652344,393.873779296875,34.531211853027344,1801.12939453125,4022.3505859375
2019-08-02,1454.2257080078125,324.32305908203125,515.8133544921875,171.13894653320312,1546.1729736328125,393.8072204589844,644.2224731445312,187.51242065429688,299.7480773925781,1235.0238037109375,523.0906982421875,5276.935546875,92.99882507324219,81.60969543457031,527.3842163085938,279.5726623535156,389.7507019042969,33.63504409790039,1821.9912109375,4086.367919921875
2019-08-05,1435.59130859375,337.68115234375,507.6371154785156,166.72769165039062,1549.510009765625,386.1823425292969,645.1362915039062,184.18045043945312,290.30389404296875,1212.9869384765625,512.7500610351562,5259.3125,91.41233825683594,77.96624755859375,509.1271057128906,272.1402893066406,386.5077819824219,32.8252067565918,1857.7655029296875,4036.132568359375
2019-08-06,1473.6600341796875,347.8295593261719,509.9315490722656,171.42356872558594,1552.0909423828125,393.4715576171875,643.267333984375,183.54241943359375,295.3142395019531,1241.55810546875,516.5103759765625,5410.4501953125,93.18769836425781,76.78404235839844,502.4255065917969,273.18267822265625,387.4806823730469,33.01841735839844,1829.922607421875,4141.45166015625
2019-08-07,1467.4013671875,345.611083984375,508.7435302734375,167.34429931640625,1581.59130859375,391.6971435546875,644.6378173828125,179.82052612304688,293.5248718261719,1225.830322265625,487.2277526855469,5356.376953125,92.96105194091797,77.07473754882812,494.00946044921875,262.7593078613281,390.1213073730469,31.398738861083984,1828.72412109375,4126.86083984375
2019-08-08,1473.70703125,351.32244873046875,520.192626953125,171.75559997558594,1604.5955810546875,397.4518127441406,655.1452026367188,182.7271270751953,298.78375244140625,1226.371337890625,507.2038879394531,5474.40234375,94.16980743408203,78.56700897216797,513.1348876953125,266.79266357421875,395.1246032714844,30.206592559814453,1865.6141357421875,4023.72802734375
2019-08-09,1482.74169921875,350.37841796875,531.5718383789062,167.15455627441406,1638.6341552734375,402.96661376953125,656.0586547851562,180.21044921875,304.6192932128906,1229.931396484375,512.8440551757812,5657.724609375,93.60321807861328,78.29569244384766,517.4764404296875,264.07354736328125,391.0014953613281,29.791393280029297,1855.8233642578125,4069.54345703125
2019-08-13,1480.71826171875,331.9697570800781,517.2110595703125,167.2020263671875,1623.862060546875,393.4715576171875,635.21044921875,174.60989379882812,300.50360107421875,1183.6490478515625,481.6815185546875,5393.89501953125,90.3263168334961,78.29569244384766,567.6388549804688,256.822509765625,406.9844055175781,28.669130325317383,1817.158203125,3974.30029296875
2019-08-14,1477.283203125,340.98529052734375,519.3307495117188,172.50320434570312,1636.5875244140625,400.2331848144531,643.5580444335938,176.3467254638672,296.6065979003906,1202.080810546875,492.1629638671875,5469.64794921875,90.67327880859375,79.51663970947266,573.6503295898438,262.6233215332031,386.5077819824219,29.980491638183594,1821.2481689453125,4016.837158203125
2019-08-16,1503.3995361328125,341.315673828125,518.9231567382812,171.73907470703125,1627.332275390625,401.8157043457031,643.3504638671875,179.35971069335938,298.0282287597656,1203.47802734375,496.2051696777344,5619.2265625,90.82749938964844,81.84225463867188,569.0860595703125,263.6656799316406,384.23773193359375,29.848947525024414,1788.778076171875,3999.822998046875
2019-08-19,1493.046875,340.7964782714844,514.0662841796875,173.0285186767578,1620.4359130859375,406.0837097167969,645.92529296875,178.33175659179688,297.51129150390625,1218.7550048828125,489.3428649902344,5626.279296875,91.67562866210938,81.21465301513672,575.58740234375,259.9948425292969,394.7077331542969,29.561185836791992,1787.04345703125,3952.4384765625
2019-08-20,1501.23486328125,338.0115661621094,517.2692260742188,171.35699462890625,1640.458740234375,399.84954833984375,658.4674072265625,174.7516326904297,299.2510070800781,1210.012451171875,496.158203125,5822.26904296875,90.94316101074219,80.8224105834961,568.1732177734375,257.1397705078125,392.51617431640625,29.454301834106445,1806.6654052734375,3833.527587890625
2019-08-21,1495.58837890625,335.0378723144531,518.4922485351562,169.11236572265625,1646.3321533203125,395.1978759765625,664.0325317382812,171.1715545654297,299.3802490234375,1181.3055419921875,489.67193603515625,5857.958984375,90.90460968017578,80.371337890625,565.9467163085938,251.4295196533203,388.8791809082031,28.200485229492188,1806.210693359375,3727.400634765625
2019-08-22,1477.753662109375,333.0082092285156,506.43756103515625,168.634765625,1665.9990234375,382.77752685546875,660.9178466796875,170.17904663085938,293.9125671386719,1166.52392578125,481.117431640625,5838.8203125,88.47584533691406,79.52802276611328,555.170654296875,243.40806579589844,386.5943908691406,27.435869216918945,1830.8314208984375,3648.26953125
2019-08-23,1487.3533935546875,336.45391845703125,503.78192138671875,172.1688690185547,1655.231201171875,379.2288513183594,666.3168334960938,167.37875366210938,292.3119812011719,1159.5390625,501.28155517578125,5881.89306640625,91.36721801757812,79.0376968383789,568.1286010742188,245.71932983398438,398.9508972167969,28.38547706604004,1857.021240234375,3670.74951171875
2019-08-26,1503.4937744140625,340.466064453125,525.55029296875,170.7361297607422,1669.95947265625,394.8143005371094,666.6075439453125,171.91592407226562,300.7819519042969,1202.0357666015625,511.6689758300781,5883.02197265625,92.56231689453125,79.58683013916016,564.0988159179688,253.96743774414062,391.0707702636719,27.79351806640625,1880.650634765625,3838.613037109375
2019-08-27,1505.281494140625,328.8072814941406,526.4354858398438,173.0762939453125,1656.47705078125,401.4800720214844,651.7398071289062,174.04273986816406,298.545166015625,1223.0362548828125,520.8345947265625,5903.8994140625,94.9910659790039,81.01854705810547,567.6832885742188,258.9525146484375,388.6460266113281,28.850008010864258,1847.7685546875,3931.099365234375
2019-08-28,1508.763671875,326.4471435546875,523.5353393554688,170.40182495117188,1626.8431396484375,396.0611267089844,666.5660400390625,174.36175537109375,294.9862365722656,1211.950439453125,507.3448486328125,5739.9326171875,92.44666290283203,80.70475769042969,562.5401611328125,258.2273864746094,385.2421875,27.703075408935547,1850.0400390625,3915.985595703125
2019-08-29,1520.151611328125,324.27587890625,518.7484130859375,171.64353942871094,1631.1590576171875,387.86077880859375,670.2621459960938,170.99432373046875,288.46478271484375,1209.9674072265625,496.3462829589844,5746.32763671875,94.91395568847656,80.33209228515625,552.9441528320312,248.80104064941406,405.33892822265625,27.58797264099121,1845.2479248046875,3872.356689453125
2019-08-30,1521.04541015625,327.3912048339844,518.9813842773438,176.18057250976562,1674.7203369140625,392.89605712890625,676.8656005859375,174.14906311035156,284.6075744628906,1197.1685791015625,497.0982971191406,5759.07080078125,93.79595184326172,78.64544677734375,555.9720458984375,248.2119140625,420.02685546875,28.356704711914062,1866.853271484375,3851.77783203125
2019-09-03,1483.9183349609375,317.998046875,515.0213012695312,170.40182495117188,1639.079345703125,376.11181640625,676.32568359375,171.242431640625,281.1977233886719,1166.6593017578125,484.54864501953125,5689.4306640625,90.71182250976562,77.29220581054688,537.2029418945312,243.27210998535156,409.7220153808594,27.24677085876465,1860.2435302734375,3693.32470703125
2019-09-04,1444.7674560546875,326.3527526855469,523.593505859375,173.50608825683594,1643.306640625,381.24298095703125,682.1814575195312,172.44764709472656,283.61346435546875,1178.962158203125,475.3831787109375,5483.51953125,92.09969329833984,77.23335266113281,534.8651733398438,249.3448486328125,397.6918640136719,27.892175674438477,1855.12109375,3684.722412109375
2019-09-05,1430.2742919921875,328.24078369140625,520.6585083007812,176.32386779785156,1628.3116455078125,373.090576171875,692.7718505859375,173.15658569335938,280.37261962890625,1190.003173828125,486.00567626953125,5613.20703125,95.18382263183594,78.1943588256836,533.7296752929688,247.71337890625,402.6811218261719,28.377256393432617,1830.253173828125,3696.414306640625
2019-09-06,1442.179443359375,329.7040710449219,523.1626586914062,179.9534912109375,1618.8782958984375,375.3445129394531,697.838623046875,172.90841674804688,286.6156921386719,1197.5291748046875,497.75634765625,5818.50732421875,97.92097473144531,79.82218933105469,544.3722534179688,248.30255126953125,396.43292236328125,29.21997833251953,1815.5469970703125,3714.23681640625
2019-09-09,1449.8963623046875,336.5011291503906,524.0245361328125,180.765380859375,1632.13818359375,379.2768859863281,688.66015625,174.04273986816406,292.53076171875,1223.081298828125,500.62347412109375,5958.2099609375,97.41979217529297,79.58683013916016,544.2386474609375,251.97335815429688,399.88348388671875,29.088436126708984,1803.4432373046875,3712.3828125
2019-09-11,1469.5189208984375,335.2266540527344,524.4205322265625,184.77706909179688,1623.4615478515625,378.46160888671875,681.1847534179688,172.8020782470703,293.30615234375,1229.0753173828125,513.0320434570312,6204.419921875,95.993408203125,78.99846649169922,549.6712646484375,258.5446472167969,393.7285461425781,30.177814483642578,1779.6077880859375,3710.29150390625
2019-09-12,1449.6141357421875,328.09918212890625,528.9745483398438,188.26345825195312,1606.64208984375,386.2303466796875,678.1115112304688,170.67527770996094,289.796875,1227.9486083984375,511.0110168457031,6011.39208984375,94.25857543945312,78.3120346069336,538.9619140625,260.17608642578125,398.9508972167969,30.013376235961914,1762.7537841796875,3804.060791015625
2019-09-13,1457.048828125,323.85101318359375,525.85302734375,191.3677520751953,1606.7757568359375,396.4927062988281,688.8262939453125,170.07272338867188,295.1054992675781,1228.89501953125,518.202392578125,6066.173828125,95.64643859863281,79.48877716064453,545.7526245117188,264.3907775878906,394.3346862792969,30.202478408813477,1769.6519775390625,3831.7216796875
2019-09-16,1431.73291015625,324.7478942871094,522.7548828125,191.41549682617188,1616.34228515625,395.2938232421875,687.4973754882812,169.71824645996094,293.2564392089844,1211.003662109375,504.7596130371094,6030.85986328125,95.02960968017578,79.29264068603516,539.1400756835938,258.046142578125,398.018310546875,29.688621520996094,1776.3033447265625,3795.31640625
2019-09-17,1440.7677001953125,320.83013916015625,515.1144409179688,189.07533264160156,1629.601806640625,384.26416015625,690.446044921875,168.15858459472656,287.957763671875,1184.0543212890625,490.6589660644531,5765.32470703125,93.21768951416016,78.62583923339844,533.2175903320312,248.30255126953125,392.2830505371094,28.360815048217773,1753.7069091796875,3707.43994140625
2019-09-18,1456.6258544921875,316.8179931640625,509.6170959472656,189.1231231689453,1627.8218994140625,383.017333984375,689.283203125,169.6118927001953,291.2284240722656,1187.93017578125,495.4062194824219,5732.0791015625,94.45133209228516,79.25343322753906,536.8912963867188,254.148681640625,388.69268798828125,29.454301834106445,1766.8433837890625,3709.72119140625
2019-09-19,1462.4136962890625,318.7060546875,512.9598388671875,187.16500854492188,1613.1829833984375,370.78875732421875,681.6830444335938,167.8041229248047,288.81268310546875,1172.337646484375,488.1678161621094,5616.12255859375,93.83451080322266,78.9004135131836,525.024169921875,248.39317321777344,383.4237060546875,28.33614730834961,1736.6048583984375,3675.027099609375
2019-09-20,1572.6195068359375,336.45391845703125,558.8724975585938,193.08705139160156,1752.8988037109375,400.4250183105469,668.6423950195312,168.7611846923828,305.9613037109375,1272.2030029296875,534.7943115234375,6199.388671875,92.4081039428711,76.95878601074219,558.5547485351562,273.4545593261719,385.8017272949219,30.301136016845703,1706.4490966796875,4058.422607421875
2019-09-23,1696.6124267578125,328.5240173339844,585.7306518554688,191.03343200683594,1815.1925048828125,428.047119140625,634.8780517578125,180.67124938964844,326.1917419433594,1377.6566162109375,531.1280517578125,6487.07177734375,89.47819519042969,73.86003875732422,551.8087158203125,284.37640380859375,381.8383483886719,31.02465057373047,1665.4287109375,4173.8642578125
2019-09-24,1661.931884765625,329.1376647949219,584.1234130859375,188.9320526123047,1824.7142333984375,422.86798095703125,659.5473022460938,181.4864959716797,321.71820068359375,1335.1146240234375,525.2528076171875,6591.69677734375,88.78427124023438,74.70336151123047,569.397705078125,274.27032470703125,382.02484130859375,30.486127853393555,1689.3055419921875,4104.38037109375
2019-09-25,1648.6619873046875,322.5293884277344,577.5543823242188,181.38623046875,1825.64892578125,416.4420471191406,658.3845825195312,175.49603271484375,318.43756103515625,1306.99365234375,502.6445617675781,6243.16650390625,90.1335678100586,77.9590072631836,569.7762451171875,254.0126953125,379.3204040527344,29.766725540161133,1725.451171875,4066.21728515625
2019-09-26,1666.6845703125,324.7950744628906,578.8587646484375,187.16500854492188,1810.4315185546875,433.46612548828125,649.9953002929688,177.51649475097656,323.4578857421875,1342.8209228515625,532.9612426757812,6449.078125,89.86370086669922,78.15513610839844,577.4576416015625,255.4629364013672,384.1697082519531,30.893098831176758,1724.749267578125,4178.1416015625
2019-09-27,1671.7196044921875,329.5624694824219,579.6508178710938,182.15037536621094,1789.5186767578125,430.82855224609375,649.70458984375,179.3242645263672,326.76837158203125,1327.3182373046875,521.8215942382812,6370.31494140625,90.24922943115234,77.70404815673828,582.9124145507812,254.87379455566406,374.6109313964844,29.569400787353516,1698.76513671875,4177.7138671875
2019-09-30,1658.402587890625,346.5078430175781,571.8473510742188,182.77125549316406,1763.7554931640625,415.9624938964844,669.1824340820312,184.2158966064453,326.9572448730469,1328.7603759765625,514.3482666015625,6315.86279296875,90.59618377685547,78.07669830322266,593.2432250976562,245.4474334716797,363.18701171875,29.6392879486084,1734.4151611328125,4126.48095703125
2019-10-01,1662.119873046875,331.3089294433594,581.7940063476562,181.2429656982422,1771.1865234375,407.2346496582031,659.1319580078125,181.41561889648438,327.70281982421875,1319.5667724609375,523.32568359375,6378.1201171875,90.24922943115234,77.07647705078125,581.064453125,231.9877166748047,360.48260498046875,28.903444290161133,1701.9046630859375,4004.1953125
2019-10-03,1645.9798583984375,325.5975341796875,570.0303955078125,174.41354370117188,1746.0467529296875,409.82421875,652.5286254882812,185.49197387695312,321.2509765625,1314.1591796875,528.9660034179688,6351.83447265625,90.0179214477539,78.09629821777344,583.8030395507812,230.3562469482422,361.9747009277344,27.920949935913086,1702.1524658203125,3941.650146484375
2019-10-04,1622.87548828125,320.4997253417969,554.26025390625,173.93594360351562,1730.1614990234375,396.97222900390625,659.0488891601562,182.37266540527344,310.79278564453125,1284.2806396484375,530.423095703125,6253.60546875,90.51908111572266,77.0960693359375,582.4893798828125,226.54942321777344,360.0162353515625,27.386539459228516,1717.9329833984375,3782.674560546875
2019-10-07,1623.5811767578125,322.43499755859375,552.9558715820312,174.12698364257812,1726.4686279296875,399.0822448730469,655.8095092773438,178.57989501953125,309.30157470703125,1259.9000244140625,519.800537109375,6235.03173828125,89.40107727050781,77.07647705078125,583.3799438476562,225.77903747558594,354.2810363769531,26.70413589477539,1691.7843017578125,3678.924072265625
2019-10-09,1669.037109375,339.2860412597656,572.1734619140625,177.7088623046875,1733.5433349609375,418.83978271484375,650.9090576171875,175.17703247070312,320.574951171875,1285.497314453125,541.9857177734375,6319.3896484375,90.4034423828125,77.54715728759766,589.903564453125,236.51962280273438,358.05792236328125,27.66196632385254,1668.9813232421875,3843.508056640625
2019-10-10,1673.8843994140625,356.13702392578125,559.3150634765625,174.0792236328125,1752.009033203125,406.3714904785156,650.4105224609375,172.4121551513672,315.0973205566406,1284.460693359375,532.1151123046875,6212.0849609375,90.4034423828125,78.09629821777344,606.8247680664062,230.3562469482422,360.9489440917969,27.12755584716797,1656.051513671875,3779.585205078125
2019-10-11,1684.8482666015625,361.4708251953125,558.499755859375,178.8072967529297,1783.95654296875,411.02313232421875,676.782470703125,172.94387817382812,315.683837890625,1286.8043212890625,526.5217895507812,6299.9697265625,89.9793472290039,78.84156799316406,602.3049926757812,230.7187957763672,360.2494201660156,27.87162208557129,1641.510986328125,3875.493408203125
2019-10-14,1692.800537109375,371.5248107910156,561.1088256835938,180.24005126953125,1792.4993896484375,411.3108215332031,652.944091796875,173.0502166748047,315.23651123046875,1283.4241943359375,534.5592651367188,6414.89208984375,90.7889404296875,77.82173156738281,604.7095947265625,231.53451538085938,368.036376953125,28.35259246826172,1669.72509765625,3963.9873046875
2019-10-15,1696.9417724609375,362.1788635253906,569.7975463867188,183.9174346923828,1837.1282958984375,414.1881408691406,638.1591186523438,175.531494140625,321.22113037109375,1290.9052734375,548.425048828125,6569.73779296875,92.0611572265625,78.93962097167969,607.4481201171875,234.25367736816406,370.0413818359375,28.71023178100586,1683.1917724609375,3998.396728515625
2019-10-16,1661.74365234375,363.6893310546875,568.8889770507812,179.52366638183594,1843.002197265625,417.4970397949219,640.7755126953125,172.731201171875,319.2229309082031,1283.6495361328125,549.22412109375,6559.62744140625,90.51908111572266,77.88056182861328,611.0995483398438,232.07833862304688,372.7458190917969,28.562246322631836,1690.7100830078125,4073.298095703125
2019-10-17,1705.60009765625,364.2557373046875,568.37646484375,180.33555603027344,1872.235595703125,422.58026123046875,639.1558227539062,174.2908477783203,319.0241394042969,1283.784912109375,557.7315063476562,6699.66064453125,91.52141571044922,77.54715728759766,621.8533935546875,240.59832763671875,374.4244079589844,29.277528762817383,1715.6728515625,4049.677734375
2019-10-18,1709.788330078125,362.0372619628906,572.5694580078125,178.99832153320312,1874.9052734375,419.8948059082031,637.7852783203125,174.7516326904297,321.1515197753906,1304.920654296875,557.7315063476562,6867.43603515625,93.33335876464844,79.44955444335938,630.6925048828125,244.40512084960938,374.5643005371094,29.56529426574707,1737.974609375,4082.80322265625
2019-10-22,1675.389892578125,353.163330078125,577.3679809570312,177.42230224609375,1893.1485595703125,432.6988220214844,534.540283203125,176.45309448242188,323.8555603027344,1300.188720703125,560.08154296875,6824.12841796875,93.21768951416016,80.43017578125,629.712890625,245.175537109375,378.10809326171875,29.14598846435547,1732.9481201171875,4039.07958984375
2019-10-23,1663.343505859375,340.18280029296875,578.4395751953125,176.80142211914062,1908.2664794921875,436.48724365234375,547.1983642578125,177.97727966308594,320.83343505859375,1290.4996337890625,556.3684692382812,6997.17041015625,93.33335876464844,80.90087127685547,620.0277099609375,249.66212463378906,377.87493896484375,29.285751342773438,1748.745361328125,4040.98046875
2019-10-24,1685.0836181640625,351.5112609863281,575.877197265625,173.2195587158203,1908.3555908203125,436.1515197753906,534.3718872070312,176.55941772460938,320.7439880371094,1290.9052734375,546.2158813476562,6951.22998046875,92.67796325683594,80.0575180053711,639.6429443359375,237.92449951171875,378.5743408203125,29.5899600982666,1758.7982177734375,4098.25
2019-10-25,1690.5419921875,354.1545715332031,572.5694580078125,173.60166931152344,1918.8665771484375,449.9147033691406,536.13818359375,175.6023712158203,315.8528747558594,1284.3707275390625,543.0667114257812,7026.23046875,91.36721801757812,79.60646057128906,637.3051147460938,255.1909942626953,389.345458984375,29.783170700073242,1795.0804443359375,3988.986572265625
2019-10-27,1687.059814453125,352.2192687988281,576.62255859375,173.93594360351562,1914.0802001953125,450.3462829589844,545.7263793945312,177.51649475097656,316.7276916503906,1292.8431396484375,556.0394287109375,6980.10205078125,91.59851837158203,79.37109375,638.6632080078125,255.4176025390625,389.5785827636719,30.009265899658203,1787.2664794921875,3982.61767578125
2019-10-29,1707.435302734375,339.7580261230469,578.8587646484375,176.0373077392578,1932.373779296875,457.875244140625,547.2403564453125,179.53695678710938,313.2582092285156,1316.9080810546875,575.1223754882812,7261.4833984375,92.44666290283203,78.8611831665039,653.2689208984375,254.3752899169922,393.4953918457031,32.08114242553711,1854.1295166015625,3913.989990234375
2019-10-30,1717.2412109375,347.3575134277344,581.5842895507812,178.8072967529297,1940.6033935546875,451.880859375,555.6089477539062,183.89686584472656,313.92431640625,1328.7603759765625,579.587646484375,7106.921875,93.25623321533203,78.4297103881836,658.6346435546875,262.7593078613281,400.6761779785156,31.90026092529297,1903.0836181640625,3918.74267578125
2019-10-31,1706.20947265625,353.304931640625,573.1984252929688,179.4759063720703,1945.9259033203125,444.11212158203125,576.6356201171875,182.65625,313.0494079589844,1327.6788330078125,570.0930786132812,7109.2255859375,94.37425231933594,77.80210876464844,652.066650390625,283.15283203125,404.1732482910156,31.287744522094727,1917.3175048828125,3938.228759765625
2019-11-01,1665.4306640625,352.1720886230469,577.717529296875,185.06362915039062,1949.5040283203125,443.3448181152344,578.570068359375,185.2438507080078,314.1230773925781,1306.36279296875,554.394287109375,7164.9462890625,93.68030548095703,77.39025115966797,648.7491455078125,284.19512939453125,408.0433349609375,32.84575653076172,1859.240234375,3956.811279296875
2019-11-04,1683.8636474609375,356.8450622558594,576.2266235351562,189.07533264160156,1930.539794921875,451.2574462890625,596.3165893554688,184.85394287109375,312.363525390625,1308.8863525390625,551.2452392578125,6981.888671875,92.94783020019531,76.3900375366211,649.0831909179688,284.87493896484375,408.41644287109375,33.639156341552734,1853.369140625,4029.004150390625
2019-11-05,1691.359375,362.4620361328125,577.4611206054688,189.6962127685547,1943.0633544921875,449.19537353515625,585.4668579101562,186.37814331054688,308.95361328125,1297.7100830078125,545.3698120117188,6948.97265625,92.98638153076172,76.64500427246094,644.474365234375,289.31622314453125,400.9092712402344,33.21162796020508,1860.0430908203125,3942.220703125
2019-11-06,1694.89501953125,350.6616516113281,585.4510498046875,192.4661865234375,1949.593505859375,461.040283203125,599.0921630859375,185.27928161621094,312.363525390625,1309.65234375,545.040771484375,6875.7587890625,93.0249252319336,76.52731323242188,638.9526977539062,287.8206787109375,399.0440979003906,33.25273513793945,1848.76513671875,3931.051513671875
2019-11-07,1722.5682373046875,350.94482421875,588.735595703125,196.0003204345703,1912.73876953125,458.9781799316406,605.6524047851562,188.46946716308594,314.9382629394531,1293.428955078125,545.5578002929688,6853.18798828125,92.17680358886719,76.17430114746094,649.5061645507812,288.364501953125,410.8876953125,33.14173889160156,1846.1046142578125,3980.24169921875
2019-11-08,1692.3023681640625,348.4903564453125,584.9618530273438,194.71084594726562,1866.3570556640625,469.4324645996094,595.6017456054688,184.67669677734375,318.1691589355469,1282.568115234375,545.2288818359375,6771.74560546875,90.51908111572266,75.174072265625,643.6728515625,286.4158020019531,393.6352233886719,32.71832275390625,1799.3043212890625,3942.078369140625
2019-11-11,1672.596435546875,350.7088317871094,589.2246704101562,191.1767120361328,1861.8397216796875,476.4817810058594,592.4476318359375,183.9322967529297,321.4796142578125,1277.16015625,540.5286254882812,6712.26171875,91.17445373535156,75.2132797241211,635.7911376953125,288.45513916015625,393.0291442871094,33.006080627441406,1774.8062744140625,3932.38232421875
2019-11-13,1669.296142578125,347.9711608886719,585.8703002929688,184.4905242919922,1870.472412109375,465.88372802734375,581.4717407226562,179.96231079101562,319.2726745605469,1255.5286865234375,540.24658203125,6728.5322265625,91.21300506591797,74.23267364501953,655.606689453125,278.0770568847656,384.21636962890625,32.71421813964844,1840.402099609375,3911.99365234375
2019-11-14,1670.616455078125,342.2125549316406,593.4874877929688,180.0490264892578,1850.8369140625,478.256103515625,593.2045288085938,179.9977264404297,317.6422424316406,1244.21728515625,543.7718505859375,6815.56982421875,91.40576171875,73.74235534667969,651.3541259765625,277.35198974609375,382.53778076171875,32.22501754760742,1855.7769775390625,3805.34423828125
2019-11-15,1660.103271484375,371.0527648925781,595.35107421875,179.33265686035156,1840.6839599609375,479.40704345703125,592.027099609375,177.69374084472656,322.6427307128906,1241.6937255859375,548.095947265625,6721.57275390625,90.48052978515625,73.6050796508789,654.9609985351562,291.763427734375,387.06072998046875,32.434669494628906,1836.8963623046875,3875.683349609375
2019-11-18,1639.6431884765625,386.2989196777344,587.9668579101562,184.92037963867188,1839.3421630859375,477.9684143066406,593.1205444335938,177.7646484375,323.52752685546875,1229.8411865234375,539.3064575195312,6675.7255859375,90.55764770507812,74.78181457519531,649.7733154296875,294.6638488769531,395.9200439453125,33.71315383911133,1818.4383544921875,3922.212158203125
2019-11-19,1623.0015869140625,414.7615966796875,592.5558471679688,183.7263946533203,1822.8380126953125,473.3168029785156,599.5547485351562,176.7366485595703,322.8515319824219,1230.9677734375,527.0389404296875,6625.8828125,90.48052978515625,76.66459655761719,672.2828979492188,299.4676818847656,397.1790466308594,33.03074645996094,1781.4376220703125,3897.30810546875
2019-11-20,1625.0286865234375,412.8262939453125,593.2313232421875,182.19813537597656,1812.7745361328125,474.75543212890625,599.6808471679688,177.72915649414062,318.0101013183594,1244.53271484375,526.8508911132812,6726.79248046875,90.24922943115234,76.91957092285156,689.1595458984375,298.0174255371094,419.6537780761719,32.77998733520508,1781.226806640625,3910.52001953125
2019-11-21,1622.05859375,402.44189453125,597.8901977539062,180.14454650878906,1832.58837890625,477.8725280761719,599.89111328125,174.1844940185547,317.175048828125,1255.25830078125,518.719482421875,6601.0546875,88.8999252319336,76.99801635742188,684.6843872070312,300.3287048339844,416.9959411621094,31.661827087402344,1789.2940673828125,3875.540771484375
2019-11-22,1586.6070556640625,397.1081237792969,589.2246704101562,181.72055053710938,1814.42919921875,476.4817810058594,583.0276489257812,175.56690979003906,311.9757995605469,1242.5948486328125,513.2672119140625,6639.9892578125,90.82749938964844,77.9590072631836,688.6474609375,298.4705810546875,421.6122131347656,32.88686752319336,1750.096923828125,3879.248046875
2019-11-25,1612.9600830078125,426.13720703125,592.1830444335938,190.3170623779297,1844.8883056640625,477.44091796875,587.14892578125,175.6378173828125,318.84515380859375,1244.5777587890625,514.9591674804688,6805.1787109375,91.05879211425781,77.90017700195312,695.3492431640625,304.6340026855469,428.0002136230469,34.49010467529297,1758.3756103515625,3909.949951171875
2019-11-26,1612.5830078125,408.1533508300781,594.0232543945312,189.79173278808594,1841.2655029296875,489.8133239746094,580.8410034179688,176.6303253173828,318.9942626953125,1228.4892578125,506.3108215332031,6700.6943359375,89.94080352783203,76.25274658203125,694.7703857421875,304.0901794433594,420.353271484375,34.87240982055664,1728.9356689453125,3909.3798828125
2019-11-27,1617.3443603515625,409.0973815917969,595.583984375,193.89894104003906,1872.4842529296875,484.8260192871094,585.1724243164062,175.07066345214844,321.67840576171875,1203.703125,507.5798034667969,6860.00634765625,89.24688720703125,76.52731323242188,699.045166015625,311.3865051269531,427.813720703125,34.64220428466797,1735.398193359375,4025.154052734375
2019-11-28,1616.637451171875,412.212646484375,589.4810180664062,194.9496307373047,1867.0279541015625,497.91778564453125,590.302978515625,174.8934326171875,321.1018371582031,1216.68212890625,509.4598388671875,6828.830078125,89.0926742553711,76.93917846679688,703.6985473632812,316.59820556640625,426.5081481933594,35.526039123535156,1754.8697509765625,4082.234130859375
2019-11-29,1608.670166015625,417.6880798339844,593.9766235351562,191.1767120361328,1820.6463623046875,491.6356201171875,585.6770629882812,174.68077087402344,321.1416015625,1199.2415771484375,498.7432861328125,6814.34814453125,89.7094955444336,75.82127380371094,690.7182006835938,309.8456726074219,419.513916015625,35.1478385925293,1734.5111083984375,4048.394775390625
2019-12-02,1638.9361572265625,432.9342346191406,589.6905517578125,191.797607421875,1827.713134765625,490.0051574707031,582.6072387695312,173.65281677246094,324.6806640625,1201.76513671875,502.1275939941406,6714.18994140625,88.8999252319336,75.07601165771484,706.4593505859375,306.8093566894531,410.328125,34.601097106933594,1707.3096923828125,4064.696044921875
2019-12-03,1637.23876953125,433.40625,584.8687744140625,187.21278381347656,1814.5186767578125,488.5185241699219,587.3591918945312,173.01475524902344,327.4145202636719,1183.603759765625,491.55206298828125,6713.67236328125,88.32164001464844,74.29151916503906,703.0750122070312,304.7699890136719,404.3597717285156,32.858089447021484,1732.60986328125,4003.339599609375
2019-12-04,1622.0115966796875,435.5775451660156,583.1216430664062,192.08413696289062,1832.0069580078125,507.6046447753906,596.1903686523438,172.37672424316406,328.30926513671875,1158.2769775390625,494.0430908203125,6654.70703125,88.51439666748047,73.8992691040039,691.408447265625,309.8456726074219,413.77862548828125,33.6514892578125,1755.841064453125,3989.50927734375
2019-12-05,1617.8157958984375,422.3138427734375,580.3031005859375,189.64845275878906,1822.5697021484375,506.5016174316406,601.23681640625,175.07066345214844,327.9215393066406,1173.689453125,493.2910461425781,6595.2236328125,87.97467803955078,73.46780395507812,690.5845336914062,304.724609375,407.250732421875,32.87042236328125,1791.996826171875,3955.10009765625
2019-12-06,1618.5704345703125,419.9537353515625,580.5127563476562,189.07533264160156,1812.3721923828125,503.336669921875,601.4471435546875,172.5185089111328,332.89215087890625,1163.41455078125,479.6133728027344,6476.58544921875,86.85667419433594,73.19322967529297,692.3880615234375,290.0412902832031,399.69696044921875,33.15407180786133,1793.9403076171875,3952.153564453125
2019-12-09,1627.7161865234375,420.8977966308594,579.068359375,189.9350128173828,1796.3597412109375,504.9671325683594,603.25537109375,171.1715545654297,329.8998718261719,1150.0750732421875,482.8565368652344,6578.20068359375,86.89520263671875,73.72274780273438,700.2697143554688,287.0502624511719,398.2048034667969,33.437721252441406,1740.5933837890625,3946.070556640625
2019-12-10,1615.27001953125,421.98345947265625,582.1200561523438,190.17379760742188,1811.745849609375,507.0771484375,600.9845581054688,167.02430725097656,330.5260925292969,1152.7789306640625,475.43011474609375,6548.953125,84.8134536743164,71.68307495117188,695.52734375,284.0591735839844,398.81097412109375,33.05541229248047,1700.3826904296875,3838.850341796875
2019-12-11,1638.888916015625,417.9713134765625,581.7706298828125,187.78587341308594,1798.4169921875,511.728759765625,606.451416015625,168.44215393066406,335.3277282714844,1139.5296630859375,477.31024169921875,6576.74365234375,87.12654876708984,71.29082489013672,695.7278442382812,283.515380859375,400.8160095214844,33.34317398071289,1724.9229736328125,3803.20556640625
2019-12-12,1650.6275634765625,414.10076904296875,588.68896484375,192.4184112548828,1795.64404296875,513.455078125,590.5132446289062,169.11566162109375,341.10357666015625,1153.409912109375,481.2113952636719,6582.95068359375,88.24453735351562,72.46757507324219,698.3104858398438,291.7181091308594,404.8725891113281,34.42433166503906,1707.182861328125,3794.603515625
2019-12-13,1644.310546875,403.8580017089844,588.8054809570312,198.91355895996094,1794.615478515625,515.0856323242188,598.2510986328125,171.2778778076172,336.5604553222656,1176.4835205078125,485.25372314453125,6785.28759765625,89.1697769165039,72.84017944335938,704.8562622070312,301.4163513183594,409.6286926269531,35.22183609008789,1749.7166748046875,3880.626708984375
2019-12-16,1632.524658203125,398.24090576171875,585.7771606445312,197.3852996826172,1766.4822998046875,517.1956176757812,600.5219116210938,167.94589233398438,338.7873229980469,1174.4105224609375,478.34429931640625,6714.84814453125,88.63006591796875,73.33050537109375,697.5979614257812,300.7818603515625,405.8052062988281,34.613426208496094,1796.60107421875,3860.332275390625
2019-12-17,1645.677490234375,415.3280029296875,592.1830444335938,204.11923217773438,1754.4954833984375,519.0180053710938,613.7267456054688,170.88800048828125,340.6463317871094,1187.8851318359375,475.5241394042969,6766.66650390625,89.0926742553711,73.7619857788086,695.8612670898438,301.73358154296875,400.1166076660156,36.126224517822266,1828.870849609375,3915.748291015625
2019-12-18,1676.8392333984375,413.7703552246094,602.0830688476562,204.07147216796875,1725.1549072265625,519.2577514648438,616.0396118164062,173.7946014404297,342.84332275390625,1189.14697265625,491.3170166015625,6809.45703125,88.01322174072266,73.42857360839844,701.7169189453125,296.3406066894531,410.09503173828125,36.56608200073242,1831.23681640625,3864.27685546875
2019-12-19,1700.0806884765625,424.2962951660156,600.42919921875,206.6026611328125,1745.32666015625,518.1067504882812,614.6939086914062,173.2274627685547,343.8672790527344,1182.296875,503.3026123046875,6809.45703125,87.9361343383789,73.11477661132812,716.9014892578125,297.42828369140625,404.3597717285156,36.73051834106445,1883.0205078125,3838.09033203125
2019-12-20,1696.450927734375,428.40283203125,604.1095581054688,205.83853149414062,1738.1702880859375,523.7655029296875,615.28271484375,170.95887756347656,336.550537109375,1182.116943359375,498.79046630859375,6829.06591796875,88.43730163574219,72.9970932006836,712.070068359375,306.22021484375,401.2823181152344,37.90211486816406,1877.8250732421875,3916.60400390625
2019-12-23,1704.2767333984375,429.346923828125,606.7651977539062,205.5041961669922,1744.7005615234375,519.161865234375,619.0254516601562,169.36376953125,338.9761962890625,1181.846435546875,494.37213134765625,6922.5458984375,88.36019134521484,72.87942504882812,699.7354736328125,301.2803649902344,399.5104675292969,37.996665954589844,1885.259033203125,3879.96044921875
2019-12-24,1700.4107666015625,431.5654296875,600.59228515625,206.5548858642578,1741.1220703125,518.969970703125,616.8386840820312,169.2574462890625,340.29833984375,1172.6080322265625,495.8761901855469,6891.4169921875,88.82281494140625,73.4089584350586,688.6253662109375,300.41937255859375,400.8160095214844,38.06654739379883,1871.6585693359375,3894.646728515625
2019-12-26,1706.20947265625,422.502685546875,591.8802490234375,205.36094665527344,1739.8250732421875,516.716064453125,613.0960083007812,167.87501525878906,336.8586730957031,1153.04931640625,496.6752014160156,6809.69287109375,89.748046875,72.50679779052734,674.7989501953125,298.9691162109375,393.68182373046875,38.46941375732422,1860.127197265625,3861.758056640625
2019-12-27,1708.7081298828125,429.63006591796875,594.0001220703125,205.790771484375,1744.253173828125,526.9305419921875,619.8244018554688,167.94589233398438,335.1388244628906,1171.345947265625,498.36737060546875,6907.4990234375,90.09502410888672,74.15422821044922,686.7996826171875,305.67633056640625,397.2723083496094,38.6009635925293,1857.212890625,3854.961669921875
2019-12-30,1699.3265380859375,434.7279052734375,597.3311157226562,208.1786651611328,1732.937255859375,521.7034912109375,616.418212890625,168.8675079345703,336.09320068359375,1173.7796630859375,504.71270751953125,6974.60009765625,89.86370086669922,74.64452362060547,687.6234741210938,303.0931396484375,401.14239501953125,39.0326042175293,1844.2882080078125,3851.49267578125
2019-12-31,1682.9677734375,430.2909240722656,592.6489868164062,206.45941162109375,1720.1903076171875,516.8599243164062,614.9462280273438,168.51304626464844,334.8903503417969,1170.0841064453125,499.68341064453125,6929.78759765625,91.79129028320312,74.62490844726562,674.19775390625,302.5039978027344,403.3805236816406,38.81061935424805,1826.1256103515625,3845.884033203125
2020-01-01,1690.7464599609375,427.9308776855469,595.6771850585938,204.6923370361328,1732.3114013671875,514.7979125976562,619.7402954101562,168.79664611816406,332.8424377441406,1180.6746826171875,504.4306335449219,6876.2763671875,93.71885681152344,76.6842269897461,672.2161254882812,303.13848876953125,405.0125427246094,38.45708084106445,1831.110107421875,3863.89697265625
2020-01-02,1688.342529296875,429.7244873046875,599.47412109375,210.28005981445312,1733.6529541015625,518.4904174804688,617.9320068359375,170.03724670410156,332.3453674316406,1212.5361328125,507.48583984375,6893.345703125,93.60320281982422,76.52731323242188,683.6602783203125,307.53436279296875,405.61871337890625,39.862998962402344,1822.704345703125,4034.80224609375
2020-01-03,1651.334716796875,429.63006591796875,590.9251708984375,206.7459259033203,1724.1708984375,516.81201171875,627.4360961914062,169.08018493652344,329.4723815917969,1203.2977294921875,500.81146240234375,6822.2470703125,92.02259826660156,75.70361328125,684.4840087890625,302.4587097167969,414.617919921875,39.768436431884766,1859.0294189453125,4010.468505859375
2020-01-06,1609.6131591796875,424.4851379394531,578.1367797851562,199.91650390625,1713.4364013671875,504.1998291015625,621.4224853515625,166.6698455810547,328.56768798828125,1186.8035888671875,493.05609130859375,6623.01318359375,91.67562866210938,75.7428207397461,668.6093139648438,289.1349182128906,410.28155517578125,38.909278869628906,1858.8602294921875,3951.4404296875
2020-01-07,1625.87744140625,420.1897888183594,587.2913818359375,199.48666381835938,1718.132568359375,501.51434326171875,612.2127685546875,166.84706115722656,332.2062072753906,1190.1834716796875,495.0771789550781,6652.35595703125,92.94783020019531,75.19367218017578,678.8955688476562,288.591064453125,416.296630859375,39.143592834472656,1863.4222412109375,4032.235595703125
2020-01-08,1630.0262451171875,433.1702880859375,585.7539672851562,198.1016845703125,1725.8704833984375,504.4395446777344,604.0543823242188,166.03182983398438,329.0249938964844,1164.0904541015625,493.19708251953125,6616.2421875,92.48519134521484,74.74259948730469,673.7969970703125,289.8600158691406,410.4214172363281,39.07371139526367,1905.15380859375,4105.28369140625
2020-01-09,1671.2764892578125,434.35028076171875,592.3228149414062,201.3014678955078,1730.96923828125,523.9573364257812,611.9183349609375,167.1660919189453,331.05303955078125,1186.2626953125,508.8018798828125,6797.46630859375,92.02259826660156,75.68397521972656,689.3154296875,299.286376953125,410.1883239746094,39.72322463989258,1870.602294921875,4170.91748046875
2020-01-10,1690.1339111328125,431.4237365722656,597.5872802734375,202.0178680419922,1747.9205322265625,518.1548461914062,620.8336791992188,168.7257537841797,334.95989990234375,1193.878662109375,513.8311157226562,6893.95654296875,92.75506591796875,75.37018585205078,689.1595458984375,301.1444091796875,413.68536376953125,39.97399139404297,1869.927001953125,4224.7177734375
2020-01-13,1701.778076171875,442.65777587890625,599.1246948242188,201.73130798339844,1784.4625244140625,516.5722045898438,650.6075439453125,169.6118927001953,336.2323913574219,1202.9820556640625,521.6806640625,6914.8349609375,93.8730697631836,76.40963745117188,687.4006958007812,299.7848815917969,414.617919921875,40.75916290283203,1850.3284912109375,4247.625
2020-01-14,1715.2139892578125,443.0826110839844,600.75537109375,202.44769287109375,1796.9410400390625,515.6131591796875,652.373779296875,172.44764709472656,333.38916015625,1195.2308349609375,528.7779541015625,6946.90283203125,95.22237396240234,76.58613586425781,681.0330810546875,297.2923278808594,415.9235534667969,40.99348449707031,1864.30859375,4261.5029296875
2020-01-15,1736.9940185546875,441.6665344238281,598.3095092773438,204.07147216796875,1808.43603515625,513.6948852539062,645.56103515625,171.8450469970703,333.150634765625,1192.9775390625,535.5933837890625,7037.32763671875,95.49223327636719,76.19390106201172,678.5616455078125,293.8934020996094,418.7678527832031,41.2812385559082,1881.2039794921875,4283.55517578125
2020-01-16,1730.2999267578125,447.37799072265625,599.8933715820312,200.25079345703125,1833.125244140625,515.1815795898438,645.0985717773438,170.67527770996094,338.31011962890625,1189.1019287109375,533.4312133789062,7018.23681640625,93.64175415039062,77.05683898925781,684.81787109375,293.0323486328125,418.7678527832031,40.64816665649414,1891.25732421875,4251.0947265625
2020-01-17,1725.4910888671875,472.064453125,595.4675903320312,200.63284301757812,1843.0098876953125,510.2901611328125,645.8133544921875,170.10813903808594,337.6241760253906,1175.4920654296875,535.1702880859375,7072.3125,93.44900512695312,77.42948150634766,704.0101928710938,288.228515625,423.9435729980469,40.718055725097656,1874.6148681640625,4264.7822265625
2020-01-20,1743.12255859375,480.2303466796875,584.6358032226562,198.00616455078125,1845.2908935546875,512.9756469726562,646.3179931640625,171.49058532714844,321.67840576171875,1180.3592529296875,533.1962280273438,7005.96337890625,91.17445373535156,80.27327728271484,682.3466186523438,284.6030578613281,419.1408996582031,40.3398551940918,1833.432861328125,4246.62646484375
2020-01-21,1707.2938232421875,483.1097106933594,579.720703125,195.95254516601562,1838.6263427734375,509.3310241699219,641.313720703125,169.04476928710938,323.1099548339844,1173.8245849609375,519.659423828125,6867.765625,90.3263168334961,78.6846694946289,683.036865234375,284.3310852050781,417.2291259765625,39.147705078125,1834.0238037109375,4261.74072265625
2020-01-22,1677.593505859375,485.70574951171875,578.0901489257812,194.4720458984375,1835.3167724609375,501.4663391113281,647.7899169921875,168.7611846923828,315.23651123046875,1166.47900390625,520.4114990234375,6710.66357421875,86.4711685180664,78.46894073486328,682.7919311523438,286.5517578125,416.2032470703125,39.05727005004883,1864.30859375,4255.46728515625
2020-01-23,1674.6234130859375,494.3436584472656,579.9537353515625,195.4272003173828,1839.96826171875,506.11810302734375,659.6909790039062,168.65480041503906,319.28265380859375,1200.8192138671875,532.5382080078125,6721.478515625,87.51205444335938,79.21417999267578,679.8975830078125,292.94171142578125,419.513916015625,39.48479461669922,1855.0379638671875,4302.470703125
2020-01-24,1684.712158203125,494.91015625,579.81396484375,196.19131469726562,1854.9962158203125,512.0164794921875,658.3452758789062,168.8320770263672,326.65899658203125,1225.0645751953125,533.7133178710938,6703.93896484375,88.47584533691406,77.25298309326172,677.5374755859375,293.712158203125,417.6021423339844,39.74378204345703,1848.6453857421875,4413.064453125
2020-01-27,1686.173583984375,485.6113586425781,565.2084350585938,189.3618927001953,1843.9490966796875,515.2775268554688,654.434326171875,166.31536865234375,321.76788330078125,1215.510498046875,543.6307373046875,6723.07666015625,87.2421875,75.70361328125,670.8580932617188,286.5970458984375,418.1616516113281,38.021331787109375,1836.66455078125,4445.57275390625
2020-01-28,1677.4522705078125,463.7569580078125,569.8673706054688,187.21278381347656,1843.2781982421875,506.5975646972656,654.3502197265625,163.58599853515625,323.298828125,1213.7528076171875,538.1783447265625,6580.36474609375,86.39405822753906,74.70336151123047,655.3617553710938,285.60003662109375,422.35821533203125,36.689414978027344,1848.9417724609375,4381.03125
2020-01-29,1694.2821044921875,462.8128967285156,575.7606811523438,188.88430786132812,1855.4437255859375,505.06304931640625,664.1907958984375,167.76866149902344,326.16192626953125,1230.9229736328125,543.1137084960938,6592.82470703125,87.28074645996094,75.46825408935547,658.9686889648438,286.82366943359375,419.7469787597656,37.17860412597656,1824.260986328125,4342.203125
2020-01-30,1701.8724365234375,462.38812255859375,571.195068359375,184.77706909179688,1841.0418701171875,510.43402099609375,656.6212158203125,165.92543029785156,323.73626708984375,1234.978759765625,533.8071899414062,6602.37060546875,87.6277084350586,76.25274658203125,642.8936157226562,281.6120300292969,412.2865295410156,36.87851333618164,1810.0787353515625,4264.0693359375
2020-01-31,1693.0567626953125,468.66595458984375,571.3117065429688,180.8609161376953,1819.7071533203125,504.1518859863281,652.6260375976562,166.7052764892578,336.36163330078125,1234.16748046875,533.1492309570312,6501.7900390625,87.01087951660156,73.29127502441406,628.599609375,288.63641357421875,405.0125427246094,36.06867218017578,1760.2939453125,4197.62744140625
2020-02-03,1760.94287109375,481.5048522949219,555.7045288085938,173.64939880371094,1949.1466064453125,494.4649963378906,645.4349975585938,147.17422485351562,333.2798767089844,1159.6739501953125,525.2057495117188,6593.765625,85.00619506835938,73.48739624023438,616.9551391601562,270.19158935546875,389.39208984375,35.850799560546875,1780.1490478515625,4154.42626953125
2020-02-04,1783.2415771484375,489.8595275878906,572.942138671875,180.765380859375,1928.2591552734375,509.0912170410156,662.634765625,152.88111877441406,337.6639404296875,1164.270751953125,542.3146362304688,6770.85205078125,86.35551452636719,76.23314666748047,635.167724609375,277.57861328125,396.9458923339844,37.15393829345703,1784.593994140625,4252.900390625
2020-02-05,1766.4588623046875,503.5007629394531,579.8605346679688,187.4993133544922,1932.463134765625,517.0518188476562,659.8592529296875,153.44827270507812,335.9640197753906,1180.764892578125,549.3179931640625,6621.6025390625,85.73867797851562,74.27189636230469,645.0086669921875,281.8839111328125,397.50537109375,39.05727005004883,1817.4453125,4250.572265625
2020-02-06,1750.712890625,516.1980590820312,577.6010131835938,185.30242919921875,1928.974609375,519.4495239257812,648.757080078125,151.39236450195312,332.8324890136719,1187.56982421875,545.3698120117188,6603.4521484375,86.35551452636719,75.66438293457031,649.1500244140625,291.8087463378906,401.608642578125,39.26691818237305,1802.035400390625,4244.01318359375
2020-02-07,1752.5042724609375,509.2593994140625,578.7190551757812,188.54998779296875,1932.150146484375,514.5101928710938,653.7614135742188,151.2860107421875,328.6671142578125,1170.80517578125,534.9822387695312,6556.5712890625,89.1312255859375,74.68376159667969,638.3961181640625,290.5397644042969,401.74859619140625,38.72428512573242,1808.978271484375,4250.572265625
2020-02-10,1762.6871337890625,508.5513610839844,577.8339233398438,182.29368591308594,1931.5684814453125,512.1123657226562,650.3131103515625,149.26553344726562,331.89801025390625,1158.4573974609375,496.7223205566406,6482.4169921875,87.51205444335938,73.19322967529297,639.2644653320312,288.6817321777344,391.9566345214844,36.487979888916016,1830.4840087890625,4195.3935546875
2020-02-11,1770.7957763671875,504.39764404296875,577.9737548828125,184.96810913085938,1925.6202392578125,517.6752319335938,650.6075439453125,150.71885681152344,333.5184326171875,1159.8992919921875,492.6330261230469,6614.87890625,90.09502410888672,74.33074188232422,646.9012451171875,293.98406982421875,390.32470703125,36.51264572143555,1823.2447509765625,4245.486328125
2020-02-12,1785.50439453125,509.40093994140625,581.8870239257812,184.96810913085938,2021.961181640625,526.8346557617188,656.91552734375,151.03787231445312,340.96441650390625,1169.273193359375,499.1664123535156,6623.8603515625,90.05646514892578,74.27189636230469,654.7161254882812,290.22259521484375,386.6410217285156,36.82918167114258,1837.9346923828125,4233.4150390625
2020-02-13,1766.9775390625,509.7314453125,578.346435546875,186.49639892578125,2042.580810546875,518.8740844726562,666.3353881835938,150.2226104736328,335.9739074707031,1164.72119140625,501.6104431152344,6587.8876953125,88.78427124023438,74.74259948730469,656.4304809570312,296.7938232421875,390.6976623535156,36.278324127197266,1855.8843994140625,4230.3251953125
2020-02-14,1769.8060302734375,533.3795166015625,568.07373046875,185.30242919921875,2017.220458984375,523.4777221679688,661.457275390625,147.2451171875,334.21429443359375,1167.3353271484375,491.6459655761719,6502.07177734375,86.89520263671875,72.21260070800781,662.4197387695312,289.49749755859375,390.32470703125,35.72747039794922,1849.322998046875,4214.974609375
2020-02-17,1773.9072265625,533.2378540039062,567.0487670898438,181.72055053710938,2015.0286865234375,519.4495239257812,663.9805297851562,145.18917846679688,336.2323913574219,1153.8607177734375,491.4109802246094,6495.44189453125,85.04474639892578,72.01648712158203,658.2561645507812,284.7843017578125,383.608642578125,35.91657257080078,1865.451904296875,4229.70751953125
2020-02-18,1757.1715087890625,517.5669555664062,565.2318725585938,176.08506774902344,1998.748291015625,519.0659790039062,670.8772583007812,144.5157012939453,336.2125549316406,1159.403564453125,491.8340148925781,6377.2744140625,84.50504302978516,72.56562805175781,653.4247436523438,287.8206787109375,383.8434753417969,35.46848678588867,1876.0350341796875,4254.279296875
2020-02-19,1777.207275390625,512.9883422851562,571.7308349609375,179.66696166992188,2050.40771484375,522.5187377929688,673.232177734375,146.53614807128906,338.22064208984375,1154.942138671875,494.8422546386719,6354.23291015625,86.39405822753906,73.54625701904297,669.6334228515625,290.3585205078125,379.0530700683594,35.616477966308594,1859.60986328125,4251.80712890625
2020-02-20,1736.9940185546875,515.0652465820312,567.025390625,181.43402099609375,2011.1376953125,524.628662109375,670.3305053710938,147.06787109375,335.20843505859375,1154.2210693359375,493.3851013183594,6355.17431640625,85.85433197021484,74.23267364501953,661.6849975585938,296.9751281738281,380.36810302734375,36.467430114746094,1826.1234130859375,4209.0341796875
2020-02-24,1715.025390625,500.243896484375,563.6943969726562,171.02267456054688,1981.528564453125,508.1801452636719,669.3632202148438,143.91311645507812,333.6775207519531,1135.3837890625,482.4335632324219,6085.0771484375,84.58213806152344,72.9970932006836,643.4279174804688,292.71514892578125,373.6991882324219,34.15711975097656,1791.0286865234375,4177.5712890625
2020-02-25,1721.7669677734375,505.2944641113281,559.1986083984375,166.62892150878906,1998.03271484375,509.2351379394531,671.5079956054688,143.06240844726562,333.19036865234375,1119.4757080078125,478.4383239746094,6032.552734375,84.89054870605469,73.01671600341797,630.71484375,296.2046813964844,365.29241943359375,34.638092041015625,1825.573486328125,4129.09423828125
2020-02-26,1722.2855224609375,505.9552917480469,558.7094116210938,162.28289794921875,2000.3585205078125,502.2816467285156,658.3452758789062,140.7938232421875,331.3412780761719,1091.625,472.84503173828125,5863.55419921875,84.1195297241211,72.8990249633789,619.849609375,297.4736328125,351.9544372558594,34.227012634277344,1798.013916015625,4126.71826171875
2020-02-27,1738.455810546875,501.89593505859375,558.8026123046875,160.80238342285156,2017.1309814453125,494.2731018066406,654.2239990234375,140.04946899414062,334.57220458984375,1090.90380859375,463.91455078125,5915.23193359375,84.08097076416016,73.13438415527344,617.2891235351562,291.8087463378906,364.9166564941406,33.939247131347656,1782.6883544921875,4107.849609375
2020-02-28,1695.225341796875,494.2020568847656,548.6464233398438,148.9105682373047,1945.3890380859375,476.91339111328125,615.4088745117188,140.04946899414062,322.1655578613281,1070.35400390625,429.6496887207031,5908.93115234375,82.15338134765625,71.1927719116211,591.6402587890625,274.6328430175781,350.263671875,31.386404037475586,1693.4903564453125,4010.84912109375
2020-03-02,1684.712158203125,489.34033203125,549.5548095703125,143.03628540039062,1931.7027587890625,485.40142822265625,623.2728271484375,138.45433044433594,317.920654296875,1046.333984375,430.82476806640625,5910.8583984375,80.11016082763672,71.97726440429688,586.073974609375,260.49334716796875,347.070068359375,29.931156158447266,1694.46435546875,3936.802490234375
2020-03-03,1704.497314453125,491.6531677246094,550.579833984375,152.1581573486328,1938.1436767578125,493.6976623535156,628.2772216796875,137.42642211914062,323.3485107421875,1064.7205810546875,438.29815673828125,6005.75,83.96531677246094,75.19367218017578,597.9634399414062,262.7139587402344,369.6601257324219,31.863264083862305,1724.013671875,4087.17626953125
2020-03-04,1749.3687744140625,487.829833984375,535.2289428710938,153.39984130859375,1946.3731689453125,487.5594177246094,638.1597900390625,132.9246826171875,319.7001037597656,1060.5296630859375,446.194580078125,6004.15185546875,83.23282623291016,77.29220581054688,596.5607299804688,258.5899353027344,380.8377380371094,31.008203506469727,1763.807861328125,3966.36328125
2020-03-05,1774.454833984375,497.4117736816406,536.3936767578125,148.52847290039062,1984.077880859375,483.8668518066406,634.6692504882812,133.31460571289062,328.3291320800781,1065.75732421875,450.5658264160156,5986.84765625,83.1557388305664,76.86072540283203,583.84765625,261.4903869628906,380.3211364746094,30.893098831176758,1799.241455078125,3997.493408203125
2020-03-06,1777.294677734375,490.09552001953125,528.7299194335938,143.37059020996094,1958.047119140625,466.4591979980469,621.506591796875,128.8483123779297,324.29296875,1044.5313720703125,442.763427734375,6062.083984375,81.07394409179688,74.76220703125,565.9688720703125,245.175537109375,376.56402587890625,28.899337768554688,1791.95947265625,3961.65869140625
2020-03-09,1767.5447998046875,468.4771728515625,515.8715209960938,137.01873779296875,1897.7554931640625,439.02886962890625,592.48974609375,125.62271118164062,313.7751770019531,993.2015991210938,435.4310607910156,5831.81494140625,79.3391342163086,70.9770278930664,496.1246032714844,229.72177124023438,369.4723205566406,26.498594284057617,1669.953369140625,3894.646728515625
2020-03-11,1782.40673828125,466.1642761230469,518.8998413085938,131.6220245361328,1927.722412109375,446.60577392578125,576.9721069335938,124.52383422851562,315.9920349121094,1006.7212524414062,424.52642822265625,5780.27783203125,79.45478057861328,71.15354919433594,513.669189453125,222.15350341796875,362.52154541015625,24.644596099853516,1654.162109375,3795.839111328125
2020-03-12,1745.01416015625,438.9288635253906,475.8056640625,114.81109619140625,1839.1185302734375,408.2417297363281,530.881591796875,110.4515380859375,291.2880859375,916.2294921875,397.9700622558594,5307.09130859375,72.74679565429688,65.15216064453125,473.3477783203125,192.69619750976562,333.26239013671875,23.633325576782227,1498.5001220703125,3482.260009765625
2020-03-13,1701.79931640625,464.3233947753906,498.40106201171875,121.73605346679688,1818.767822265625,428.91033935546875,540.2594604492188,115.02418518066406,292.2822265625,947.6851806640625,403.1403503417969,5490.90185546875,75.59961700439453,65.85820770263672,492.1837158203125,219.34371948242188,360.8777160644531,26.860347747802734,1529.3616943359375,3601.45556640625
2020-03-16,1593.596923828125,438.7872314453125,465.6494140625,110.46509552001953,1737.0968017578125,386.4221496582031,490.4683532714844,104.39017486572266,275.11370849609375,873.1016845703125,368.31146240234375,5153.89208984375,70.0096435546875,64.23551940917969,452.28533935546875,202.4397735595703,346.1776428222656,23.81009292602539,1436.311279296875,3344.005615234375
2020-03-17,1639.2255859375,429.25250244140625,454.2818908691406,110.2262954711914,1792.6922607421875,352.23016357421875,466.75018310546875,105.73715209960938,262.9853515625,862.3309936523438,351.0145263671875,5270.2255859375,67.92786407470703,65.88261413574219,448.85662841796875,195.0074462890625,347.6805725097656,23.246904373168945,1403.7987060546875,3298.760498046875
2020-03-18,1531.875,401.73394775390625,408.5323181152344,104.30424499511719,1720.906005859375,340.52911376953125,449.3822021484375,106.83601379394531,233.0125732421875,815.2824096679688,325.6332092285156,5033.890625,62.1065673828125,58.623321533203125,431.2674560546875,195.0527801513672,340.7297668457031,23.0906925201416,1400.7508544921875,3140.117431640625
2020-03-19,1515.7816162109375,419.859375,417.220947265625,95.27792358398438,1644.42333984375,324.70391845703125,458.8441467285156,114.74059295654297,240.74685668945312,759.896728515625,295.3636169433594,4532.5380859375,60.410316467285156,59.84336471557617,408.6465148925781,184.5841064453125,338.5224609375,22.35073471069336,1395.5908203125,3009.419677734375
2020-03-20,1649.9698486328125,436.757568359375,411.3042297363281,100.77014923095703,1835.3167724609375,331.5614929199219,492.1925964355469,124.41748046875,250.98631286621094,779.3651123046875,303.2600402832031,4776.72509765625,62.64629364013672,63.95086669921875,453.2872314453125,190.2036590576172,343.0780334472656,24.480161666870117,1532.98779296875,3397.04541015625
2020-03-23,1418.5130615234375,384.552490234375,359.4515380859375,83.95918273925781,1672.511474609375,272.3848876953125,442.77978515625,109.3881607055664,218.35919189453125,652.5953979492188,275.81060791015625,3969.02099609375,58.90679931640625,62.222450256347656,393.6623840332031,164.5984344482422,304.8017272949219,22.293184280395508,1424.03369140625,2903.72119140625
2020-03-24,1443.5048828125,381.4371337890625,357.6578674316406,84.77108764648438,1813.9822998046875,284.37371826171875,496.0614013671875,106.12706756591797,229.22496032714844,646.974853515625,252.8733673095703,4219.275390625,59.793487548828125,59.90436553955078,420.0906066894531,166.0486297607422,314.80517578125,22.35485076904297,1452.5625,2868.7890625
2020-03-25,1508.1612548828125,405.0852355957031,399.1447448730469,90.3110580444336,1867.922607421875,303.9393615722656,509.85491943359375,104.4610824584961,256.5136413574219,699.845947265625,261.19281005859375,4707.837890625,61.45119094848633,61.10408401489258,481.9196472167969,172.12136840820312,326.5464172363281,23.579883575439453,1492.775146484375,3068.875244140625
2020-03-26,1530.691650390625,444.3570556640625,419.80657958984375,90.3110580444336,1963.414306640625,316.7433776855469,540.8062744140625,110.87690734863281,272.976318359375,765.8777465820312,268.3841857910156,4587.5078125,61.80035400390625,64.3982162475586,474.772705078125,174.70457458496094,317.7640075683594,23.386672973632812,1527.4444580078125,3069.398193359375
2020-03-27,1518.5743408203125,423.8243103027344,421.3673400878906,87.44557189941406,1914.796142578125,325.9507751464844,548.9645385742188,115.69764709472656,278.17559814453125,765.0095825195312,276.84466552734375,4369.4169921875,64.39959716796875,65.0692367553711,474.50555419921875,177.60498046875,317.7170715332031,22.794710159301758,1556.0576171875,2988.08056640625
2020-03-30,1509.865234375,406.9260559082031,387.4510498046875,84.81884765625,1953.976806640625,300.58251953125,527.0968017578125,112.86192321777344,257.219482421875,729.9144287109375,257.9496154785156,4070.68359375,63.42974090576172,63.30016326904297,458.85345458984375,169.40225219726562,312.5039367675781,20.88727378845215,1516.825927734375,2933.23486328125
2020-03-31,1577.598388671875,416.2248229980469,401.5440673828125,91.40950012207031,2056.087646484375,310.5092468261719,539.5445556640625,121.72357177734375,257.68670654296875,738.916748046875,267.8671569824219,4032.9248046875,65.33069610595703,64.7032241821289,495.9464416503906,178.42071533203125,330.9141845703125,22.16575050354004,1557.422607421875,3084.321044921875
2020-04-01,1517.675048828125,397.76898193359375,386.51934814453125,87.54107666015625,1949.7725830078125,298.424560546875,506.9952087402344,117.96622467041016,234.94117736816406,707.705810546875,256.4925842285156,3993.47314453125,62.847801208496094,62.87314224243164,481.1181945800781,169.0850067138672,322.6953125,21.898544311523438,1457.33837890625,2985.276123046875
2020-04-03,1439.765625,400.2234191894531,379.1583557128906,84.81884765625,1926.917236328125,274.9264831542969,492.61297607421875,126.11895751953125,226.82911682128906,707.97998046875,263.8719787597656,3772.608642578125,61.7227668762207,63.52383041381836,479.7822570800781,159.0695343017578,353.1285095214844,20.86260414123535,1410.814453125,2891.126708984375
2020-04-07,1537.1763916015625,443.885009765625,417.4772033691406,99.28962707519531,2187.0478515625,312.7631530761719,537.44189453125,128.70654296875,238.201904296875,732.65625,301.7559509277344,4282.47265625,63.27456283569336,64.2558822631836,537.0693359375,168.94903564453125,392.01544189453125,22.70838165283203,1514.01123046875,3117.25732421875
2020-04-08,1523.1182861328125,435.81353759765625,414.12286376953125,96.32861328125,2201.315673828125,305.9055480957031,531.218017578125,126.6506576538086,236.13412475585938,737.6372680664062,306.83221435546875,4418.32080078125,66.10660552978516,64.3982162475586,530.8575439453125,165.86737060546875,410.1907958984375,22.589168548583984,1454.5238037109375,3095.347412109375
2020-04-09,1563.25634765625,461.3497009277344,430.9644775390625,102.72823333740234,2122.06005859375,328.6842346191406,535.1289672851562,131.32958984375,253.08392333984375,742.8466796875,358.534912109375,5009.439453125,67.58080291748047,66.87899017333984,543.2366333007812,170.17266845703125,426.8633117675781,23.4195613861084,1506.29296875,3199.525634765625
2020-04-13,1591.1829833984375,483.5345153808594,417.1278076171875,108.69803619384766,2098.980712890625,317.1269836425781,536.0961303710938,128.74197387695312,248.7097625732422,790.9652709960938,341.0970458984375,4968.529296875,68.78343963623047,65.04891204833984,529.5216674804688,166.32057189941406,434.2837219238281,23.230459213256836,1500.4080810546875,3294.625732421875
2020-04-15,1626.540283203125,481.9296569824219,402.1962585449219,109.93974304199219,2225.2001953125,313.9620056152344,537.4839477539062,134.23622131347656,233.3704376220703,804.4002075195312,331.978515625,4790.92578125,69.75332641601562,64.88623809814453,512.0216064453125,165.27822875976562,421.9319763183594,23.44422721862793,1479.8541259765625,3422.0439453125
2020-04-16,1650.112060546875,472.4421081542969,409.86004638671875,115.1454086303711,2179.176025390625,328.0128173828125,524.6997680664062,132.10943603515625,224.8408660888672,833.1891479492188,335.3157043457031,4825.251953125,73.78799438476562,66.45196533203125,520.1259765625,170.8524627685547,435.5517883300781,23.75254249572754,1463.564453125,3364.014404296875
2020-04-17,1662.5604248046875,474.3301696777344,424.09271240234375,118.58399200439453,2133.46484375,360.1907043457031,528.8209838867188,133.35006713867188,235.8557586669922,852.6102294921875,341.4260559082031,5177.16796875,74.09834289550781,68.22102355957031,545.0401000976562,175.1577606201172,429.3524475097656,24.118404388427734,1540.4503173828125,3359.2138671875
2020-04-20,1638.1368408203125,462.860107421875,440.18896484375,111.22920989990234,2090.125244140625,346.5235290527344,549.4691772460938,128.1039276123047,234.16574096679688,836.7991943359375,334.5166931152344,5013.8603515625,76.73641204833984,67.3060073852539,553.8568725585938,174.47799682617188,444.6629333496094,23.5469970703125,1551.068603515625,3342.57958984375
2020-04-21,1633.9241943359375,472.4892883300781,429.38055419921875,102.29840087890625,2072.994140625,318.2779235839844,532.5637817382812,127.32415008544922,224.70169067382812,795.443603515625,312.1435241699219,4703.27685546875,75.49496459960938,66.14694213867188,550.9848022460938,167.4535369873047,444.4281005859375,21.86565399169922,1481.986572265625,3234.885009765625
2020-04-22,1716.2830810546875,473.3389587402344,432.6183776855469,103.4446029663086,2134.493408203125,322.21026611328125,539.8390502929688,129.20278930664062,229.07582092285156,779.2212524414062,319.804931640625,4872.322265625,75.72772216796875,65.96394348144531,607.2031860351562,171.0337371826172,445.5552673339844,22.06297492980957,1509.1502685546875,3270.90966796875
2020-04-23,1724.4716796875,468.2411193847656,444.8943786621094,106.2623519897461,2073.084228515625,338.5150146484375,571.3369140625,127.99761962890625,248.46124267578125,768.25390625,326.6672668457031,4849.28173828125,73.86556243896484,64.2558822631836,610.453857421875,169.22096252441406,448.4671325683594,22.22330093383789,1601.8992919921875,3271.908203125
2020-04-24,1730.0570068359375,466.5890808105469,437.02099609375,99.00308227539062,2042.3121337890625,321.1552734375,553.422119140625,127.64315032958984,246.453125,777.9418334960938,314.25860595703125,4745.17333984375,72.4689712524414,64.72356414794922,630.98193359375,162.921630859375,456.0754089355469,21.997201919555664,1550.983642578125,3144.299560546875
2020-04-27,1752.5870361328125,466.4002685546875,433.130859375,103.34908294677734,2075.723388671875,333.6715087890625,558.9732666015625,127.50137329101562,259.18780517578125,781.6431884765625,310.4984436035156,4755.236328125,71.65426635742188,64.90657043457031,636.659423828125,163.96397399902344,460.161376953125,22.334293365478516,1566.3775634765625,3194.39208984375
2020-04-28,1727.074951171875,458.4703674316406,433.9228515625,103.87443542480469,2048.439697265625,345.1328125,555.6930541992188,127.2177734375,263.7707214355469,783.3797607421875,315.8097229003906,4751.8037109375,70.10247039794922,63.93052291870117,635.947021484375,167.045654296875,445.1795349121094,22.490507125854492,1585.5245361328125,3226.09228515625
2020-04-29,1673.21044921875,468.2411193847656,455.213623046875,111.08594512939453,1996.3778076171875,355.2992858886719,569.02392578125,129.13189697265625,264.00933837890625,800.0133056640625,327.13726806640625,4766.615234375,69.98609161376953,64.27621459960938,635.4126586914062,172.3026885986328,448.6549377441406,23.238683700561523,1625.26806640625,3264.446533203125
2020-04-30,1664.879638671875,485.5169677734375,466.7209777832031,124.36274719238281,1963.5035400390625,364.6025390625,601.7835693359375,129.0609893798828,269.8448486328125,820.3025512695312,344.66925048828125,5039.67431640625,73.74917602539062,65.90293884277344,652.8013305664062,172.66519165039062,436.2562561035156,24.525381088256836,1718.060302734375,3359.45166015625
2020-05-04,1587.3489990234375,502.6983947753906,430.00946044921875,110.70387268066406,1863.0025634765625,324.2243347167969,566.6268920898438,123.38953399658203,254.05816650390625,777.439208984375,335.6447448730469,4595.3125,70.95596313476562,64.6828842163086,639.0863037109375,162.10592651367188,437.195556640625,22.494619369506836,1646.419189453125,3181.98779296875
2020-05-05,1532.7742919921875,498.4974365234375,424.6285095214844,110.70387268066406,1826.1923828125,317.31884765625,566.6268920898438,123.2832260131836,246.2145233154297,764.8724975585938,346.07928466796875,4542.22509765625,71.8482437133789,66.55361938476562,650.4190063476562,154.4469757080078,428.6009826660156,22.41651153564453,1648.381103515625,3121.8671875
2020-05-06,1524.727783203125,515.44287109375,440.9111022949219,113.28282928466797,1798.1937255859375,327.4373474121094,560.0665283203125,116.19390106201172,247.72560119628906,765.2379760742188,363.940185546875,4554.826171875,73.47762298583984,67.26531982421875,650.4635620117188,155.0814666748047,426.8163146972656,22.835819244384766,1623.51953125,3159.935791015625
2020-05-07,1509.2501220703125,498.4974365234375,430.94122314453125,112.37541961669922,1781.9580078125,322.9775695800781,559.267578125,114.13798522949219,238.54983520507812,752.0316772460938,376.63092041015625,4466.47119140625,70.1800537109375,65.78092193603516,671.0361328125,154.76422119140625,424.7498474121094,22.679603576660156,1613.327880859375,3091.925537109375
2020-05-08,1494.1982421875,500.385498046875,432.8280334472656,111.85006713867188,1869.08544921875,323.8887023925781,567.0474853515625,112.18843078613281,242.05909729003906,745.7255249023438,363.5172119140625,4376.98779296875,67.50320434570312,64.66256713867188,695.4605712890625,151.0480499267578,440.530029296875,22.43706512451172,1614.82080078125,3142.256103515625
2020-05-11,1485.8673095703125,506.1912841796875,426.65509033203125,114.38127899169922,1832.0069580078125,307.0564270019531,574.36474609375,112.33021545410156,236.29318237304688,750.8892211914062,366.71343994140625,4643.7451171875,67.23165130615234,64.58122253417969,702.139892578125,149.96041870117188,435.6927185058594,22.70838165283203,1650.5556640625,3194.487548828125
2020-05-12,1442.0848388671875,528.5177612304688,420.0162658691406,115.67074584960938,1799.4012451171875,308.06353759765625,578.35986328125,117.0091552734375,230.0799102783203,744.6744995117188,369.4865417480469,4656.4423828125,71.11115264892578,66.41129302978516,658.701416015625,151.274658203125,435.7396240234375,22.523395538330078,1662.6663818359375,3183.651611328125
2020-05-13,1479.90380859375,524.8360595703125,432.1758117675781,118.01091003417969,1785.2677001953125,324.2243347167969,583.8267822265625,117.25729370117188,235.94522094726562,788.6348266601562,388.2875061035156,4736.1923828125,72.19740295410156,67.77368927001953,672.677001953125,157.8006134033203,424.8907775878906,22.737157821655273,1662.7945556640625,3371.238037109375
2020-05-14,1441.1854248046875,509.6370544433594,416.3591003417969,111.94559478759766,1794.4814453125,314.0099182128906,553.5482788085938,116.12300872802734,233.24119567871094,796.6317749023438,376.44293212890625,4809.49951171875,69.32657623291016,65.39459991455078,645.4812622070312,152.2263641357422,428.2722473144531,22.079421997070312,1622.453857421875,3430.931640625
2020-05-15,1470.105712890625,523.0895385742188,413.7734680175781,113.90367889404297,1817.7838134765625,309.5021667480469,548.6281127929688,116.72559356689453,234.2751007080078,790.0057373046875,358.4409484863281,4796.6630859375,70.49040985107422,64.98790740966797,656.0224609375,150.82147216796875,421.3684997558594,22.482284545898438,1614.3939208984375,3405.884765625
2020-05-18,1421.021728515625,507.93780517578125,389.7804870605469,110.17854309082031,1793.765625,286.2919006347656,558.384521484375,116.7964859008789,221.42108154296875,743.3492431640625,354.5867614746094,4439.8095703125,68.9774169921875,62.832481384277344,647.6390380859375,140.7606658935547,413.94793701171875,21.919097900390625,1659.3402099609375,3144.1572265625
2020-05-19,1423.7196044921875,565.2879028320312,386.9851989746094,112.04110717773438,1767.197998046875,288.0182800292969,562.3374633789062,121.05008697509766,224.7613525390625,727.8123168945312,359.94500732421875,4519.1357421875,70.6456069946289,64.27621459960938,633.3218994140625,138.49472045898438,414.88726806640625,22.363069534301758,1661.9415283203125,3268.05859375
2020-05-20,1420.028076171875,560.8037109375,399.30780029296875,115.38420104980469,1780.8841552734375,293.14947509765625,563.1365356445312,124.59476470947266,230.65650939941406,763.135986328125,380.76715087890625,4600.6259765625,72.08100128173828,64.43888854980469,644.4699096679688,139.0385284423828,428.0843505859375,23.283903121948242,1666.1630859375,3353.938720703125
2020-05-21,1490.3170166015625,561.2756958007812,400.4491882324219,123.69414520263672,1763.038330078125,291.9505615234375,565.3654174804688,133.95265197753906,228.6980743408203,749.8839111328125,383.82232666015625,4749.35888671875,70.02488708496094,64.62189483642578,647.86376953125,137.72430419921875,438.13482666015625,23.325014114379883,1698.23095703125,3394.8115234375
2020-05-22,1531.591064453125,560.0013427734375,390.805419921875,119.25261688232422,1778.24560546875,279.1465759277344,582.3128051757812,132.10943603515625,230.67636108398438,745.4970703125,400.7901611328125,4828.54443359375,70.5680160522461,63.38151550292969,643.5034790039062,136.72727966308594,440.9057922363281,22.564502716064453,1723.0921630859375,3458.92431640625
2020-05-26,1542.90380859375,527.9513549804688,397.1181335449219,123.31208801269531,1769.2108154296875,280.7291564941406,572.38818359375,135.90220642089844,229.28460693359375,754.4993286132812,403.4223327636719,4933.73291015625,72.15860748291016,63.99153518676758,640.1321411132812,137.22579956054688,431.2779541015625,23.05780601501465,1657.122802734375,3598.699951171875
2020-05-27,1533.0582275390625,531.5858764648438,420.99462890625,127.32378387451172,1787.3697509765625,305.80963134765625,593.3308715820312,136.22122192382812,242.07896423339844,777.6217651367188,406.5715026855469,4932.08740234375,73.47762298583984,63.91020584106445,649.7966918945312,143.75173950195312,423.52874755859375,23.6744327545166,1710.25634765625,3542.998779296875
2020-05-28,1555.919921875,531.2554321289062,440.37530517578125,132.19512939453125,1797.969970703125,313.4824523925781,594.9707641601562,135.15782165527344,244.44497680664062,827.5684204101562,413.9978942871094,5142.70068359375,74.25352478027344,63.95086669921875,661.7987060546875,143.38916015625,431.2310791015625,24.295169830322266,1709.40380859375,3620.751953125
2020-05-29,1593.312744140625,521.6735229492188,443.35699462890625,132.62496948242188,1840.3709716796875,318.3739013671875,589.0885009765625,139.90765380859375,243.36138916015625,852.0161743164062,410.19073486328125,5276.66796875,75.92170715332031,64.07286834716797,658.27001953125,146.19894409179688,445.46136474609375,24.2705078125,1682.154541015625,3711.669921875
2020-06-01,1602.9212646484375,527.762451171875,460.1287536621094,132.91151428222656,1886.171142578125,325.37530517578125,596.3775024414062,142.17626953125,248.21270751953125,848.2691650390625,433.4569396972656,5448.58154296875,75.96050262451172,64.6015625,683.4204711914062,154.12977600097656,437.1485595703125,25.914852142333984,1744.3284912109375,3626.93017578125
2020-06-02,1618.1153564453125,526.86572265625,466.3482971191406,134.82186889648438,1885.142333984375,334.15106201171875,603.66650390625,139.83677673339844,267.0016174316406,864.0802001953125,435.1020812988281,5351.2451171875,75.06822204589844,67.12297821044922,690.3203735351562,154.31101989746094,444.38116455078125,26.260164260864258,1745.948974609375,3644.562744140625
2020-06-03,1624.978515625,520.7766723632812,476.2482604980469,136.92320251464844,1896.8609619140625,342.2554931640625,598.0825805664062,139.44686889648438,275.6803283691406,878.5659790039062,456.01812744140625,5289.08154296875,73.47762298583984,66.91964721679688,692.9951171875,158.5257110595703,447.24603271484375,26.09572982788086,1750.225830078125,3665.141357421875
2020-06-04,1546.595458984375,540.41259765625,466.6744079589844,136.25457763671875,1896.9501953125,333.62359619140625,603.3682250976562,141.89268493652344,265.3116149902344,850.5995483398438,449.76678466796875,5351.33935546875,73.82676696777344,68.83106231689453,710.14404296875,157.7552947998047,464.81085205078125,26.305387496948242,1789.06005859375,3615.7138671875
2020-06-05,1551.139404296875,551.646484375,481.4195556640625,142.55870056152344,1867.4306640625,342.5911865234375,599.78759765625,141.78631591796875,265.9876403808594,873.0366821289062,455.1720886230469,5404.00439453125,75.99930572509766,69.72574615478516,710.9982299804688,170.21798706054688,464.2472839355469,27.867509841918945,1752.0220947265625,3678.115966796875
2020-06-08,1547.0687255859375,552.4017944335938,473.2899169921875,139.78872680664062,1888.9886474609375,345.0848388671875,614.5361328125,140.12033081054688,265.7789001464844,878.6116333007812,442.6224060058594,5393.283203125,76.46484375,70.0917739868164,705.5140380859375,169.31161499023438,459.3160095214844,27.427648544311523,1772.12353515625,3591.28564453125
2020-06-09,1554.4527587890625,536.0228881835938,459.96563720703125,136.20684814453125,1884.33740234375,334.2949523925781,611.7655029296875,140.7229461669922,259.2971496582031,871.2545166015625,450.0487976074219,5325.1005859375,76.03809356689453,69.35974884033203,690.9722290039062,167.18162536621094,470.35272216796875,27.312545776367188,1772.3800048828125,3603.784912109375
2020-06-10,1548.677978515625,535.3619995117188,462.08538818359375,140.36180114746094,1896.0557861328125,338.56292724609375,610.2735595703125,141.1128692626953,264.8841552734375,865.0855102539062,443.7504577636719,5337.6083984375,76.15447235107422,69.15640258789062,706.705322265625,170.12734985351562,468.8498229980469,26.638364791870117,1803.7724609375,3604.83056640625
2020-06-11,1524.68017578125,520.9654541015625,451.2536315917969,137.9261474609375,1884.695068359375,327.29351806640625,600.128662109375,137.7099609375,258.21356201171875,850.3711547851562,446.1005554199219,5103.013671875,76.07688903808594,69.5427474975586,691.219482421875,160.56504821777344,444.8977966308594,25.746307373046875,1768.616455078125,3521.61181640625
2020-06-12,1550.0035400390625,528.7537231445312,457.8459167480469,139.5021514892578,1885.0079345703125,330.122802734375,589.9837036132812,137.46185302734375,254.455810546875,846.6697387695312,477.9682922363281,5230.53857421875,75.18460083007812,67.63134002685547,714.1897583007812,162.37779235839844,450.95623779296875,26.11217498779297,1744.53759765625,3601.123291015625
2020-06-15,1531.875,519.8798217773438,442.5183410644531,139.2633819580078,1864.478759765625,317.5586242675781,586.1473388671875,132.71200561523438,248.31211853027344,822.450439453125,477.686279296875,5149.65966796875,72.31376647949219,66.3909683227539,725.7647705078125,157.4380340576172,456.3101806640625,25.17490005493164,1736.326171875,3559.537841796875
2020-06-16,1535.1881103515625,514.4044189453125,461.40997314453125,143.37059020996094,1857.3673095703125,328.9239807128906,597.7841796875,131.15234375,253.85931396484375,818.017822265625,476.3702087402344,5174.53466796875,72.00343322753906,66.16728973388672,727.1807861328125,156.71292114257812,454.055908203125,25.4009952545166,1749.9267578125,3592.94873046875
2020-06-17,1510.2913818359375,531.9161987304688,456.21533203125,141.36474609375,1859.0670166015625,327.9648742675781,599.8728637695312,128.45840454101562,247.29811096191406,808.6499633789062,467.7687683105469,5385.19580078125,70.99475860595703,64.86590576171875,726.1243896484375,156.7582550048828,456.16937255859375,25.339332580566406,1751.637451171875,3620.751953125
2020-06-18,1512.5633544921875,529.509033203125,475.1767272949219,144.03921508789062,1847.52734375,337.6038513183594,608.6111450195312,132.28665161132812,259.1381530761719,819.4802856445312,476.2292175292969,5374.09814453125,71.92582702636719,67.2856674194336,744.3521728515625,162.83099365234375,454.85430908203125,26.15328025817871,1743.340087890625,3654.06787109375
2020-06-19,1535.9456787109375,540.4598388671875,481.4195556640625,144.2779998779297,1884.8138427734375,348.9212341308594,601.4926147460938,130.47886657714844,258.9691467285156,820.8966674804688,470.07183837890625,5546.15380859375,72.15860748291016,69.70543670654297,790.8770141601562,167.22694396972656,458.4706115722656,26.35471534729004,1748.9000244140625,3646.55908203125
2020-06-22,1564.013916015625,548.5313110351562,479.2764892578125,143.37059020996094,1892.0640869140625,352.51788330078125,599.91552734375,131.15234375,269.4770202636719,829.3505859375,468.84979248046875,5544.88427734375,73.94316864013672,72.63353729248047,784.9209594726562,170.12734985351562,463.2610168457031,26.778133392333984,1734.6580810546875,3636.0078125
2020-06-23,1594.0703125,546.4072265625,485.5892028808594,151.25071716308594,1941.734130859375,360.7661437988281,614.3656616210938,131.7549591064453,276.346435546875,884.3238525390625,485.4417419433594,5535.94921875,78.17182159423828,76.2326889038086,773.5706787109375,174.43264770507812,470.07098388671875,27.296098709106445,1740.9453125,3747.742431640625
2020-06-24,1654.04052734375,526.1576538085938,481.0235595703125,144.6123046875,1918.6326904296875,333.86334228515625,608.8242797851562,136.008544921875,267.2004699707031,873.3109741210938,484.45458984375,5412.609375,75.30099487304688,72.59286499023438,776.6947631835938,167.3175811767578,454.99517822265625,26.806907653808594,1746.8470458984375,3632.53857421875
2020-06-25,1598.898193359375,527.7152709960938,479.2764892578125,140.02749633789062,1957.2247314453125,336.6447448730469,597.1875,143.27508544921875,274.716064453125,861.932373046875,476.8402099609375,5419.14501953125,74.56388854980469,72.93856048583984,772.2221069335938,167.90672302246094,458.04791259765625,26.564369201660156,1724.521484375,3614.24072265625
2020-06-26,1596.767822265625,529.0369262695312,492.18145751953125,144.2779998779297,1940.157958984375,334.8224792480469,637.8525390625,138.38348388671875,266.4449462890625,879.3885498046875,471.3409729003906,5412.1865234375,75.26219940185547,72.8775634765625,782.8980712890625,167.3175811767578,450.81536865234375,26.626028060913086,1812.411865234375,3669.60888671875
2020-06-29,1601.6905517578125,535.3619995117188,501.3127746582031,139.31114196777344,1966.0513916015625,329.06787109375,623.8284912109375,139.83677673339844,269.53668212890625,855.9917602539062,477.02825927734375,5340.5244140625,73.6328125,72.49119567871094,774.58203125,162.4684295654297,452.74090576171875,26.379377365112305,1797.698974609375,3618.66064453125
2020-06-30,1597.4305419921875,528.5177612304688,496.56072998046875,139.64541625976562,1963.3946533203125,337.0763244628906,627.4091186523438,137.99356079101562,270.4909973144531,862.43505859375,480.0834045410156,5490.619140625,74.33112335205078,71.10845947265625,766.0188598632812,161.7433319091797,444.2403259277344,26.860347747802734,1781.0191650390625,3700.9287109375
2020-07-01,1597.9512939453125,528.8009643554688,505.2960205078125,140.93492126464844,1954.74853515625,349.1610107421875,623.9564208984375,143.84222412109375,269.7553405761719,844.7503662109375,469.037841796875,5457.51513671875,72.62413787841797,70.53911590576172,781.0775146484375,167.49884033203125,439.7316589355469,26.61369514465332,1789.48779296875,3705.729248046875
2020-07-02,1596.48388671875,527.1961059570312,507.5322570800781,141.12594604492188,1937.9515380859375,348.0101013183594,645.0136108398438,145.93357849121094,268.8109436035156,860.287353515625,497.9443054199219,5594.20947265625,72.4689712524414,71.21015930175781,794.524169921875,168.08799743652344,444.28729248046875,27.534534454345703,1845.1719970703125,3721.270263671875
2020-07-03,1605.1932373046875,548.9088745117188,500.33441162109375,139.8364715576172,1957.7203369140625,346.23577880859375,650.2138671875,147.1387481689453,269.16888427734375,862.9834594726562,498.69635009765625,5578.83349609375,73.32242584228516,72.22686004638672,806.9586791992188,167.40823364257812,447.9035949707031,27.123445510864258,1881.5257568359375,3697.17431640625
2020-07-06,1617.689208984375,544.3302612304688,513.8682861328125,147.4300537109375,1946.82275390625,347.051025390625,651.3222045898438,149.2231903076172,271.9722595214844,869.3353271484375,536.3453369140625,5758.9296875,73.86556243896484,72.38951873779297,835.7996826171875,170.444580078125,451.0501708984375,27.86339569091797,1935.8848876953125,3736.4306640625
2020-07-07,1652.62060546875,535.4091796875,514.8699340820312,145.4719696044922,1940.11279296875,360.6702880859375,677.025634765625,145.0780792236328,272.0418395996094,862.389404296875,526.4279174804688,5855.93701171875,71.8094482421875,70.39677429199219,823.0040283203125,170.94309997558594,450.1578369140625,27.15633201599121,1941.6160888671875,3670.939453125
2020-07-08,1596.294677734375,529.8865966796875,517.29248046875,148.05091857910156,1968.8433837890625,353.8606872558594,660.444091796875,146.60919189453125,268.9600524902344,860.2415771484375,518.202392578125,5684.4462890625,70.60680389404297,69.03439331054688,811.5172729492188,173.93414306640625,453.2105407714844,27.476978302001953,1897.9915771484375,3599.31689453125
2020-07-09,1625.640869140625,536.8251953125,524.0944213867188,157.41156005859375,1959.6568603515625,355.203369140625,666.4118041992188,145.97433471679688,272.02197265625,863.6231689453125,526.7097778320312,5644.90087890625,70.76197052001953,69.76642608642578,823.3650512695312,180.4600830078125,452.69390869140625,28.323814392089844,1885.5460205078125,3653.307373046875
2020-07-10,1612.6243896484375,542.53662109375,514.8466186523438,156.36083984375,2002.842529296875,345.61236572265625,666.5394897460938,145.1527862548828,268.2840576171875,851.9248657226562,521.5866088867188,5600.9814453125,70.14126586914062,70.19344329833984,847.6473999023438,177.2877655029297,463.9185791015625,27.846954345703125,1900.9432373046875,3610.5810546875
2020-07-13,1614.65966796875,553.95947265625,503.2694396972656,161.66204833984375,2040.1741943359375,339.1384582519531,679.497802734375,147.54273986816406,265.5402526855469,848.2691650390625,522.526611328125,5632.2041015625,69.75332641601562,68.77005004882812,873.3515014648438,174.65924072265625,469.366455078125,28.126493453979492,1898.9324951171875,3600.505126953125
2020-07-14,1598.3299560546875,556.3668212890625,493.2994689941406,156.45639038085938,2012.7049560546875,331.4176025390625,667.733154296875,146.31044006347656,258.1340637207031,834.33154296875,512.5150756835938,5428.0322265625,68.00755310058594,66.43162536621094,865.2272338867188,168.63182067871094,462.2278137207031,27.67841148376465,1857.8316650390625,3584.3466796875
2020-07-15,1582.4735107421875,532.0579223632812,490.64404296875,157.98464965820312,2049.09033203125,331.65740966796875,708.3981323242188,148.4016571044922,256.48382568359375,833.6917724609375,517.1683349609375,5455.822265625,68.31790161132812,66.51297760009766,832.279052734375,166.59246826171875,465.045654296875,27.89628791809082,1910.822265625,3631.635009765625
2020-07-16,1602.8740234375,531.2554321289062,495.0233459472656,158.6055450439453,2060.528564453125,330.554443359375,776.6421508789062,144.77935791015625,262.9754638671875,841.87158203125,538.9767456054688,5525.46337890625,67.30923461914062,65.96394348144531,832.0083618164062,168.8131103515625,469.366455078125,28.089496612548828,1915.837890625,3627.453125
2020-07-17,1626.2564697265625,535.0316162109375,511.7484436035156,154.88035583496094,2102.588134765625,339.3302307128906,769.9498291015625,144.9287109375,263.9297790527344,845.8928833007812,555.875732421875,5566.984375,68.51189422607422,66.41129302978516,862.835205078125,170.58053588867188,473.02972412109375,28.854114532470703,1886.6893310546875,3671.74755859375
2020-07-20,1658.1588134765625,543.52783203125,527.8681030273438,153.68638610839844,2099.345703125,348.1539611816406,796.5057373046875,143.92047119140625,262.2596435546875,840.4548950195312,560.784912109375,5518.0810546875,67.61959075927734,66.4926528930664,866.5361328125,172.8917999267578,454.4316711425781,28.973329544067383,1892.8192138671875,3673.88623046875
2020-07-21,1632.2677001953125,535.9756469726562,530.4304809570312,152.82676696777344,2087.6826171875,363.3077392578125,798.5943603515625,143.58438110351562,270.20269775390625,857.3169555664062,555.4036865234375,5765.748046875,68.55066680908203,70.62045288085938,889.8480834960938,176.20008850097656,448.2792663574219,29.528295516967773,1907.5218505859375,3672.175537109375
2020-07-22,1605.2880859375,537.2972412109375,524.74658203125,152.73123168945312,2025.0882568359375,365.5137634277344,782.5243530273438,146.79586791992188,266.8923034667969,841.64306640625,558.8967895507812,5645.8876953125,70.10247039794922,73.0605697631836,904.4943237304688,174.0247802734375,445.5083312988281,28.780120849609375,1878.288330078125,3671.5576171875
2020-07-23,1637.0762939453125,535.4563598632812,526.6334838867188,154.73707580566406,1991.629638671875,376.20770263671875,774.0418701171875,149.8953857421875,273.195068359375,837.6674194335938,569.6121215820312,5704.712890625,70.25765991210938,73.91458892822266,928.7764892578125,179.6896514892578,447.1051330566406,28.932218551635742,1861.3564453125,3648.03173828125
2020-07-24,1622.1533203125,528.14013671875,521.3689575195312,149.1970977783203,1989.783203125,366.1850891113281,786.7442626953125,149.07382202148438,268.41326904296875,826.5630493164062,565.2222290039062,5643.34912109375,69.36536407470703,74.0162582397461,968.6527709960938,173.97947692871094,456.12237548828125,28.455360412597656,1849.5257568359375,3595.372802734375
2020-07-27,1684.782470703125,528.187255859375,502.91998291015625,151.10745239257812,2000.771240234375,343.8380126953125,808.5687255859375,146.68386840820312,262.9654846191406,826.0147705078125,561.16259765625,5683.41064453125,68.00755310058594,73.56890869140625,973.1888427734375,169.62884521484375,446.6355285644531,29.010330200195312,1891.8763427734375,3669.1337890625
2020-07-28,1667.254150390625,533.0018920898438,506.2510681152344,157.31602478027344,2019.7296142578125,337.69976806640625,820.844970703125,145.93699645996094,275.18328857421875,834.8798828125,585.6614379882812,5908.64892578125,68.70584869384766,73.9756088256836,982.8927612304688,171.71351623535156,453.30450439453125,29.474853515625,1980.1346435546875,3931.717529296875
2020-07-29,1648.778076171875,534.5122680664062,495.9783935546875,156.6951904296875,2009.59765625,336.69268798828125,813.42822265625,146.9079132080078,276.2569274902344,842.6026611328125,571.0281982421875,5816.81396484375,68.39550018310547,73.91458892822266,946.311279296875,173.29966735839844,463.07318115234375,30.728666305541992,1951.2440185546875,3986.640380859375
2020-07-30,1651.809814453125,521.7678833007812,489.47930908203125,154.73707580566406,1985.9000244140625,330.84222412109375,819.6514282226562,144.40591430664062,275.3721618652344,830.0817260742188,564.8917846679688,5892.28466796875,67.19285583496094,71.92184448242188,951.8176879882812,169.0850067138672,478.9942321777344,30.14081573486328,1954.2012939453125,3962.420654296875
2020-07-31,1625.422119140625,523.7976684570312,481.163330078125,155.78778076171875,1998.83349609375,332.6164855957031,823.5303344726562,145.00341796875,271.5447998046875,834.834228515625,572.538818359375,5889.79296875,67.50320434570312,72.51155090332031,932.9740600585938,173.52626037597656,499.4239807128906,30.116147994995117,1955.829833984375,3925.94873046875
2020-08-03,1615.947265625,516.7172241210938,466.81414794921875,154.11624145507812,1993.94970703125,329.21173095703125,815.7725830078125,143.84576416015625,260.1720275878906,837.0734252929688,563.7588500976562,5798.05224609375,66.41695404052734,72.61320495605469,906.7509155273438,174.2513885498047,487.87066650390625,30.708112716674805,1932.4686279296875,3857.532958984375
2020-08-04,1623.9534912109375,518.2750244140625,485.2864074707031,155.07139587402344,1987.8900146484375,336.6447448730469,809.7622680664062,144.6299591064453,263.2339172363281,844.7047119140625,568.9041137695312,5980.26416015625,66.41695404052734,72.49119567871094,970.6613159179688,173.6622314453125,496.8409423828125,30.60533905029297,1928.6541748046875,3818.199951171875
2020-08-05,1626.1802978515625,527.6680297851562,478.71746826171875,167.87062072753906,1984.949951171875,337.79571533203125,805.371826171875,143.99514770507812,265.2718811035156,853.4629516601562,579.9025268554688,6137.60107421875,66.64973449707031,71.55582427978516,959.7613525390625,173.52626037597656,496.7469787597656,32.54156494140625,1937.055908203125,3853.2421875
2020-08-06,1636.839599609375,526.1049194335938,484.84375,170.019775390625,2008.376220703125,344.0777893066406,827.6649780273438,145.899658203125,266.4449462890625,850.1439819335938,575.559814453125,6165.3447265625,66.84371948242188,71.53549194335938,963.2141723632812,173.07308959960938,499.9405212402344,33.77725601196289,1978.719970703125,3841.13232421875
2020-08-07,1711.4071044921875,531.315673828125,486.3113708496094,169.6376953125,1999.422119140625,343.310546875,810.657470703125,146.42242431640625,266.922119140625,844.151611328125,566.8742065429688,6281.2548828125,66.57213592529297,71.55582427978516,968.7882690429688,172.80116271972656,494.0229797363281,34.08090591430664,1967.78955078125,3818.152587890625
2020-08-10,1688.761962890625,529.4682006835938,489.47930908203125,170.59286499023438,1995.9849853515625,348.68145751953125,811.0410766601562,148.51368713378906,270.44134521484375,885.0845947265625,593.7334594726562,6215.32861328125,68.43428802490234,72.08451843261719,956.7824096679688,175.65626525878906,510.83636474609375,34.59965515136719,1957.03076171875,3783.9208984375
2020-08-11,1695.583984375,522.1256713867188,496.9334411621094,170.92715454101562,1999.5120849609375,352.3260498046875,808.5687255859375,151.65048217773438,271.316162109375,886.7901611328125,594.3471069335938,6253.2294921875,68.47309112548828,71.92184448242188,963.0787963867188,176.7892303466797,508.2064514160156,35.126827239990234,1954.5438232421875,3784.30224609375
2020-08-12,1702.879638671875,518.9044799804688,495.5589904785156,167.91836547851562,1985.4476318359375,351.8465270996094,814.110107421875,152.50936889648438,265.4508056640625,875.5888671875,599.4451904296875,6329.49951171875,68.82225036621094,72.40985870361328,960.2803344726562,184.26686096191406,499.8466491699219,34.96235275268555,1935.2127685546875,3813.76611328125
2020-08-13,1707.9014892578125,507.2037353515625,493.3927307128906,175.32093811035156,1988.6583251953125,352.9974060058594,810.9132080078125,150.4555206298828,265.6794738769531,913.3412475585938,596.140869140625,6387.71484375,69.78199005126953,72.6945571899414,957.7754516601562,182.99790954589844,489.1856689453125,34.84426498413086,1932.726318359375,3859.20166015625
2020-08-14,1707.9014892578125,500.80865478515625,481.9320068359375,176.65818786621094,1966.2720947265625,346.619384765625,812.959228515625,146.68386840820312,259.95330810546875,906.0582275390625,580.0914916992188,6251.59423828125,70.7017593383789,71.33214569091797,954.0518798828125,178.10348510742188,499.0951843261719,35.29974365234375,1922.1815185546875,3823.730712890625
2020-08-17,1740.2581787109375,493.9871520996094,481.1400146484375,183.9174346923828,1986.30712890625,345.468505859375,816.2839965820312,148.4390106201172,263.94970703125,922.652587890625,588.7298583984375,6422.58740234375,76.22032165527344,72.65386962890625,943.9191284179688,175.0218048095703,496.2773132324219,35.85222625732422,1931.8267822265625,3848.04541015625
2020-08-18,1775.6942138671875,498.6295471191406,492.20477294921875,187.21278381347656,2002.859130859375,354.4360656738281,824.8519287109375,148.2896270751953,272.2605285644531,926.1098022460938,587.8330078125,6540.91650390625,76.02037048339844,72.28787231445312,956.1957397460938,176.83456420898438,494.0699768066406,36.649314880371094,1945.8427734375,3975.1982421875
2020-08-19,1786.6854248046875,507.67742919921875,496.91009521484375,187.97691345214844,1984.0906982421875,359.1356506347656,817.818603515625,148.2149200439453,269.5267028808594,930.3045654296875,589.0130615234375,6633.14990234375,75.70046997070312,72.12517547607422,962.063232421875,178.6020050048828,494.4464111328125,36.41313934326172,1934.5697021484375,4004.662109375
2020-08-20,1776.452392578125,497.9189758300781,493.3694152832031,190.0782470703125,1976.9453125,352.709716796875,814.2807006835938,146.23573303222656,266.09698486328125,917.9969482421875,577.82568359375,6618.34814453125,80.85912322998047,73.69093322753906,946.4917602539062,176.517333984375,491.529052734375,36.48905563354492,1931.354736328125,3951.64599609375
2020-08-21,1855.18896484375,492.8976135253906,505.78521728515625,187.4515380859375,1991.733642578125,355.97064208984375,808.8671875,146.98260498046875,266.3057861328125,916.5219116210938,575.7015380859375,6616.73388671875,84.73812866210938,76.90370178222656,939.6314086914062,179.82559204101562,500.98687744140625,36.17274475097656,1927.7113037109375,3993.171630859375
2020-08-24,1859.1209716796875,499.197998046875,520.4139404296875,184.63380432128906,1984.81396484375,364.79437255859375,807.673583984375,146.9079132080078,275.81951904296875,913.9406127929688,568.2904052734375,6720.6396484375,84.2982406616211,75.33798217773438,945.905029296875,182.59007263183594,502.0220947265625,36.227569580078125,1927.2823486328125,3994.888427734375
2020-08-25,1895.55224609375,500.85601806640625,521.6484375,182.72348022460938,1970.9754638671875,370.54901123046875,799.7451782226562,145.93699645996094,278.3744201660156,903.8455810546875,575.276611328125,6746.68701171875,83.01856994628906,75.13465118408203,939.7442016601562,188.48153686523438,494.1640625,35.76366424560547,1922.610107421875,3978.43994140625
2020-08-26,1867.885498046875,487.4499206542969,521.066162109375,184.82484436035156,1974.322021484375,373.42633056640625,810.5721435546875,145.60092163085938,285.6513977050781,893.2896728515625,579.0529174804688,6650.56201171875,82.21878814697266,75.37864685058594,964.658447265625,190.2036590576172,494.2110595703125,35.84800338745117,1931.911865234375,3890.04833984375
2020-08-27,1878.4024658203125,484.2760925292969,518.1078491210938,186.16207885742188,1963.8751220703125,376.1597595214844,807.375244140625,145.0780792236328,282.3310241699219,899.4203491210938,601.1444091796875,6735.34716796875,82.05880737304688,75.31764221191406,952.6075439453125,195.46063232421875,500.8928527832031,36.00404739379883,1927.5396728515625,3859.05859375
2020-08-28,1855.2838134765625,495.92938232421875,519.2260131835938,185.1114044189453,1946.41845703125,392.9440612792969,797.3155517578125,146.04904174804688,291.6956787109375,905.1823120117188,596.0935668945312,6741.134765625,81.21905517578125,74.13827514648438,955.112548828125,203.79934692382812,523.0083618164062,35.78052520751953,1919.095703125,3873.7431640625
2020-08-31,1799.3817138671875,486.1235046386719,519.8547973632812,176.9447021484375,1915.123291015625,378.46160888671875,791.646240234375,142.72549438476562,278.6229248046875,871.1636962890625,572.9637451171875,6490.48193359375,77.10010528564453,72.77588653564453,939.1123046875,192.15237426757812,489.5998229980469,34.83583068847656,1935.126708984375,3722.418701171875
2020-09-01,1875.37060546875,517.5307006835938,525.189208984375,185.3502197265625,1955.1917724609375,374.9608459472656,779.3275146484375,142.05331420898438,284.44854736328125,880.6133422851562,573.5772705078125,6552.82470703125,79.81938934326172,73.3655776977539,942.0686645507812,197.6812744140625,490.7290954589844,36.155879974365234,1925.781982421875,3730.8095703125
2020-09-02,1841.876708984375,521.6045532226562,528.3805541992188,187.40379333496094,1937.102294921875,376.3515930175781,787.7247924804688,142.91221618652344,283.0269470214844,880.9359741210938,606.8089599609375,6567.1533203125,79.13956451416016,75.37902069091797,960.5511474609375,196.0044708251953,484.1884765625,36.99936294555664,1941.8995361328125,3758.50927734375
2020-09-03,1874.138671875,509.7143859863281,526.8663330078125,184.3316192626953,1934.8409423828125,367.0962219238281,797.5712890625,143.09893798828125,277.69842529296875,886.0986938476562,608.602783203125,6711.2451171875,78.13983154296875,74.25579833984375,953.2846069335938,193.19467163085938,492.6111755371094,36.95296859741211,1971.3475341796875,3765.469970703125
2020-09-04,1853.6256103515625,495.6451110839844,521.462158203125,180.7793731689453,1921.7259521484375,357.3133850097656,783.590087890625,139.43930053710938,274.38800048828125,868.905029296875,596.66015625,6822.7421875,75.74044799804688,72.82061004638672,937.55517578125,187.25791931152344,482.2593078613281,35.53592300415039,1962.1746826171875,3734.099365234375
2020-09-07,1878.0233154296875,488.3500061035156,517.3624267578125,180.0113525390625,1956.0513916015625,358.1286315917969,788.6199340820312,141.23175048828125,272.1412353515625,859.3632202148438,576.3151245117188,6840.818359375,73.90092468261719,73.27821350097656,939.9924926757812,188.4362030029297,483.0122375488281,35.63713836669922,1994.9661865234375,3669.783935546875
2020-09-08,1857.415771484375,471.9122009277344,518.2708129882812,173.05088806152344,1937.6451416015625,360.3345642089844,800.768310546875,140.52224731445312,268.5525207519531,845.11962890625,574.5685424804688,6854.9091796875,72.50129699707031,72.75820922851562,951.0278930664062,184.9466552734375,472.330810546875,34.16947555541992,2013.0977783203125,3646.041259765625
2020-09-09,1875.133544921875,477.7388000488281,510.8400573730469,175.49905395507812,1928.6002197265625,352.5658264160156,790.9216918945312,137.27340698242188,263.67132568359375,838.4817504882812,579.5722045898438,6846.60693359375,72.30133819580078,72.90380859375,975.5133056640625,176.6079559326172,479.2949523925781,35.20696258544922,1995.4801025390625,3657.340576171875
2020-09-10,1948.5643310546875,471.2015686035156,508.0680236816406,169.5946807861328,1930.0926513671875,355.5390319824219,801.4075927734375,138.09494018554688,262.3491516113281,849.037841796875,581.0355224609375,6862.16943359375,72.42131805419922,73.88140106201172,1044.4110107421875,179.5989990234375,478.02447509765625,34.41408920288086,1998.48046875,3733.527099609375
2020-09-11,1929.046142578125,465.80126953125,502.5239562988281,171.51480102539062,1953.02197265625,355.3472595214844,806.2244262695312,137.38540649414062,264.5063781738281,845.7650146484375,579.9025268554688,6826.06298828125,72.0614013671875,72.86221313476562,1047.0062255859375,183.72300720214844,475.7658386230469,34.37191390991211,2035.3011474609375,3722.656982421875
2020-09-14,1924.54541015625,449.1739807128906,492.88018798828125,168.7786102294922,1920.685791015625,348.82537841796875,834.1016845703125,136.93728637695312,259.40655517578125,831.6595458984375,580.8938598632812,6764.62158203125,72.66124725341797,71.34379577636719,1039.2431640625,179.91622924804688,466.5902099609375,34.13151931762695,2135.862060546875,3732.1923828125
2020-09-15,1911.6123046875,460.0220031738281,498.7271728515625,169.69070434570312,1921.5450439453125,356.354248046875,837.5543212890625,135.7796630859375,263.2339172363281,838.8966674804688,579.1473999023438,6692.45654296875,72.86119079589844,72.0926284790039,1046.60009765625,181.41177368164062,476.5657653808594,34.182132720947266,2135.862060546875,3748.735595703125
2020-09-16,1906.447998046875,456.4217834472656,509.5122985839844,176.45912170410156,1938.77587890625,359.3755187988281,854.0079956054688,134.92079162597656,263.522216796875,849.8214721679688,603.6934814453125,6697.34375,71.70149230957031,71.53102111816406,1049.172607421875,179.64431762695312,487.952880859375,34.12730026245117,2145.806640625,3790.166015625
2020-09-17,1902.51611328125,453.8163757324219,504.8302001953125,168.82666015625,1924.937255859375,353.9085388183594,861.8936767578125,133.3897247314453,259.48602294921875,835.5316162109375,601.1917114257812,6723.818359375,70.90168762207031,70.01262664794922,1037.528076171875,177.15179443359375,481.8358459472656,33.62964630126953,2109.7578125,3784.492919921875
2020-09-18,1921.892333984375,468.5487976074219,492.5774841308594,172.3308563232422,1898.25439453125,354.4360656738281,854.348876953125,133.7631378173828,253.9189910888672,830.3689575195312,617.571533203125,6608.9052734375,72.42131805419922,71.51021575927734,1040.664794921875,174.568603515625,492.5172119140625,33.35973358154297,2100.2841796875,3816.5791015625
2020-09-21,1868.9749755859375,443.1578369140625,488.85040283203125,160.47412109375,1843.1710205078125,336.3570251464844,860.9558715820312,131.26116943359375,256.0563049316406,812.9907836914062,587.6441040039062,6288.36376953125,70.62178039550781,70.92782592773438,1018.165283203125,168.40524291992188,473.9777526855469,31.495634078979492,2113.48681640625,3698.628173828125
2020-09-22,1835.7655029296875,446.1896057128906,482.3746032714844,156.921875,1833.2216796875,339.9057312011719,858.9098510742188,130.10354614257812,252.61669921875,789.6202392578125,581.365966796875,6111.4873046875,70.14189147949219,70.2206039428711,997.990234375,168.7677764892578,478.87139892578125,31.55889892578125,2162.9091796875,3702.680419921875
2020-09-23,1844.3402099609375,410.9927673339844,487.8953552246094,158.84201049804688,1856.512451171875,337.4599609375,869.3532104492188,128.83384704589844,253.58096313476562,793.400146484375,578.3449096679688,6169.1337890625,68.06243133544922,68.1822280883789,1006.8590698242188,166.59246826171875,473.27197265625,30.47502326965332,2115.330078125,3689.3310546875
2020-09-24,1817.620849609375,397.2550964355469,480.04522705078125,152.74563598632812,1864.064697265625,321.97052001953125,831.5440673828125,124.39000701904297,247.7554168701172,784.273193359375,542.9417114257812,5975.9365234375,66.10294342041016,66.28944396972656,984.4724731445312,159.83995056152344,457.1793518066406,29.00736427307129,1999.423828125,3602.226806640625
2020-09-25,1824.490234375,416.5352478027344,486.3812255859375,155.5778045654297,1880.4814453125,334.390869140625,862.27734375,127.5268325805664,249.1372528076172,819.8130493164062,559.1800537109375,6165.7177734375,67.82251739501953,66.871826171875,993.7249755859375,165.14227294921875,460.80255126953125,29.699018478393555,2076.62353515625,3679.176025390625
2020-09-28,1843.440185546875,420.3249206542969,491.1331787109375,161.00213623046875,1866.235595703125,348.1539611816406,861.3822021484375,129.43133544921875,254.23712158203125,832.3510131835938,580.8466796875,6360.52880859375,69.98193359375,69.95021057128906,1000.2921142578125,169.71945190429688,480.0478210449219,30.449716567993164,2080.052490234375,3739.724853515625
2020-09-29,1857.036376953125,412.6981201171875,495.0233459472656,169.35467529296875,1839.0103759765625,342.44732666015625,860.1885986328125,126.51856231689453,251.16525268554688,825.5288696289062,578.911376953125,6398.24853515625,68.10242462158203,67.93262481689453,1013.2908325195312,167.7254638671875,476.33050537109375,31.213071823120117,2133.29052734375,3873.31396484375
2020-09-30,1882.09765625,398.8183898925781,502.5007629394531,168.25059509277344,1870.712890625,340.2413635253906,859.5491943359375,128.23634338378906,252.14944458007812,831.1986694335938,573.9077758789062,6398.912109375,68.06243133544922,67.57901763916016,1008.4614868164062,168.0426788330078,470.9662780761719,30.344280242919922,2136.633544921875,3861.347412109375
2020-10-01,1933.3095703125,409.6190185546875,515.7084350585938,167.1465301513672,1894.9080810546875,354.10040283203125,867.56298828125,127.60153198242188,259.47613525390625,832.3049926757812,576.0319213867188,6449.0615234375,67.9024658203125,68.47341918945312,1004.3541259765625,172.48394775390625,477.0362854003906,30.78289222717285,2163.338134765625,3907.30712890625
2020-10-05,1921.513427734375,402.1343078613281,519.1560668945312,171.89881896972656,1909.4248046875,357.84088134765625,894.033447265625,126.4065170288086,261.3749084472656,826.9118041992188,573.0579833984375,6470.4599609375,67.54257202148438,67.74544525146484,998.4640502929688,171.0790557861328,492.2818908691406,32.246334075927734,2319.666259765625,3859.05859375
2020-10-06,1980.2576904296875,404.31341552734375,533.0159912109375,169.83468627929688,1913.8118896484375,365.0341491699219,900.043701171875,126.89201354980469,266.0771179199219,822.9014282226562,592.3173828125,6540.2509765625,67.3026351928711,67.89102172851562,997.629150390625,173.6622314453125,490.3526611328125,31.833026885986328,2326.953369140625,3943.874755859375
2020-10-07,1994.470458984375,400.239501953125,541.4718017578125,165.9464569091797,1935.0223388671875,367.0003662109375,909.2510375976562,126.59323120117188,263.383056640625,818.5684204101562,596.282470703125,6686.8583984375,66.22289276123047,66.39342498779297,1018.9100952148438,172.8464813232422,481.6005554199219,31.301639556884766,2345.5126953125,4017.53466796875
2020-10-08,1978.978759765625,402.1343078613281,555.2386474609375,167.29054260253906,1954.423583984375,371.6519775390625,932.396728515625,124.83812713623047,262.46844482421875,812.2532958984375,598.6898803710938,6718.125,66.06294250488281,65.85263061523438,1010.673095703125,173.57156372070312,493.2229919433594,31.5167293548584,2422.454833984375,4144.01953125
2020-10-09,1942.9268798828125,402.8449401855469,574.6891479492188,163.2102813720703,1935.293212890625,385.0793762207031,943.5648193359375,125.3609390258789,262.4187316894531,837.5138549804688,597.7930297851562,6701.56640625,66.30288696289062,65.72782135009766,1008.0552368164062,179.73497009277344,482.6828308105469,31.16667938232422,2411.5244140625,4098.58447265625
2020-10-12,1968.745849609375,393.2285461425781,565.4181518554688,165.2744140625,1934.1629638671875,387.52508544921875,965.13330078125,128.60975646972656,261.036865234375,835.0245971679688,598.9259643554688,6772.0224609375,66.18293762207031,66.47662353515625,1009.6800537109375,180.09751892089844,483.6239929199219,31.301639556884766,2426.142578125,4106.16455078125
2020-10-13,1956.2388916015625,393.46539306640625,558.336669921875,166.33045959472656,1933.981689453125,380.0440673828125,987.0429077148438,127.07872772216797,267.4092102050781,826.4508056640625,592.7893676757812,6673.5732421875,66.10294342041016,66.74703216552734,1029.3814697265625,177.37838745117188,473.5072326660156,31.069679260253906,2423.184326171875,4179.06201171875
2020-10-14,1962.587158203125,391.5231628417969,564.4164428710938,167.24252319335938,1952.0262451171875,390.16259765625,969.3106079101562,125.32357788085938,269.0793762207031,843.73681640625,588.9657592773438,6644.58447265625,63.2636604309082,65.33263397216797,1032.4503173828125,181.32113647460938,472.61322021484375,31.676984786987305,2418.922607421875,4236.36865234375
2020-10-15,1980.684326171875,378.2118835449219,544.7329711914062,166.71450805664062,1946.961669921875,375.0087890625,944.8008422851562,123.26969909667969,260.3708190917969,819.3981323242188,582.7821044921875,6540.44140625,63.18369674682617,64.79183197021484,995.8914184570312,174.79519653320312,461.4142761230469,31.537811279296875,2359.516845703125,4179.58544921875
2020-10-16,1952.9700927734375,380.5330810546875,558.756103515625,172.61888122558594,1945.152099609375,379.9002380371094,961.2117309570312,123.75516510009766,265.7391052246094,824.2842407226562,572.7276000976562,6542.6240234375,64.22341918945312,66.1230239868164,982.03515625,177.60498046875,458.21453857421875,33.22055435180664,2379.060546875,4273.79443359375
2020-10-19,1961.4027099609375,376.7907409667969,560.7127685546875,175.40304565429688,1969.799560546875,400.0414123535156,959.8475952148438,125.65966796875,273.721923828125,832.3971557617188,564.0420532226562,6501.869140625,65.30315399169922,66.45582580566406,982.2156982421875,184.90133666992188,455.1560363769531,33.35973358154297,2334.50634765625,4304.78369140625
2020-10-20,2007.261474609375,383.7069091796875,570.2166748046875,173.5789337158203,1965.5489501953125,397.64361572265625,969.7369384765625,125.06217193603516,272.1512145996094,845.6727294921875,568.5736083984375,6494.89404296875,64.50335693359375,65.39502716064453,973.053466796875,184.04026794433594,457.6969299316406,33.09825897216797,2358.139404296875,4333.15234375
2020-10-21,2003.2821044921875,396.97088623046875,580.8156127929688,178.5232391357422,1956.54931640625,403.1104736328125,978.9868774414062,125.2115478515625,277.02239990234375,852.264404296875,567.251953125,6511.26220703125,65.822998046875,68.11981964111328,958.9263916015625,184.6747283935547,461.3201599121094,34.08090591430664,2303.383056640625,4413.962890625
2020-10-22,1989.6376953125,408.0083923339844,574.5728149414062,177.08314514160156,1971.2015380859375,396.01318359375,962.5332641601562,125.88374328613281,276.9726867675781,863.1891479492188,570.5562133789062,6463.5322265625,67.70252227783203,68.6814193725586,950.9600830078125,184.26686096191406,456.94415283203125,34.55325698852539,2299.72412109375,4400.08837890625
2020-10-23,2008.9193115234375,411.56121826171875,575.737548828125,174.9710235595703,1939.09228515625,399.8975524902344,967.229248046875,127.5268325805664,274.98443603515625,867.7526245117188,590.1930541992188,6740.3291015625,68.9822006225586,70.78221893310547,953.7133178710938,183.8136749267578,455.95599365234375,35.71726608276367,2313.197509765625,4295.201171875
2020-10-26,1971.209228515625,411.2296142578125,564.1370239257812,165.51443481445312,1959.80517578125,387.90875244140625,958.5693969726562,125.88374328613281,281.71466064453125,877.4326171875,563.7588500976562,6694.3544921875,68.74225616455078,71.57261657714844,915.822998046875,178.28477478027344,446.5451354980469,34.44782257080078,2314.4033203125,4276.94091796875
2020-10-27,2082.397705078125,410.5664367675781,574.4794921875,167.48255920410156,1968.8050537109375,393.1838073730469,939.9573364257812,124.8754653930664,315.66400146484375,905.2745361328125,563.7588500976562,6792.6611328125,71.54151916503906,72.17581939697266,918.26025390625,176.42669677734375,442.7337341308594,34.66712951660156,2264.42529296875,4354.701171875
2020-10-28,2049.27978515625,428.09381103515625,563.5313720703125,163.6422882080078,1970.30712890625,379.8522644042969,927.6354370117188,123.60578918457031,308.4466552734375,906.1043090820312,570.3673706054688,6818.8984375,70.46180725097656,71.90541076660156,907.8567504882812,172.619873046875,436.0990905761719,33.93329620361328,2257.5810546875,4261.5888671875
2020-10-29,2111.814697265625,427.0989990234375,553.0955810546875,161.19412231445312,1931.844970703125,383.5447998046875,926.17041015625,122.37347412109375,312.33367919921875,861.5297241210938,558.8496704101562,6754.041015625,69.18215942382812,71.38542175292969,914.8298950195312,171.0337371826172,429.46441650390625,33.85738754272461,2266.5771484375,4364.0927734375
2020-10-30,2098.576904296875,410.94537353515625,551.3952026367188,163.83428955078125,1885.599609375,376.5434265136719,913.8916015625,123.41908264160156,307.6612854003906,856.9201049804688,560.784912109375,6609.28515625,70.0619125366211,71.13581085205078,927.2870483398438,171.5322265625,438.3105773925781,34.629173278808594,2294.30029296875,4361.47021484375
2020-11-02,2061.901123046875,433.3520202636719,566.1635131835938,163.93032836914062,1886.2366943359375,400.3770446777344,923.9732055664062,124.53937530517578,314.28216552734375,856.7357177734375,562.7203369140625,6517.43017578125,71.34158325195312,71.9886245727539,847.3766479492188,177.69561767578125,441.7456359863281,33.979698181152344,2242.427978515625,4339.30126953125
2020-11-03,2044.6297607421875,430.6991882324219,581.3978271484375,172.5708465576172,1871.39794921875,425.6973876953125,915.5718994140625,127.04135131835938,316.84698486328125,873.7449951171875,562.484375,6560.1318359375,68.74225616455078,74.8590087890625,835.167724609375,185.5811309814453,456.9912109375,34.32130432128906,2267.39501953125,4338.10986328125
2020-11-04,2058.67431640625,429.230712890625,585.8004760742188,169.45066833496094,1875.3580322265625,419.1754455566406,942.6284790039062,126.81730651855469,324.2234191894531,883.2366333007812,563.4284057617188,6598.7509765625,68.06243133544922,73.67340850830078,863.5120849609375,187.62046813964844,474.9189147949219,34.06825637817383,2284.2275390625,4320.99462890625
2020-11-05,2124.00830078125,433.2572326660156,591.2978515625,179.86734008789062,1913.86572265625,420.566162109375,951.2882690429688,130.51426696777344,333.1208190917969,900.3873901367188,568.4320678710938,6730.41259765625,69.4220962524414,74.484619140625,882.3783569335938,198.17977905273438,482.306396484375,35.89018249511719,2312.25048828125,4403.28271484375
2020-11-06,2096.251953125,426.2463073730469,609.2111206054688,180.6353759765625,1906.4005126953125,424.6903076171875,958.8280029296875,129.91676330566406,341.5906677246094,902.8777465820312,579.2890014648438,6554.67578125,69.82197570800781,74.23502349853516,915.8455200195312,198.6782989501953,479.1537170410156,35.97452926635742,2330.9765625,4344.259765625
2020-11-09,2111.577880859375,446.994873046875,624.5386962890625,186.9237518310547,1941.3580322265625,443.77642822265625,979.3357543945312,129.0579071044922,343.59881591796875,907.6704711914062,581.88525390625,6521.0361328125,71.54151916503906,76.5645980834961,925.5719604492188,198.95021057128906,480.0948181152344,36.96984100341797,2347.46435546875,4410.29150390625
2020-11-10,2087.427001953125,441.8788146972656,649.2770385742188,184.66761779785156,1945.044921875,464.06146240234375,940.1295776367188,133.20298767089844,348.5296936035156,971.4334716796875,585.2838745117188,6446.35791015625,73.18111419677734,77.33421325683594,940.8499755859375,210.00802612304688,461.9789123535156,37.27349090576172,2281.17041015625,4500.208984375
2020-11-11,2070.298095703125,453.4373779296875,647.55322265625,195.90036010742188,1940.0831298828125,466.6510009765625,967.229248046875,138.3936767578125,359.4451904296875,995.6322631835938,597.7930297851562,6506.9931640625,74.30082702636719,78.89419555664062,901.4251098632812,212.27395629882812,476.23638916015625,39.97685623168945,2314.058837890625,4599.61376953125
2020-11-12,2060.904052734375,454.6216735839844,639.0509033203125,200.26861572265625,1995.5692138671875,457.203857421875,963.1361694335938,140.4102020263672,348.8876037597656,1008.5540771484375,597.3209228515625,6487.5400390625,72.62126922607422,78.83179473876953,893.6619262695312,205.56675720214844,479.24786376953125,39.90937805175781,2299.638671875,4620.8779296875
2020-11-13,2068.637939453125,450.7372131347656,633.041015625,202.1407470703125,1989.42431640625,465.6918640136719,968.6940307617188,139.73802185058594,350.5875549316406,988.1612548828125,594.6303100585938,6461.3505859375,73.14112854003906,78.56139373779297,901.06396484375,207.9686737060547,478.4950256347656,41.039642333984375,2287.41259765625,4672.0341796875
2020-11-14,2073.05078125,456.1849060058594,638.1189575195312,200.94065856933594,1991.5633544921875,466.9866943359375,976.6646118164062,140.8583221435547,352.0290222167969,995.3973999023438,596.04638671875,6502.1533203125,72.70122528076172,78.20777893066406,903.7269287109375,208.14991760253906,483.718017578125,41.516212463378906,2299.03515625,4680.09130859375
2020-11-17,2075.9443359375,459.0745849609375,656.1719360351562,205.02090454101562,1982.3692626953125,466.50714111328125,968.2632446289062,139.92474365234375,357.2182922363281,1015.790283203125,601.6165161132812,6624.751953125,70.94169616699219,77.7085952758789,899.6422119140625,217.7122344970703,487.8587951660156,44.088829040527344,2295.333251953125,4680.9013671875
2020-11-18,2083.63134765625,453.2479248046875,656.2885131835938,210.58926391601562,1940.948486328125,477.2970275878906,956.9323120117188,137.4600830078125,363.9684143066406,1078.989501953125,666.2862548828125,6693.87939453125,70.62178039550781,77.12620544433594,896.91162109375,228.40753173828125,482.7769470214844,43.624916076660156,2261.412109375,4698.494140625
2020-11-19,2051.319580078125,443.915771484375,640.285400390625,205.30894470214844,1939.7193603515625,459.1700134277344,945.0411376953125,140.33551025390625,363.1234130859375,1065.9266357421875,664.5396118164062,6607.529296875,71.82147216796875,78.95659637451172,890.5703125,217.3043670654297,477.4598083496094,44.16474533081055,2270.23681640625,4555.9423828125
2020-11-20,2055.92236328125,458.2692565917969,653.935791015625,206.94102478027344,1930.1607666015625,460.56072998046875,950.7281494140625,143.17359924316406,375.6593017578125,1064.09423828125,675.5853881835938,6609.94921875,73.42105102539062,79.80938720703125,857.3287963867188,220.0235137939453,473.6013488769531,44.94918441772461,2290.339599609375,4636.56298828125
2020-11-23,2074.6162109375,452.1584167480469,649.719482421875,209.3411865234375,1938.490234375,449.0994567871094,982.1792602539062,142.53875732421875,377.3393859863281,1058.0325927734375,666.0029907226562,6630.73046875,74.90066528320312,81.01580047607422,880.4375,216.35267639160156,482.6357116699219,45.80953598022461,2345.43994140625,4662.2607421875
2020-11-24,2095.160888671875,449.31610107421875,670.0320434570312,216.97366333007812,1963.9344482421875,458.64251708984375,982.3516845703125,146.04904174804688,382.71759033203125,1067.101318359375,688.5664672851562,6792.6611328125,75.3005599975586,80.91178894042969,886.4630126953125,221.02053833007812,489.5057067871094,46.24814987182617,2343.54638671875,4646.71826171875
2020-11-25,2044.2977294921875,439.69970703125,653.5399169921875,214.5255126953125,1944.3621826171875,453.3674621582031,961.326904296875,144.77935791015625,370.3009948730469,1048.77587890625,679.6921997070312,6695.20947265625,75.14059448242188,81.24459075927734,879.1286010742188,220.25010681152344,476.3775939941406,45.65349578857422,2325.681640625,4595.84765625
2020-11-26,2045.246826171875,443.7736511230469,664.651123046875,220.71792602539062,1961.06689453125,455.86114501953125,959.2156982421875,145.48886108398438,375.5997009277344,1051.454345703125,687.7640991210938,6636.8984375,75.26057434082031,82.2221908569336,881.295166015625,222.47071838378906,481.55352783203125,47.943546295166016,2342.298095703125,4609.48193359375
2020-11-27,2102.1826171875,438.8944091796875,671.2665405273438,217.3096923828125,1946.5013427734375,453.99090576171875,947.8416137695312,144.6299591064453,379.17852783203125,1054.7906494140625,681.6275024414062,6676.3251953125,75.74044799804688,80.03819274902344,871.0044555664062,221.38308715820312,481.5064392089844,48.698463439941406,2307.0419921875,4578.82666015625
2020-12-01,2116.1796875,454.24267578125,667.7492065429688,220.14186096191406,1941.813232421875,465.2602844238281,980.455810546875,145.1901397705078,372.9652404785156,1048.72900390625,693.4757080078125,6738.85791015625,74.98063659667969,80.01740264892578,882.333251953125,224.8273162841797,507.5744934082031,49.41120529174805,2347.635498046875,4682.28466796875
2020-12-02,2197.598876953125,459.4061584472656,655.4732055664062,222.59002685546875,1947.5028076171875,460.8004455566406,983.083984375,146.3477783203125,360.7077331542969,1046.6614990234375,711.4605102539062,6838.30419921875,75.82044219970703,80.76618194580078,883.8001098632812,223.830322265625,512.562255859375,50.975868225097656,2367.222412109375,4703.833984375
2020-12-03,2288.269775390625,454.6690368652344,641.6132202148438,232.3346405029297,1936.9884033203125,462.1432189941406,970.6329345703125,146.53448486328125,362.0597229003906,1057.3748779296875,704.1439208984375,7343.6923828125,78.81965637207031,80.4749984741211,886.4630126953125,232.30494689941406,515.9501953125,52.371829986572266,2332.698486328125,4666.07470703125
2020-12-04,2314.22314453125,467.7908630371094,645.526611328125,242.60728454589844,1988.3770751953125,481.5170593261719,977.6986083984375,148.02822875976562,367.080078125,1080.2581787109375,708.5810546875,7404.4697265625,78.81965637207031,80.84940338134766,878.6547241210938,238.83090209960938,535.5247802734375,52.52365493774414,2348.2822265625,4854.77734375
2020-12-07,2346.29736328125,482.19171142578125,639.3070678710938,241.2152099609375,2053.876708984375,489.57354736328125,985.3244018554688,151.72518920898438,361.9702453613281,1099.2413330078125,710.233154296875,7347.77197265625,79.7794189453125,80.49579620361328,883.8226318359375,244.35980224609375,547.9942626953125,51.83622360229492,2357.019775390625,4821.4990234375
2020-12-08,2314.365234375,477.1230163574219,641.1939086914062,235.88687133789062,2057.381591796875,487.6073913574219,993.811767578125,151.20237731933594,364.6047058105469,1100.839111328125,711.8380737304688,7366.0869140625,78.53973388671875,79.70539855957031,899.867919921875,246.44447326660156,535.1954345703125,51.74343490600586,2408.332763671875,4975.25439453125
2020-12-09,2393.507080078125,476.6019592285156,655.5897216796875,231.37457275390625,2086.69482421875,490.58062744140625,1012.6393432617188,153.40562438964844,374.4961853027344,1109.8607177734375,712.7822265625,7315.3671875,78.61971282958984,80.16299438476562,914.8525390625,245.0395965576172,535.9954223632812,51.397605895996094,2419.955810546875,4905.69580078125
2020-12-10,2397.06591796875,478.5915222167969,645.6431274414062,233.0066680908203,2139.72216796875,486.2166748046875,1006.219970703125,158.8577423095703,378.4230041503906,1118.6473388671875,694.9862670898438,7340.75048828125,77.699951171875,80.18379211425781,905.8482055664062,244.314453125,531.9016723632812,51.46086883544922,2397.140380859375,4733.58447265625
2020-12-11,2392.22607421875,477.8808898925781,644.22216796875,233.91873168945312,2161.843505859375,494.3690490722656,1002.2994384765625,161.5464324951172,381.8228759765625,1122.359619140625,686.8671264648438,7338.42578125,81.89884948730469,80.32938385009766,905.306640625,246.94300842285156,534.6307983398438,52.439308166503906,2396.538330078125,4781.92822265625
2020-12-14,2418.03662109375,476.6019592285156,639.260498046875,236.51089477539062,2158.202392578125,504.2957763671875,1003.4628295898438,161.2476806640625,385.590576171875,1174.375244140625,671.9035034179688,7303.55322265625,83.65841674804688,80.82859802246094,898.7621459960938,248.52911376953125,542.3007202148438,52.865264892578125,2408.677001953125,4837.94775390625
2020-12-15,2398.393310546875,477.69146728515625,648.1821899414062,234.7827911376953,2112.048095703125,496.8626708984375,994.8890380859375,159.49256896972656,387.9367980957031,1171.18017578125,677.8040161132812,7368.50634765625,84.65814971923828,80.20458984375,891.1119384765625,245.31146240234375,537.9714965820312,53.59066390991211,2377.5546875,4917.18505859375
2020-12-16,2450.585205078125,489.0605773925781,657.22021484375,241.40721130371094,2133.8046875,491.49176025390625,1004.453369140625,159.82862854003906,388.2151184082031,1191.8551025390625,691.0211181640625,7398.0166015625,83.8983383178711,81.6189956665039,892.1047973632812,244.17849731445312,542.6298828125,54.26966094970703,2422.88330078125,4875.373046875
2020-12-17,2443.563720703125,488.0184020996094,671.7091674804688,236.03086853027344,2107.723388671875,489.5256042480469,998.8527221679688,159.11912536621094,390.7799377441406,1201.7696533203125,689.7938232421875,7300.896484375,83.5384292602539,82.51541900634766,896.1895751953125,242.63768005371094,537.6891479492188,53.58644104003906,2443.545654296875,4931.4404296875
2020-12-18,2468.66259765625,483.8023681640625,657.5231323242188,239.9191131591797,2124.24609375,495.9995422363281,1025.2198486328125,160.20208740234375,387.5788879394531,1204.3538818359375,692.5787963867188,7173.50537109375,82.97858428955078,82.77156066894531,898.875,246.03660583496094,541.124267578125,53.244834899902344,2463.1748046875,4913.03759765625
2020-12-21,2424.204833984375,465.0907287597656,639.4934692382812,223.02206420898438,2099.2119140625,474.27587890625,1014.448974609375,151.5758056640625,381.912353515625,1160.466796875,647.5933837890625,6999.23876953125,77.97987365722656,79.18577575683594,875.4727783203125,230.854736328125,519.996826171875,50.25890350341797,2428.00537109375,4775.1103515625
2020-12-22,2467.99853515625,473.99652099609375,639.7030639648438,222.6380157470703,2103.809326171875,479.838623046875,1051.6734619140625,151.9119110107422,378.3533935546875,1186.63916015625,656.1845092773438,7017.55224609375,79.09957885742188,81.23480224609375,874.1187744140625,233.34730529785156,534.8189697265625,50.72282028198242,2473.075927734375,4787.93505859375
2020-12-23,2507.616943359375,480.53375244140625,640.8911743164062,226.76629638671875,2157.838134765625,483.0036926269531,1079.7208251953125,155.16073608398438,381.8924865722656,1188.61279296875,671.7146606445312,7069.3154296875,78.81965637207031,81.08539581298828,877.3458862304688,238.37770080566406,540.7478637695312,52.41400146484375,2504.285400390625,4799.99755859375
2020-12-24,2513.025634765625,490.10272216796875,650.8842163085938,227.48631286621094,2186.87841796875,492.5467224121094,1065.072509765625,155.79559326171875,389.8156433105469,1186.1693115234375,671.1481323242188,7065.61474609375,79.93936920166016,81.10673522949219,900.0485229492188,241.8672332763672,555.6640014648438,52.48991394042969,2504.8017578125,4810.29541015625
2020-12-28,2546.85546875,494.1766357421875,658.221923828125,230.31849670410156,2174.724853515625,498.828857421875,1068.734619140625,156.46774291992188,395.4423522949219,1211.7310791015625,671.1954345703125,7100.6767578125,80.33927154541016,81.76840209960938,904.1783447265625,249.43553161621094,552.3703002929688,53.362918853759766,2522.064453125,4903.16845703125
2020-12-29,2559.096435546875,492.8976135253906,664.9073486328125,226.19024658203125,2170.53759765625,507.1730651855469,1077.351318359375,157.99884033203125,397.5101623535156,1207.455078125,667.513427734375,7071.5927734375,78.8596420288086,80.97867584228516,898.197998046875,251.88272094726562,555.8052368164062,53.32496643066406,2523.011474609375,4907.5546875
2020-12-30,2594.776611328125,489.01318359375,667.37646484375,227.91835021972656,2190.838134765625,507.1250305175781,1074.33544921875,157.7000732421875,401.21820068359375,1214.22119140625,680.4002075195312,7223.93994140625,79.25955200195312,81.19210815429688,900.6577758789062,250.97637939453125,549.5941162109375,54.020835876464844,2504.75927734375,5105.88818359375
2020-12-31,2623.33935546875,482.90228271484375,669.1467895507812,230.94256591796875,2180.642333984375,513.1674194335938,1082.09033203125,156.0943145751953,396.7745361328125,1210.039306640625,680.3057861328125,7258.7646484375,79.4594955444336,81.04270935058594,896.0540161132812,249.2089385986328,557.4520263671875,54.29075241088867,2464.68212890625,5042.38232421875
2021-01-01,2633.825927734375,488.0657653808594,663.90576171875,228.83041381835938,2173.495849609375,505.9261779785156,1086.097412109375,159.71661376953125,396.4663391113281,1218.873291015625,691.4931640625,7298.33447265625,79.21955108642578,80.89329528808594,897.047119140625,253.24234008789062,561.122314453125,54.244361877441406,2521.07421875,5044.91015625
2021-01-04,2613.0908203125,489.9132385253906,659.6895141601562,244.14337158203125,2208.9541015625,509.9544372558594,1110.0517578125,159.3805389404297,390.7997741699219,1235.4129638671875,707.2120971679688,7308.77197265625,79.21955108642578,80.445068359375,898.55908203125,254.73782348632812,568.7921142578125,58.45333480834961,2616.811767578125,5079.61865234375
2021-01-05,2651.19140625,486.9761657714844,664.67431640625,240.30313110351562,2230.84814453125,515.2775268554688,1114.8343505859375,157.92416381835938,389.64666748046875,1227.613037109375,698.7153930664062,7264.31591796875,78.05984497070312,80.25299835205078,887.3882446289062,255.372314453125,567.8981323242188,57.403202056884766,2662.915771484375,5092.96728515625
2021-01-06,2662.10400390625,497.6820983886719,661.8092651367188,248.70362854003906,2200.578857421875,524.3409423828125,1104.7525634765625,153.40562438964844,391.76409912109375,1234.8492431640625,694.9390869140625,7238.83740234375,78.25980377197266,83.7320327758789,863.986083984375,258.3633117675781,569.63916015625,57.677330017089844,2627.18603515625,5195.138671875
2021-01-07,2649.6728515625,516.583251953125,659.8059692382812,262.0005187988281,2156.472900390625,518.969970703125,1087.562255859375,151.46377563476562,388.1853332519531,1258.296142578125,702.7750244140625,7179.4833984375,77.5799789428711,84.1162338256836,862.5869750976562,260.7652587890625,566.4395141601562,60.9669189453125,2611.086669921875,5147.07958984375
2021-01-08,2699.4443359375,511.84613037109375,666.9805297851562,257.48822021484375,2176.81884765625,519.881103515625,1130.602783203125,150.4928741455078,391.8238220214844,1290.671142578125,727.41552734375,7605.40087890625,80.09932708740234,86.89093017578125,872.7647094726562,259.22442626953125,584.2259521484375,60.15296173095703,2686.935791015625,5331.8740234375
2021-01-11,2703.8095703125,518.3833618164062,676.2049560546875,254.12799072265625,2211.3212890625,522.4227905273438,1185.8359375,151.23974609375,385.35205078125,1268.6805419921875,744.9755249023438,7812.12060546875,79.1795654296875,86.89093017578125,856.313232421875,256.0520935058594,584.4141235351562,58.67686080932617,2734.76171875,5362.33837890625
2021-01-12,2581.633544921875,536.0054321289062,689.9717407226562,253.7919921875,2162.890625,525.5878295898438,1182.0018310546875,154.18984985351562,378.45281982421875,1268.492919921875,736.2426147460938,7769.70458984375,80.09932708740234,86.95497131347656,883.3036499023438,265.1158752441406,573.7328491210938,58.61359405517578,2733.384033203125,5376.927734375
2021-01-13,2565.644287109375,547.8482666015625,685.1500244140625,252.15988159179688,2159.6591796875,533.7401733398438,1195.2713623046875,157.77476501464844,374.2079162597656,1271.0301513671875,782.0306396484375,7723.966796875,82.01883697509766,87.50989532470703,875.0665893554688,278.0770568847656,566.8158569335938,59.81555938720703,2719.6953125,5388.130859375
2021-01-14,2527.876708984375,550.02734375,684.2647094726562,250.95977783203125,2183.509765625,530.6710815429688,1180.9244384765625,159.940673828125,376.3055114746094,1293.6783447265625,783.4939575195312,7733.07666015625,81.73890686035156,87.55260467529297,884.9058227539062,278.4849548339844,571.2860717773438,59.57938766479492,2804.012939453125,5322.91015625
2021-01-15,2458.60400390625,570.9653930664062,683.286376953125,243.2313232421875,2140.359619140625,520.7922973632812,1158.90869140625,162.70407104492188,370.58929443359375,1272.580810546875,773.817138671875,7614.74755859375,80.33927154541016,86.65614318847656,874.4572143554688,275.4033203125,568.697998046875,59.54143142700195,2789.04736328125,5198.85693359375
2021-01-18,2456.0419921875,556.0908203125,690.9501342773438,233.43869018554688,2123.47265625,511.3450927734375,1130.5596923828125,164.12310791015625,367.21923828125,1255.5709228515625,763.7626342773438,7430.56494140625,78.01985931396484,83.561279296875,895.4447631835938,266.88330078125,547.1942749023438,56.2349739074707,2779.040283203125,5135.68603515625
2021-01-19,2509.9892578125,561.1595458984375,700.6171264648438,241.50320434570312,2151.283935546875,524.1011962890625,1134.523193359375,163.450927734375,375.18212890625,1287.3348388671875,762.8657836914062,7517.81689453125,79.69943237304688,85.2260971069336,910.0909423828125,270.644775390625,561.4046020507812,57.44959259033203,2812.63916015625,5234.947265625
2021-01-20,2559.52392578125,564.80712890625,695.0965576171875,242.03125,2144.729248046875,528.465087890625,1154.16943359375,162.55470275878906,374.50616455078125,1299.3638916015625,778.39599609375,7728.806640625,78.61971282958984,83.7320327758789,927.3773193359375,274.22491455078125,559.66357421875,58.212947845458984,2854.129150390625,5289.298828125
2021-01-21,2577.6484375,550.7852783203125,687.0833740234375,238.95904541015625,2155.38037109375,530.0955200195312,1154.3848876953125,159.60458374023438,369.3764953613281,1288.69775390625,763.0546875,7664.09130859375,76.86016082763672,83.30516052246094,947.5524291992188,267.24591064453125,548.5588989257812,56.2349739074707,2823.981689453125,5285.818359375
2021-01-22,2464.060546875,546.5219116210938,672.5245971679688,229.64646911621094,2193.341796875,511.968505859375,1155.3759765625,157.36402893066406,363.4515075683594,1280.0518798828125,753.7553100585938,7637.61669921875,75.22058868408203,82.89962768554688,925.0755615234375,257.1397705078125,541.3124389648438,54.57331085205078,2849.212646484375,5277.56982421875
2021-01-25,2385.58349609375,550.2168579101562,681.5159912109375,230.70254516601562,2184.465576171875,516.0447387695312,1141.8045654296875,155.19810485839844,356.77099609375,1279.2999267578125,750.1206665039062,7573.7080078125,74.5407485961914,81.19210815429688,876.0595092773438,254.64724731445312,551.8526000976562,54.990840911865234,2839.034423828125,5118.90380859375
2021-01-27,2312.182861328125,540.7898559570312,656.7078247070312,222.15797424316406,2176.90966796875,500.9868469238281,1121.0380859375,157.32662963867188,350.86590576171875,1277.9373779296875,726.896240234375,7468.75732421875,73.02116394042969,82.10990142822266,855.2977905273438,249.8433837890625,536.2305908203125,52.802005767822266,2812.94140625,5153.65966796875
2021-01-28,2317.0224609375,540.884765625,638.934326171875,219.90184020996094,2094.1591796875,506.6455383300781,1099.6685791015625,154.30186462402344,342.5450744628906,1264.3109130859375,722.2230834960938,7200.78662109375,73.2610855102539,79.95417022705078,846.970458984375,255.91615295410156,531.1016845703125,52.60800552368164,2757.303466796875,5190.7041015625
2021-01-29,2284.427001953125,524.4942016601562,647.8094482421875,217.2616729736328,2060.93212890625,515.0376586914062,1067.657470703125,151.7998809814453,340.57672119140625,1254.3021240234375,707.6841430664062,6838.4462890625,71.14163970947266,78.737548828125,831.3538818359375,255.68951416015625,551.6643676757812,50.69329833984375,2683.8115234375,5079.666015625
2021-02-01,2322.81103515625,548.700927734375,687.9917602539062,231.51856994628906,2047.004150390625,579.105712890625,1086.4849853515625,161.28501892089844,358.18267822265625,1361.576171875,750.6871948242188,7021.7275390625,73.58101654052734,80.63717651367188,855.43310546875,281.6120300292969,555.3817138671875,53.65392303466797,2707.9638671875,5477.1904296875
2021-02-02,2337.851806640625,567.8389282226562,727.0328369140625,245.15147399902344,2030.4810791015625,592.1015014648438,1095.4034423828125,162.96546936035156,370.0723571777344,1428.62841796875,771.1737060546875,7263.60400390625,75.3005599975586,82.89962768554688,869.1990966796875,301.91485595703125,573.5445556640625,54.12205505371094,2763.255859375,5838.9580078125
2021-02-03,2328.3623046875,576.8394775390625,733.671630859375,246.97555541992188,2032.6654052734375,596.8970336914062,1106.94970703125,161.88250732421875,368.2630615234375,1436.4754638671875,786.6094970703125,7201.45068359375,77.53997802734375,88.15019989013672,871.3881225585938,304.4980773925781,592.1310424804688,55.09206771850586,2760.3232421875,5792.37890625
2021-02-04,2279.159912109375,569.0231323242188,735.6748657226562,251.39183044433594,2044.272705078125,602.6036376953125,1102.3829345703125,171.74111938476562,379.8346252441406,1437.650146484375,818.0474243164062,7249.6552734375,79.21955108642578,87.65930938720703,868.5220947265625,321.8551940917969,594.2955932617188,55.32823944091797,2750.31640625,5895.45361328125
2021-02-05,2255.38916015625,550.5484008789062,744.2936401367188,251.58384704589844,2066.07568359375,589.032470703125,1096.1357421875,175.0272979736328,394.2096862792969,1425.1514892578125,817.1033325195312,7111.2568359375,79.57946014404297,88.40634155273438,868.2738037109375,356.297607421875,597.3541259765625,57.782772064208984,2724.007080078125,6056.88623046875
2021-02-08,2293.441650390625,565.896728515625,747.8577270507812,267.8088684082031,2036.1248779296875,603.8505249023438,1123.2354736328125,174.0937042236328,389.12969970703125,1458.324951171875,876.486083984375,7187.59716796875,80.21929931640625,90.73282623291016,880.776123046875,359.8778076171875,597.260009765625,59.29259490966797,2772.4423828125,6072.18994140625
2021-02-09,2378.845947265625,567.4598388671875,750.9324951171875,266.94482421875,2017.553955078125,607.4471435546875,1124.9588623046875,171.0315704345703,387.5390930175781,1472.092529296875,844.953857421875,7237.3671875,79.93936920166016,89.9644546508789,882.8974609375,357.83843994140625,591.9913940429688,58.97629165649414,2740.3544921875,6122.01171875
2021-02-10,2382.404296875,559.169921875,736.9095458984375,268.24090576171875,2035.078125,606.2962646484375,1117.16064453125,169.94863891601562,388.11566162109375,1459.311767578125,863.032958984375,7232.291015625,79.85939025878906,89.83638000488281,891.0892333984375,355.5271911621094,595.3137817382812,58.22138214111328,2771.75244140625,6095.07470703125
2021-02-11,2377.56494140625,566.6546630859375,732.5300903320312,283.60186767578125,2060.112548828125,604.8576049804688,1113.8431396484375,169.12710571289062,389.89520263671875,1438.3079833984375,863.0802001953125,7275.60791015625,80.2304458618164,91.24507904052734,927.8287353515625,353.623779296875,611.0250244140625,58.59673309326172,2765.45556640625,6128.44775390625
2021-02-12,2359.155517578125,555.4276733398438,737.0026245117188,279.1855773925781,2040.5855712890625,621.1143188476562,1128.620849609375,162.4053192138672,387.9168395996094,1429.7091064453125,857.7460327148438,7181.80859375,79.11727905273438,90.7755126953125,921.4647216796875,356.3428955078125,595.3613891601562,57.398983001708984,2752.34423828125,6099.93798828125
2021-02-15,2331.30419921875,562.4859619140625,753.1454467773438,279.7615966796875,2016.597900390625,646.3867797851562,1128.491455078125,163.2642059326172,394.8558349609375,1445.02734375,860.861572265625,7208.52001953125,78.49884033203125,90.69012451171875,917.4026489257812,368.8509521484375,595.6936645507812,56.69467544555664,2708.395751953125,6109.94970703125
2021-02-16,2325.13623046875,562.7228393554688,757.8275146484375,290.6103210449219,1999.2105712890625,631.4246826171875,1111.9044189453125,163.0028076171875,401.55621337890625,1456.116455078125,861.1919555664062,7303.79052734375,80.80764770507812,96.28223419189453,929.5438232421875,364.681640625,599.1585693359375,58.97629165649414,2681.611328125,6157.673828125
2021-02-17,2266.20654296875,562.6280517578125,739.1224365234375,291.76239013671875,1969.8970947265625,630.4656372070312,1104.0631103515625,162.62936401367188,395.5517578125,1455.082763671875,863.7882080078125,7119.8447265625,81.92081451416016,98.20317840576172,940.2632446289062,373.2015686035156,589.7604370117188,58.773860931396484,2650.81787109375,6120.86767578125
2021-02-18,2344.5888671875,558.0804443359375,724.1210327148438,297.5227355957031,1954.3759765625,618.2850952148438,1113.670654296875,163.450927734375,386.8034362792969,1432.7633056640625,844.4345092773438,7114.48291015625,85.26031494140625,100.95654296875,933.244873046875,376.32861328125,584.823974609375,58.854000091552734,2637.231689453125,6031.85595703125
2021-02-19,2293.061767578125,550.7852783203125,717.0396118164062,295.6986389160156,1985.55517578125,598.5274658203125,1112.6800537109375,161.28501892089844,385.4713439941406,1417.9150390625,830.08447265625,6948.85205078125,85.91996765136719,99.12096405029297,938.9317626953125,362.1437072753906,576.5175170898438,56.57237243652344,2649.7392578125,5919.96044921875
2021-02-22,2265.162841796875,540.3162231445312,721.1859130859375,303.47509765625,1973.265625,584.908203125,1090.1900634765625,158.4478759765625,387.62860107421875,1364.724365234375,790.2913208007812,6724.38818359375,84.14715576171875,96.02611541748047,906.3447265625,353.03466796875,565.1257934570312,57.740596771240234,2551.921142578125,5888.11181640625
2021-02-23,2251.071533203125,535.81591796875,712.404052734375,319.7480773925781,1983.871337890625,591.094482421875,1091.1812744140625,159.5574951171875,372.3886413574219,1396.7703857421875,793.926025390625,6614.361328125,85.26031494140625,96.51701354980469,913.27294921875,358.56353759765625,573.43212890625,61.51518630981445,2570.6826171875,5977.1240234375
2021-02-24,2240.775634765625,542.8268432617188,748.4168090820312,319.5081481933594,1983.507080078125,614.8801879882812,1098.0313720703125,159.82534790039062,379.9936828613281,1434.642822265625,802.0924072265625,6597.70849609375,85.09539031982422,95.08697509765625,930.220947265625,368.2164611816406,570.9639892578125,61.380218505859375,2542.99365234375,6116.43310546875
2021-02-25,2252.542236328125,548.700927734375,748.3934326171875,336.6932373046875,1969.3514404296875,602.31591796875,1098.2469482421875,160.05491638183594,376.8721923828125,1415.706787109375,810.9668579101562,6576.26318359375,89.0533218383789,97.13599395751953,967.8403930664062,369.1228942871094,578.653564453125,62.662315368652344,2583.707763671875,6086.6357421875
2021-02-26,2160.92236328125,527.05224609375,714.8499145507812,326.66058349609375,1940.90283203125,573.3031005859375,1079.9364013671875,155.99900817871094,353.9775085449219,1355.6087646484375,761.3080444335938,6515.3427734375,88.47613525390625,91.4798583984375,941.4142456054688,353.623779296875,564.461181640625,60.321651458740234,2496.5869140625,5830.80517578125
2021-03-01,2241.676513671875,504.2193298339844,726.2639770507812,330.3567810058594,1951.23486328125,583.4696044921875,1091.7412109375,158.3330841064453,366.9109802246094,1384.1304931640625,773.6282958984375,6656.587890625,89.42437744140625,97.00791931152344,948.590576171875,357.97442626953125,573.81201171875,61.60797119140625,2522.378173828125,6069.23388671875
2021-03-02,2268.341796875,512.7462158203125,730.5966796875,331.4608459472656,1982.6881103515625,585.5316162109375,1124.053955078125,160.62884521484375,366.7619323730469,1396.159423828125,811.9580688476562,6845.515625,92.80510711669922,96.06879425048828,950.5313110351562,357.2945861816406,583.0677490234375,62.038150787353516,2593.23974609375,6124.5859375
2021-03-03,2279.444580078125,517.5780029296875,739.2854614257812,344.9977722167969,1996.84326171875,606.248291015625,1157.702392578125,160.66714477539062,377.6674499511719,1406.73193359375,804.4053955078125,6760.68359375,92.92877960205078,97.11465454101562,993.9055786132812,367.1288146972656,592.7033081054688,65.55123901367188,2638.741455078125,6198.388671875
2021-03-04,2293.678955078125,511.230224609375,723.07275390625,335.49310302734375,1999.9384765625,595.3624267578125,1146.328125,160.47579956054688,377.3096008300781,1374.498046875,797.9856567382812,6767.23046875,91.36212158203125,96.11148834228516,982.0578002929688,358.6089172363281,587.5769653320312,63.93175506591797,2630.632568359375,6460.65576171875
2021-03-05,2265.210693359375,504.78778076171875,712.800048828125,324.3564453125,2003.762451171875,584.524658203125,1134.56640625,159.5957794189453,382.2404479980469,1375.390869140625,793.4069213867188,6878.63232421875,89.63052368164062,94.01979064941406,983.3440551757812,347.7322998046875,580.2197265625,61.852569580078125,2594.70654296875,6493.79150390625
2021-03-08,2261.03515625,498.06109619140625,707.9083251953125,323.1563415527344,1979.5926513671875,583.181884765625,1150.9813232421875,159.1748809814453,380.91827392578125,1423.929443359375,803.4141845703125,6888.59619140625,91.15597534179688,95.71538543701172,988.9407958984375,353.12530517578125,583.6373291015625,62.185752868652344,2593.7578125,6358.24658203125
2021-03-09,2298.99267578125,494.3187561035156,727.941162109375,319.940185546875,2001.3956298828125,599.5346069335938,1159.42578125,159.02182006835938,393.4640808105469,1417.4451904296875,804.3582763671875,6928.4970703125,90.29016876220703,93.91108703613281,988.9181518554688,351.3125305175781,581.5488891601562,59.613136291503906,2631.7109375,6386.1376953125
2021-03-10,2307.7705078125,498.20318603515625,724.7965087890625,326.7566223144531,2028.1141357421875,600.0140991210938,1178.8995361328125,158.0269775390625,390.4817199707031,1432.3873291015625,815.4984130859375,6900.552734375,90.41386413574219,93.54153442382812,984.8109741210938,351.4031677246094,594.2696533203125,61.11030578613281,2648.96240234375,6449.69091796875
2021-03-12,2278.733154296875,496.63995361328125,723.026123046875,317.0119323730469,2007.0845947265625,587.7855834960938,1184.672607421875,157.03213500976562,384.7555847167969,1422.8018798828125,807.9457397460938,6733.6396484375,89.96034240722656,95.67192077636719,964.7938842773438,345.4210510253906,582.4981689453125,60.726531982421875,2637.7490234375,6329.6416015625
2021-03-15,2234.74951171875,495.3609313964844,712.1710815429688,320.4681701660156,2012.638427734375,578.8179931640625,1183.5955810546875,157.22341918945312,381.4749450683594,1394.3740234375,797.1832275390625,6727.091796875,91.11474609375,97.45449829101562,951.8402709960938,347.9589538574219,574.8087768554688,62.114044189453125,2644.821533203125,6256.50634765625
2021-03-16,2342.548828125,501.4718017578125,704.484130859375,320.5641784667969,2042.8616943359375,570.61767578125,1192.5570068359375,159.06007385253906,378.40313720703125,1373.746337890625,795.7197875976562,6784.974609375,90.33140563964844,97.58492279052734,948.0941162109375,343.1097717285156,571.7709350585938,61.07235336303711,2682.6904296875,6331.3583984375
2021-03-17,2299.229736328125,495.40826416015625,696.6572265625,313.3637390136719,2026.7027587890625,565.3904418945312,1195.14208984375,161.16456604003906,371.4740905761719,1351.0511474609375,790.1498413085938,6703.70166015625,87.85770416259766,95.84583282470703,927.6708374023438,333.68341064453125,555.1105346679688,59.414913177490234,2685.19189453125,6217.220703125
2021-03-18,2281.76904296875,499.48223876953125,694.630615234375,318.5480651855469,2016.597900390625,554.936279296875,1152.14453125,166.55966186523438,363.92864990234375,1342.076171875,798.36328125,6750.29248046875,85.59013366699219,96.106689453125,906.7960815429688,332.73175048828125,545.427490234375,59.45286560058594,2619.24658203125,6207.4951171875
2021-03-19,2288.12744140625,502.0876159667969,697.6588134765625,321.7162780761719,2104.7646484375,562.6571655273438,1158.4781494140625,170.61553955078125,364.67425537109375,1326.2413330078125,802.7533569335938,6750.10302734375,89.46560668945312,100.0848617553711,939.6990966796875,336.4026184082031,548.9873657226562,61.8272705078125,2631.064208984375,6361.9189453125
2021-03-22,2301.83935546875,500.24017333984375,684.4511108398438,326.1805419921875,2142.225830078125,549.9969482421875,1181.18310546875,172.9496307373047,362.3877868652344,1315.7159423828125,805.3494873046875,6738.431640625,90.57877349853516,97.1936264038086,930.8526611328125,332.6411437988281,561.0437622070312,62.71292495727539,2699.5966796875,6415.31640625
2021-03-23,2287.225830078125,501.4244384765625,698.8934936523438,318.4520568847656,2127.751220703125,562.4173583984375,1181.8292236328125,170.04159545898438,360.3995361328125,1319.7567138671875,797.4192504882812,6819.0888671875,89.58928680419922,95.21540069580078,942.1814575195312,337.8075256347656,558.0532836914062,62.51470184326172,2710.76708984375,6616.60546875
2021-03-24,2318.778076171875,496.1188659667969,688.9469604492188,305.0592041015625,2110.727783203125,544.290283203125,1166.491455078125,165.2587127685547,354.3949890136719,1286.6771240234375,766.0285034179688,6705.1728515625,87.40418243408203,96.106689453125,924.0374145507812,326.1605224609375,555.6326904296875,59.27996063232422,2692.221435546875,6539.89404296875
2021-03-25,2279.539794921875,481.0548400878906,681.7490234375,301.458984375,2036.4891357421875,548.1746215820312,1149.301025390625,161.92984008789062,350.5080261230469,1288.509521484375,747.4300537109375,6440.09521484375,84.93048858642578,94.08499145507812,898.8297729492188,321.9458312988281,546.5665893554688,60.99644088745117,2643.701171875,6356.67431640625
2021-03-26,2377.232666015625,495.0293273925781,694.7703857421875,314.0837707519531,2110.090087890625,554.8883666992188,1151.368896484375,161.39414978027344,352.1283874511719,1314.0712890625,754.6522216796875,6437.81787109375,85.91996765136719,93.30242156982422,900.274169921875,323.7586364746094,557.4364013671875,64.68245697021484,2645.38330078125,6422.2294921875
2021-03-30,2446.410400390625,494.0819091796875,723.8413696289062,313.2677001953125,2183.692138671875,567.2608642578125,1193.6773681640625,164.1873321533203,354.1564025878906,1337.8004150390625,750.5454711914062,6501.72607421875,88.80595397949219,96.23712921142578,915.9132690429688,327.0215759277344,567.404052734375,67.47860717773438,2724.52587890625,6470.2392578125
2021-03-31,2407.835693359375,490.10272216796875,695.865234375,313.7957763671875,2213.505859375,558.2931518554688,1178.813232421875,167.21014404296875,348.5396728515625,1333.430419921875,750.7815551757812,6508.74853515625,87.85770416259766,93.75891876220703,904.0879516601562,330.1938781738281,567.4990844726562,68.4781265258789,2741.17333984375,6424.8037109375
2021-04-01,2421.452880859375,493.4187316894531,692.6505737304688,336.26116943359375,2184.0107421875,570.0901489257812,1193.5909423828125,168.39627075195312,358.7890930175781,1357.582275390625,762.44091796875,6570.142578125,88.97086334228516,95.0849838256836,912.55078125,335.94940185546875,579.7925415039062,72.7967529296875,2730.089111328125,6578.2255859375
2021-04-05,2382.451904296875,500.4770202636719,675.3431396484375,336.6452331542969,2160.43212890625,547.886962890625,1214.8743896484375,162.65679931640625,349.7723693847656,1319.239990234375,731.1446533203125,6422.7294921875,87.65156555175781,93.10675048828125,899.3489379882812,320.4503173828125,577.94140625,73.19319152832031,2793.83447265625,6479.96435546875
2021-04-06,2478.2470703125,504.2193298339844,670.987060546875,336.4532165527344,2192.3857421875,542.7557983398438,1215.8653564453125,162.73333740234375,351.5816345214844,1316.6085205078125,737.4227905273438,6406.36083984375,87.44541931152344,90.95462036132812,895.602783203125,317.7311706542969,589.0010375976562,72.77989196777344,2816.089111328125,6423.56396484375
2021-04-07,2494.37939453125,513.1250610351562,674.2249755859375,338.13330078125,2189.609130859375,554.0252075195312,1232.3663330078125,163.61337280273438,356.29376220703125,1319.56884765625,751.7728271484375,6514.251953125,86.95068359375,91.54155731201172,903.9751586914062,324.9822082519531,589.5706176757812,73.79206848144531,2821.86865234375,6445.8759765625
2021-04-08,2515.302978515625,514.4515380859375,667.5162963867188,350.6141052246094,2193.84228515625,553.114013671875,1240.681640625,163.1925048828125,354.5540771484375,1333.665283203125,750.6871948242188,6478.05126953125,86.57963562011719,90.86766815185547,905.1036376953125,322.30841064453125,583.115234375,77.46543884277344,2861.505126953125,6647.2607421875
2021-04-09,2496.467041015625,516.583251953125,662.368408203125,346.62982177734375,2254.0166015625,543.04345703125,1241.7156982421875,163.0777130126953,357.7353210449219,1319.5218505859375,746.9107666015625,6478.2880859375,84.76557159423828,90.5633316040039,894.5872192382812,319.95184326171875,604.4747924804688,75.87126159667969,2865.731201171875,6508.619140625
2021-04-12,2469.3271484375,494.9819641113281,636.884521484375,322.7723388671875,2241.271240234375,516.5243530273438,1228.531982421875,157.108642578125,346.4519958496094,1264.1229248046875,709.4779052734375,6187.4482421875,81.67343139648438,87.45469665527344,862.5869750976562,298.06280517578125,587.9566650390625,71.82675170898438,2800.43310546875,6206.87548828125
2021-04-13,2439.435302734375,507.96173095703125,652.3983764648438,334.7731018066406,2234.3525390625,537.6724853515625,1203.887939453125,159.71054077148438,353.0827941894531,1290.952880859375,765.8869018554688,6467.56494140625,82.9515151977539,90.75897979736328,871.9071655273438,309.0752258300781,595.5513305664062,74.14212036132812,2677.5146484375,6297.50830078125
2021-04-15,2455.5673828125,510.993408203125,666.2584228515625,339.4293518066406,2240.042724609375,551.6754760742188,1172.5230712890625,158.1800079345703,352.56585693359375,1291.845947265625,760.0806884765625,6304.7802734375,83.56993103027344,90.34593963623047,877.5490112304688,310.6160888671875,601.152099609375,75.7615966796875,2776.625732421875,6235.3857421875
2021-04-16,2527.68701171875,512.31982421875,665.582763671875,355.222412109375,2238.44921875,543.7628173828125,1166.491455078125,159.13661193847656,350.7466125488281,1277.2794189453125,775.7053833007812,6308.43408203125,84.47698211669922,91.23723602294922,872.0425415039062,308.0782470703125,613.3032836914062,75.0910415649414,2756.096435546875,6403.11181640625
2021-04-19,2440.573974609375,498.7716369628906,658.0123291015625,346.9658508300781,2218.19384765625,536.8572387695312,1174.0740966796875,157.33824157714844,338.1510314941406,1231.512939453125,750.4983520507812,6179.05029296875,81.67343139648438,87.4764633178711,858.3216552734375,300.1474609375,608.1771240234375,74.90545654296875,2727.3291015625,6207.20947265625
2021-04-20,2423.255859375,502.32452392578125,648.228759765625,344.9977722167969,2182.508544921875,536.2337036132812,1164.4232177734375,155.7694549560547,337.54461669921875,1251.2950439453125,765.79248046875,6307.05712890625,81.67343139648438,88.5633544921875,858.0734252929688,298.6518859863281,612.448974609375,75.40733337402344,2712.448974609375,5912.66552734375
2021-04-22,2383.021240234375,502.94024658203125,662.7177124023438,341.63751220703125,2138.766357421875,555.5117797851562,1164.2081298828125,157.5678253173828,345.1695556640625,1256.2757568359375,754.9827880859375,6310.33203125,81.59098052978516,88.45467376708984,860.4429931640625,305.1324768066406,607.5126342773438,77.7184829711914,2690.23779296875,5809.16015625
2021-04-23,2389.37890625,495.1240539550781,658.8275756835938,335.5411376953125,2100.850341796875,546.6400756835938,1149.301025390625,157.14691162109375,344.8017578125,1243.213134765625,734.4017333984375,6335.00341796875,84.5594253540039,91.80242919921875,859.5177612304688,304.9512634277344,605.6140747070312,78.07273864746094,2682.216064453125,5785.89453125
2021-04-26,2427.289306640625,499.81378173828125,654.4715576171875,334.43707275390625,2149.0078125,566.9251098632812,1157.702392578125,157.108642578125,349.8617858886719,1255.429931640625,736.8563842773438,6299.70361328125,84.43573760986328,93.82413482666016,874.6378784179688,312.0663146972656,602.5286254882812,79.3506088256836,2674.710693359375,5984.22705078125
2021-04-27,2442.8994140625,506.2089538574219,670.2650146484375,351.6221618652344,2166.486328125,574.26220703125,1161.9676513671875,157.1851806640625,348.0028381347656,1297.484375,734.8737182617188,6233.1376953125,84.14715576171875,94.19367980957031,897.5661010742188,319.99713134765625,606.84814453125,82.47151184082031,2701.624267578125,6032.76171875
2021-04-28,2481.046630859375,515.6832275390625,688.0150756835938,348.117919921875,2190.792236328125,595.9378662109375,1168.4300537109375,157.26171875,360.16094970703125,1293.0206298828125,738.3668823242188,6237.92919921875,85.42522430419922,96.04148864746094,901.4701538085938,329.3781433105469,610.7877197265625,81.93589782714844,2694.8095703125,6065.181640625
2021-04-29,2480.00244140625,512.4144897460938,686.0118408203125,357.2864990234375,2191.74853515625,596.033935546875,1168.7315673828125,156.3433837890625,358.87847900390625,1276.8096923828125,731.2861938476562,6230.19580078125,84.97171020507812,95.71538543701172,913.543701171875,325.752685546875,611.8319091796875,86.99256896972656,2687.17529296875,6085.82470703125
2021-04-30,2406.886962890625,508.5301208496094,657.9656372070312,349.8460388183594,2142.726318359375,575.9407348632812,1167.008544921875,155.0424346923828,347.70458984375,1259.705810546875,710.4691772460938,6125.81640625,84.47698211669922,95.67192077636719,900.20654296875,320.4049987792969,621.2776489257812,87.21610260009766,2618.51318359375,5987.13623046875
2021-05-03,2450.30078125,529.4682006835938,658.9674072265625,355.17437744140625,2192.1123046875,572.3440551757812,1165.026611328125,153.77975463867188,343.06201171875,1261.6324462890625,710.8468627929688,6260.7509765625,85.961181640625,95.99800109863281,884.206298828125,317.7764892578125,625.786865234375,89.80980682373047,2619.67822265625,6055.02685546875
2021-05-04,2455.045166015625,523.40478515625,646.807861328125,348.06988525390625,2191.7939453125,567.3567504882812,1145.509765625,152.74664306640625,344.4935607910156,1257.0274658203125,699.7066650390625,6175.728515625,85.54890441894531,94.80236053466797,865.0466918945312,318.59222412109375,612.448974609375,89.73390197753906,2630.67578125,6003.82275390625
2021-05-05,2436.541015625,530.5103759765625,653.446533203125,352.4382019042969,2179.959228515625,578.1465454101562,1155.9359130859375,154.12413024902344,352.06878662109375,1258.014404296875,705.7488403320312,6253.3974609375,85.6725845336914,94.86758422851562,866.62646484375,322.1271057128906,648.7601928710938,90.2652816772461,2670.31201171875,6083.8232421875
2021-05-06,2418.890869140625,529.3734130859375,652.6546630859375,370.5353698730469,2175.7265625,583.3258056640625,1173.2554931640625,155.1572265625,355.5482177734375,1259.18896484375,705.607177734375,6326.0361328125,84.97171020507812,93.65022277832031,871.5460815429688,322.2630920410156,644.9630126953125,92.8589859008789,2683.89794921875,6107.7568359375
2021-05-07,2421.358154296875,538.61083984375,659.1070556640625,385.08026123046875,2195.026123046875,582.2706909179688,1165.4576416015625,157.14691162109375,353.9775085449219,1261.8201904296875,724.4888916015625,6360.576171875,86.62083435058594,93.28067779541016,871.884521484375,324.7102966308594,645.0103759765625,99.72915649414062,2702.400390625,6180.6533203125
2021-05-10,2426.3876953125,542.4479370117188,661.4830932617188,408.7457275390625,2214.780517578125,588.169189453125,1154.2559814453125,157.2999725341797,359.743408203125,1310.9700927734375,736.8091430664062,6418.41162109375,88.80595397949219,95.58496856689453,869.3796997070312,327.8373107910156,662.81005859375,102.59700012207031,2713.268798828125,6105.51513671875
2021-05-11,2425.72314453125,538.5161743164062,653.8892822265625,396.31298828125,2186.74169921875,584.908203125,1146.5865478515625,156.11378479003906,349.0267639160156,1300.256591796875,732.60791015625,6392.4599609375,92.92877960205078,97.12841033935547,872.5164794921875,330.5111389160156,672.208251953125,104.07730102539062,2693.515869140625,6188.94921875
2021-05-12,2425.67626953125,532.2156982421875,652.00244140625,382.87213134765625,2120.149658203125,570.4258422851562,1143.441650390625,155.5398712158203,341.749755859375,1301.8543701171875,717.2194213867188,6469.22607421875,93.42353820800781,98.23707580566406,863.489501953125,333.2756042480469,667.2242431640625,99.45924377441406,2663.324951171875,6091.927734375
2021-05-14,2632.829345703125,530.9367065429688,646.10888671875,367.5111389160156,2163.755126953125,572.8715209960938,1134.3077392578125,162.42721557617188,339.3240966796875,1330.2352294921875,700.0371704101562,6392.2216796875,91.85684967041016,99.49791717529297,874.3895874023438,326.7043762207031,656.4020385742188,95.49065399169922,2632.18505859375,6072.14208984375
2021-05-17,2640.657958984375,520.7518920898438,670.987060546875,377.2557373046875,2163.208984375,598.0958251953125,1145.509765625,162.695068359375,346.780029296875,1303.2169189453125,711.413330078125,6374.61962890625,91.98053741455078,99.30227661132812,884.7930908203125,347.23382568359375,652.3201904296875,97.07218933105469,2647.927734375,6228.7587890625
2021-05-18,2677.7138671875,508.15118408203125,687.9685668945312,386.0403137207031,2161.388671875,607.3033447265625,1154.6434326171875,160.74365234375,348.9571838378906,1331.9267578125,753.0945434570312,6463.10546875,92.43404388427734,101.34571075439453,897.250244140625,346.4634094238281,655.7852172851562,99.53094482421875,2664.360107421875,6343.8017578125
2021-05-19,2672.068115234375,500.4296875,679.349609375,387.1923522949219,2148.188720703125,599.8703002929688,1152.0584716796875,158.98355102539062,344.0760192871094,1318.9110107421875,740.9158935546875,6429.7041015625,92.31037139892578,101.62830352783203,901.357421875,348.4120788574219,667.7465209960938,98.20245361328125,2658.49462890625,6256.26806640625
2021-05-20,2651.428466796875,493.2765808105469,667.5162963867188,369.8153076171875,2133.987060546875,593.30029296875,1154.04052734375,158.40960693359375,339.6322937011719,1324.83154296875,758.3341674804688,6393.59765625,92.14544677734375,99.5414047241211,896.0993041992188,348.54803466796875,652.0353393554688,93.20903778076172,2639.517333984375,6268.330078125
2021-05-21,2687.86767578125,503.0350036621094,697.5657958984375,374.2315368652344,2150.46435546875,616.1749877929688,1167.1376953125,159.97840881347656,349.46417236328125,1332.631591796875,773.1563110351562,6466.474609375,93.05247497558594,99.10664367675781,903.8397827148438,363.6392822265625,655.4053955078125,93.88804626464844,2657.20068359375,6329.11767578125
2021-05-24,2675.246337890625,499.1032409667969,703.4591064453125,373.75152587890625,2127.068359375,620.87451171875,1161.579833984375,161.853271484375,349.3349304199219,1356.313720703125,764.7067260742188,6520.51513671875,93.09371185302734,100.43270111083984,896.2119750976562,373.4735107421875,655.927490234375,92.10829162597656,2658.0634765625,6257.412109375
2021-05-25,2765.5859375,498.4400329589844,689.0167846679688,375.5756530761719,2133.896240234375,623.7039184570312,1173.2554931640625,161.39414978027344,348.0425720214844,1363.5496826171875,765.8869018554688,6558.66015625,93.42353820800781,101.2587890625,886.0568237304688,373.745361328125,660.8165283203125,93.22168731689453,2699.236083984375,6251.88134765625
2021-05-26,2791.39697265625,498.1084899902344,688.131591796875,365.78302001953125,2142.9541015625,625.81396484375,1203.9742431640625,161.16456604003906,346.08416748046875,1384.1776123046875,775.280517578125,6674.9013671875,91.60948181152344,98.08491516113281,889.1710815429688,374.8330383300781,668.126220703125,91.27745819091797,2737.809326171875,6275.05322265625
2021-05-27,2798.751220703125,492.4713134765625,690.740478515625,370.4393005371094,2117.828369140625,625.5741577148438,1208.28271484375,161.58543395996094,353.36114501953125,1393.5279541015625,782.2666015625,6612.8427734375,90.94983673095703,99.25880432128906,891.9017944335938,385.39239501953125,664.0442504882812,92.50050354003906,2756.446044921875,6363.11083984375
2021-05-28,2790.542724609375,496.0715026855469,700.4307861328125,372.2634582519531,2113.550048828125,616.7504272460938,1210.6953125,162.92465209960938,358.03350830078125,1389.064208984375,798.5521240234375,6613.8876953125,89.83665466308594,98.01969909667969,945.476318359375,382.53729248046875,635.8020629882812,93.07829284667969,2724.89453125,6291.8349609375
2021-05-31,2825.4638671875,506.7774353027344,706.207763671875,378.50384521484375,2130.254638671875,635.644775390625,1213.91796875,165.7561492919922,359.41534423828125,1379.290771484375,762.7714233398438,6724.2451171875,91.11474609375,98.10665130615234,975.0393676757812,384.6219787597656,634.425537109375,94.94660949707031,2738.37255859375,6396.24560546875
2021-06-01,2781.338623046875,504.8825378417969,704.2744750976562,378.9358825683594,2146.868408203125,623.5121459960938,1208.212890625,164.72300720214844,357.28790283203125,1385.8223876953125,761.213623046875,6728.84765625,90.86737823486328,97.56319427490234,978.9209594726562,392.05426025390625,637.0361328125,92.8589859008789,2733.042236328125,6294.55224609375
2021-06-02,2755.431640625,501.6612854003906,700.6870727539062,382.87213134765625,2147.32373046875,621.8336791992188,1200.7662353515625,159.94012451171875,354.52423095703125,1382.4390869140625,761.1192626953125,6817.61865234375,91.65070343017578,98.88925170898438,993.5219116210938,396.31427001953125,643.1117553710938,94.81165313720703,2712.62841796875,6287.73388671875
2021-06-03,2785.466064453125,504.0772399902344,708.3974609375,383.2561950683594,2151.374755859375,623.656005859375,1210.3468017578125,159.97840881347656,360.7077331542969,1419.8416748046875,757.2012939453125,6841.150390625,92.18669128417969,98.38925170898438,997.3131713867188,402.1686096191406,641.2606811523438,94.63873291015625,2722.857421875,6333.02734375
2021-06-04,2775.549560546875,504.6930236816406,699.2661743164062,379.2718505859375,2132.0751953125,616.414794921875,1206.8631591796875,159.7488250732422,360.1112365722656,1444.9332275390625,759.608642578125,6846.08544921875,92.14544677734375,98.32402801513672,988.669921875,396.6344299316406,639.7892456054688,94.52909088134766,2725.024169921875,6354.576171875
2021-06-07,2783.330810546875,508.24591064453125,698.753662109375,379.2238464355469,2129.572021484375,621.6897583007812,1210.3468017578125,161.8150177001953,360.8468933105469,1463.9635009765625,758.900634765625,6903.9208984375,95.97969818115234,102.71524810791016,1005.3245239257812,395.3995056152344,641.1181640625,95.2038803100586,2759.219482421875,6531.3125
2021-06-08,2776.830322265625,518.0517578125,690.9268798828125,372.2634582519531,2147.505615234375,616.1270751953125,1230.640625,163.4986114501953,356.6019592285156,1455.834716796875,762.6769409179688,6961.89990234375,95.81476593017578,101.75874328613281,999.5473022460938,390.780029296875,644.3458251953125,93.7193374633789,2773.91162109375,6478.63037109375
2021-06-09,2793.247314453125,511.6092224121094,689.645751953125,367.8471984863281,2144.774658203125,610.0846557617188,1232.6875,162.61854553222656,354.4844970703125,1427.78271484375,759.4671020507812,6869.1435546875,97.3814468383789,105.2586669921875,981.674072265625,385.52020263671875,638.7449340820312,92.86742401123047,2773.998291015625,6412.21728515625
2021-06-10,2813.79833984375,516.488525390625,689.9951171875,370.00732421875,2165.53076171875,614.2089233398438,1240.5262451171875,164.80078125,357.7948913574219,1428.1583251953125,761.8273315429688,6832.041015625,97.7112808227539,105.06304931640625,985.2849731445312,395.3995056152344,641.7827758789062,94.00190734863281,2788.34423828125,6397.81884765625
2021-06-11,2819.186279296875,512.4144897460938,692.4642333984375,377.4477844238281,2154.33349609375,609.701171875,1260.210205078125,163.6984405517578,356.76104736328125,1412.887451171875,763.7626342773438,6854.7197265625,97.9586410522461,107.084716796875,1002.375244140625,392.97540283203125,646.7666625976562,97.70479583740234,2837.75244140625,6353.19384765625
2021-06-14,2813.130615234375,510.993408203125,689.2496948242188,379.0318298339844,2168.1787109375,609.1736450195312,1273.1875,163.22601318359375,351.53192138671875,1424.4462890625,762.2993774414062,6811.1171875,97.46391296386719,108.12818908691406,1016.75537109375,393.6614685058594,642.779541015625,98.24884033203125,2839.963134765625,6368.1162109375
2021-06-15,2901.15087890625,513.977783203125,694.28125,375.2396545410156,2193.257080078125,618.908447265625,1283.7264404296875,163.02911376953125,352.0986022949219,1419.7947998046875,763.385009765625,6800.1103515625,97.13409423828125,107.64994049072266,1019.0653686523438,392.8839416503906,639.0772094726562,99.0501480102539,2828.17431640625,6358.39013671875
2021-06-16,2878.74072265625,508.5301208496094,691.6489868164062,365.06298828125,2207.88232421875,613.9210205078125,1289.561767578125,163.6590576171875,350.0506896972656,1401.09326171875,761.072021484375,6750.7666015625,98.7832260131836,105.2804183959961,1001.6731567382812,389.6365661621094,634.6629638671875,96.3383560180664,2838.228759765625,6281.24951171875
2021-06-17,2918.411865234375,500.85601806640625,683.0301513671875,354.5023498535156,2216.8681640625,607.1115112304688,1302.365234375,161.92678833007812,351.1343078613281,1397.9451904296875,760.647216796875,6613.2705078125,96.80425262451172,104.28044891357422,1003.507568359375,384.42254638671875,631.34033203125,95.18280029296875,2875.847900390625,6393.2421875
2021-06-18,2905.919189453125,510.4249572753906,689.4127197265625,356.5184631347656,2276.65185546875,604.6178588867188,1309.3328857421875,161.0606689453125,350.0208740234375,1387.0909423828125,737.84765625,6603.78125,93.62966918945312,101.30224609375,1008.0366821289062,377.6991271972656,634.615478515625,94.19539642333984,2858.12255859375,6382.80078125
2021-06-21,2926.27978515625,511.230224609375,693.5590209960938,352.9182434082031,2305.489990234375,605.4330444335938,1306.7200927734375,160.98194885253906,352.3272399902344,1378.6800537109375,733.410400390625,6547.36865234375,97.29899597167969,102.1065673828125,1013.2905883789062,383.96514892578125,637.3211059570312,95.38976287841797,2837.145751953125,6460.60791015625
2021-06-22,2871.206787109375,508.19854736328125,691.2763061523438,352.87017822265625,2283.391357421875,605.04931640625,1316.7796630859375,161.4937286376953,349.3548278808594,1408.893310546875,731.8526000976562,6894.19482421875,97.54637908935547,101.75874328613281,1008.0820922851562,382.9589538574219,633.001708984375,95.92011260986328,2861.502685546875,6540.18017578125
2021-06-23,2848.84423828125,505.9721374511719,692.0682983398438,353.3982849121094,2274.451416015625,599.15087890625,1309.202392578125,160.58822631835938,345.298828125,1390.1451416015625,738.2252807617188,7052.94677734375,96.68057250976562,100.97615051269531,998.8424682617188,383.141845703125,631.5301513671875,94.8680419921875,2827.003662109375,6582.5166015625
2021-06-24,2902.152099609375,500.9507751464844,701.7354125976562,354.310302734375,2283.2998046875,608.1185302734375,1358.0201416015625,160.0370635986328,345.5373840332031,1413.4512939453125,747.5244750976562,7142.85595703125,97.29899597167969,100.49790954589844,975.3587036132812,381.6325378417969,631.1030883789062,95.99341583251953,2924.259521484375,6638.3935546875
2021-06-25,2864.62646484375,506.9669189453125,705.8583374023438,360.88671875,2245.2470703125,622.45703125,1371.0848388671875,161.45437622070312,344.96075439453125,1432.0587158203125,749.8374633789062,7258.19580078125,95.69109344482422,100.36746978759766,953.1431274414062,392.2436218261719,638.1753540039062,100.4863052368164,2930.50048828125,6601.25390625
2021-06-28,2844.648193359375,503.2719421386719,702.7136840820312,367.03106689453125,2255.837646484375,623.7039184570312,1368.9947509765625,160.31265258789062,344.5730895996094,1423.224609375,749.12939453125,7208.14111328125,95.7735595703125,100.80224609375,944.7868041992188,390.3683776855469,642.0200805664062,102.10321044921875,2892.31787109375,6550.1923828125
2021-06-29,2862.338134765625,497.35052490234375,702.8073120117188,359.3026428222656,2285.5009765625,613.9210205078125,1361.373779296875,160.076416015625,339.1650695800781,1419.888671875,737.8948364257812,7104.947265625,96.96916198730469,102.60655975341797,945.6019897460938,385.56591796875,643.2542114257812,101.1158218383789,2895.87109375,6507.52197265625
2021-06-30,2853.9462890625,498.0137023925781,700.8655395507812,357.1905212402344,2266.015625,605.097412109375,1376.8333740234375,159.60398864746094,339.1650695800781,1410.162109375,734.212890625,7131.89599609375,95.97969818115234,101.04137420654297,955.951171875,383.4620666503906,641.2131958007812,100.60272216796875,2900.119140625,6461.08544921875
2021-07-01,2881.506591796875,495.1714172363281,695.6483764648438,364.2469177246094,2272.159423828125,605.04931640625,1359.0655517578125,159.8402099609375,341.2030029296875,1402.4090576171875,735.8650512695312,7196.89599609375,96.76302337646484,100.3457260131836,950.19921875,384.5597229003906,649.4722290039062,100.3396987915039,2896.4345703125,6395.52978515625
2021-07-02,2865.675537109375,497.3978576660156,692.67724609375,361.0307312011719,2280.6865234375,614.06494140625,1365.5106201171875,159.36778259277344,341.0141296386719,1396.159423828125,738.8388671875,7186.8857421875,96.88670349121094,99.10664367675781,964.2848510742188,388.2187194824219,646.7191772460938,97.96390533447266,2882.5224609375,6407.59228515625
2021-07-05,2875.021728515625,496.4031066894531,699.7191772460938,373.99151611328125,2291.460693359375,621.3540649414062,1375.22216796875,160.35198974609375,344.1853942871094,1417.1163330078125,747.4772338867188,7211.177734375,97.79374694824219,100.12837219238281,973.8641357421875,395.7653503417969,645.7223510742188,99.76190948486328,2878.66552734375,6407.544921875
2021-07-06,2863.29150390625,498.4400329589844,718.0841674804688,369.9593200683594,2267.11572265625,623.7039184570312,1360.63330078125,159.446533203125,349.0068664550781,1414.8138427734375,738.1781005859375,7130.9951171875,97.0103988647461,99.47620391845703,962.3599853515625,393.1126403808594,639.124755859375,100.65876770019531,2827.78466796875,6610.83642578125
2021-07-07,2899.148681640625,501.75604248046875,720.330078125,377.92779541015625,2275.505859375,627.2525634765625,1362.7235107421875,160.43075561523438,350.2892761230469,1425.104248046875,735.3457641601562,7068.7939453125,96.84550476074219,100.41096496582031,955.679443359375,395.9483337402344,645.62744140625,105.09129333496094,2838.748779296875,6603.25634765625
2021-07-08,2887.8955078125,497.6820983886719,711.41650390625,367.7991943359375,2244.23876953125,615.6474609375,1359.3702392578125,159.05282592773438,344.4239807128906,1410.302978515625,732.843994140625,7023.05615234375,96.84550476074219,100.49790954589844,947.7760009765625,388.26446533203125,633.0965576171875,102.59907531738281,2824.48974609375,6581.1337890625
2021-07-09,2871.01611328125,508.0563659667969,702.7838745117188,374.4715576171875,2247.814453125,612.4344482421875,1361.242919921875,158.541015625,341.9883728027344,1409.269287109375,728.4067993164062,7046.30419921875,97.13409423828125,100.10659790039062,938.0835571289062,387.6241149902344,634.0460205078125,106.87637329101562,2780.84619140625,6578.89306640625
2021-07-12,2860.33544921875,501.8034362792969,695.7654418945312,372.83953857421875,2241.12109375,619.819580078125,1348.1348876953125,158.34417724609375,344.3543701171875,1410.3499755859375,729.6340942382812,7088.435546875,97.17530822753906,99.56314849853516,943.92626953125,391.00872802734375,634.6629638671875,105.80705261230469,2767.80078125,6764.06787109375
2021-07-13,2855.04296875,502.1824035644531,702.7136840820312,376.58367919921875,2234.28955078125,637.7546997070312,1345.60888671875,158.9346923828125,347.37652587890625,1422.4259033203125,737.4700317382812,7050.716796875,98.86567687988281,99.41098022460938,950.9917602539062,392.51806640625,648.3804931640625,105.9622802734375,2762.990234375,6797.537109375
2021-07-14,2862.767333984375,502.1824035644531,701.4503784179688,376.0076904296875,2214.2548828125,637.1792602539062,1373.4365234375,160.7063446044922,347.5753479003906,1451.652587890625,742.1903686523438,6952.41015625,99.56657409667969,99.9761734008789,944.7868041992188,394.3017883300781,651.1809692382812,107.33773803710938,2786.39404296875,6787.23828125
2021-07-15,2845.26806640625,497.82421875,711.5335693359375,385.4162902832031,2211.96240234375,640.1525268554688,1376.8333740234375,162.3992462158203,347.953125,1512.408203125,744.5771484375,6933.6689453125,99.19550323486328,100.17184448242188,943.1336669921875,394.8963928222656,648.3804931640625,108.30789184570312,2782.39794921875,6855.5107421875
2021-07-16,2850.7041015625,512.69873046875,712.3056030273438,389.30450439453125,2216.593017578125,633.2950439453125,1354.754150390625,163.6984405517578,347.84375,1521.2421875,744.4817504882812,6930.39501953125,98.2060317993164,101.67179107666016,956.7438354492188,393.34130859375,653.6966552734375,110.2481918334961,2775.31787109375,6993.67626953125
2021-07-19,2843.694580078125,510.1407775878906,688.279052734375,381.0959777832031,2208.5703125,629.074951171875,1342.7783203125,163.580322265625,342.53515625,1512.643310546875,740.6629028320312,6799.44580078125,100.1025390625,101.36746215820312,950.6520385742188,391.4203186035156,654.3136596679688,109.20905303955078,2766.457763671875,6972.50830078125
2021-07-20,3012.58349609375,498.1084899902344,675.2479858398438,367.7031555175781,2232.6396484375,615.6474609375,1350.0511474609375,162.83230590820312,338.5288391113281,1494.552734375,725.7694702148438,6863.16552734375,97.67005920410156,100.56310272216797,948.3194580078125,385.0171203613281,642.1625366210938,106.35895538330078,2784.87353515625,7079.63720703125
2021-07-22,2962.70849609375,517.9569702148438,677.8449096679688,377.7838439941406,2180.603271484375,629.1228637695312,1385.020263671875,162.98976135253906,339.4334716796875,1543.2325439453125,724.0986938476562,6926.60009765625,98.28848266601562,101.41093444824219,960.5029907226562,386.0690612792969,652.4625244140625,109.7782211303711,2794.0390625,7112.3427734375
2021-07-23,2940.77490234375,519.4728393554688,675.0609130859375,376.1037292480469,2162.21875,648.976318359375,1385.2381591796875,167.24168395996094,342.56494140625,1514.66357421875,729.5883178710938,6921.19091796875,97.7112808227539,101.30224609375,953.7092895507812,392.3350524902344,658.8228759765625,110.50259399414062,2790.998291015625,7142.18798828125
2021-07-26,2919.27001953125,515.4462890625,671.2241821289062,384.0721740722656,2153.599609375,649.0722045898438,1396.952880859375,166.25743103027344,346.0741882324219,1501.3660888671875,720.1365966796875,6866.10595703125,98.41217041015625,101.17179870605469,940.6426391601562,387.2125244140625,667.7465209960938,111.92979431152344,2777.70654296875,7262.7138671875
2021-07-27,2888.22900390625,512.1303100585938,673.6571655273438,400.6812438964844,2147.8232421875,649.7435913085938,1395.7769775390625,164.2889404296875,337.5943603515625,1511.37451171875,711.782958984375,6870.32861328125,97.99988555908203,100.80224609375,930.7462768554688,393.29559326171875,653.4118041992188,114.74970245361328,2765.024169921875,7243.2138671875
2021-07-28,2864.8173828125,538.0424194335938,663.1528930664062,399.67315673828125,2165.244384765625,657.0326538085938,1398.433349609375,164.64328002929688,328.6273498535156,1515.1285400390625,695.6961059570312,6798.9716796875,96.30952453613281,99.17183685302734,922.7523803710938,389.2249755859375,652.9371337890625,117.71189880371094,2777.92431640625,7298.900390625
2021-07-29,2858.47607421875,537.331787109375,663.5973510742188,439.8036804199219,2140.808837890625,661.313232421875,1408.362548828125,162.2417755126953,326.4005126953125,1516.83935546875,698.321533203125,6636.18701171875,96.26829528808594,97.04144287109375,929.9536743164062,403.9066162109375,667.3667602539062,125.78358459472656,2776.186767578125,7342.57177734375
2021-07-30,2821.283935546875,532.1210327148438,667.43408203125,427.0348815917969,2139.47900390625,656.5037231445312,1402.701171875,161.37564086914062,329.0150451660156,1522.01904296875,709.4439086914062,6621.193359375,97.46391296386719,99.21530151367188,921.8239135742188,394.98785400390625,734.7205200195312,123.68805694580078,2751.558837890625,7265.09765625
2021-08-02,2836.160400390625,535.4369506835938,665.6560668945312,427.9949035644531,2139.0205078125,655.445556640625,1421.0352783203125,163.22601318359375,331.0629577636719,1533.89892578125,723.3826293945312,6715.373046875,97.09284973144531,99.12834930419922,938.6724243164062,397.82354736328125,735.71728515625,121.59684753417969,2796.68798828125,7322.44482421875
2021-08-03,2886.65576171875,549.6957397460938,671.2942504882812,430.8751525878906,2188.5810546875,664.102783203125,1441.6336669921875,165.27317810058594,335.1488342285156,1553.287109375,735.93701171875,6831.56591796875,97.0103988647461,101.1282958984375,945.579345703125,408.43463134765625,754.5136108398438,121.35105895996094,2853.587890625,7515.23046875
2021-08-04,2878.645263671875,544.20068359375,685.6119995117188,425.018798828125,2179.64111328125,687.4291381835938,1436.451416015625,164.2495880126953,347.9332275390625,1542.690185546875,731.54541015625,6739.9970703125,97.17530822753906,101.5920639038086,952.8261108398438,417.9937744140625,745.92236328125,122.1271743774414,2844.07568359375,7425.8798828125
2021-08-05,2849.845458984375,567.2230834960938,694.7593994140625,425.40283203125,2161.852294921875,675.6937866210938,1440.1966552734375,169.48574829101562,352.267578125,1546.6820068359375,724.9578857421875,6711.01416015625,96.06214141845703,101.56306457519531,966.6400756835938,404.1810607910156,746.302001953125,124.7487564086914,2852.762451171875,7338.68505859375
2021-08-06,2828.912841796875,575.9393920898438,698.4091186523438,424.49072265625,2174.505615234375,671.0765991210938,1437.2786865234375,168.6983642578125,353.3511657714844,1530.4775390625,723.9077758789062,6780.9638671875,97.0103988647461,101.4471435546875,946.168212890625,398.5096435546875,745.400146484375,123.21805572509766,2875.218505859375,7212.82861328125
2021-08-09,2853.80322265625,567.744140625,703.6728515625,417.33831787109375,2186.426025390625,676.0784912109375,1448.6885986328125,168.34400939941406,354.08685302734375,1518.21728515625,739.8514404296875,6762.7724609375,96.22705078125,102.28770446777344,940.7784423828125,396.4514465332031,748.8177490234375,121.78224182128906,2886.424560546875,7182.1669921875
2021-08-10,2839.116943359375,589.487548828125,705.427490234375,409.8978576660156,2183.9501953125,674.2028198242188,1460.838623046875,165.2338409423828,360.51885986328125,1509.66357421875,750.6873168945312,6686.5673828125,94.28932189941406,100.05584716796875,945.7151489257812,390.0939636230469,753.136962890625,118.45353698730469,2896.153564453125,7161.56640625
2021-08-11,2834.77783203125,588.2086181640625,699.485107421875,419.21038818359375,2191.882080078125,667.1328125,1461.0999755859375,164.2889404296875,354.2029724121094,1504.7694091796875,743.4315185546875,6705.23681640625,96.43319702148438,102.22974395751953,958.9630737304688,391.5575256347656,740.0365600585938,122.98954772949219,2905.101318359375,7140.7744140625
2021-08-12,2837.543701171875,590.3875732421875,702.503173828125,422.6905517578125,2193.578125,674.6357421875,1471.5950927734375,164.48580932617188,355.6153564453125,1542.927734375,741.0447387695312,6696.16455078125,98.24725341796875,108.40351867675781,955.88330078125,390.7342834472656,739.1822509765625,123.77860260009766,2911.660400390625,7156.34423828125
2021-08-13,2850.13134765625,603.5568237304688,714.1070556640625,427.3307189941406,2204.764404296875,677.9542846679688,1491.279052734375,166.49365234375,355.675048828125,1585.6483154296875,743.3838500976562,6686.80615234375,97.50513458251953,107.09919738769531,971.8033447265625,394.43902587890625,738.8499755859375,126.04658508300781,3008.650146484375,7148.67919921875
2021-08-16,2833.63330078125,600.7145385742188,716.1658325195312,427.0406799316406,2224.84521484375,675.88623046875,1484.4857177734375,166.0605926513672,354.5511169433594,1573.95849609375,763.0985107421875,6519.35400390625,97.99988555908203,104.75141143798828,984.4171142578125,388.6304016113281,741.2232666015625,131.02671813964844,3016.94580078125,7039.39892578125
2021-08-17,2875.498291015625,593.4193725585938,708.7027587890625,422.0622253417969,2277.4775390625,674.4913940429688,1516.92919921875,164.72201538085938,355.7447204589844,1557.4688720703125,754.84033203125,6575.2666015625,96.80425262451172,106.22965240478516,980.2276611328125,385.56591796875,744.4034423828125,129.67282104492188,3086.529296875,7099.18896484375
2021-08-18,2862.3857421875,590.1981201171875,707.9307250976562,412.7335205078125,2279.54052734375,662.082763671875,1509.7872314453125,164.52520751953125,348.0563049316406,1551.861572265625,755.508544921875,6532.00732421875,96.1033706665039,104.69344329833984,984.0321655273438,383.91943359375,743.2168579101562,129.39254760742188,3093.044677734375,7283.54248046875
2021-08-20,2968.620849609375,581.4344482421875,708.7496337890625,390.2093505859375,2401.81298828125,654.772216796875,1509.351806640625,164.48580932617188,338.87591552734375,1514.5582275390625,750.0667724609375,6542.32080078125,94.1244125366211,103.53404998779297,972.9810180664062,372.0277099609375,722.5693359375,118.62600708007812,3092.13232421875,7179.96337890625
2021-08-23,2934.7666015625,589.9138793945312,713.3583374023438,393.3027648925781,2415.33837890625,656.696044921875,1514.4034423828125,162.43858337402344,341.5216064453125,1502.345703125,731.2113037109375,6518.44677734375,93.50598907470703,101.82393646240234,979.3670654296875,374.5890197753906,722.7596435546875,117.16432189941406,3159.8037109375,7043.5673828125
2021-08-24,2904.727294921875,587.4979858398438,729.3839111328125,406.8366394042969,2414.28369140625,667.9984741210938,1498.81298828125,162.00552368164062,339.14453125,1526.1531982421875,742.906494140625,6496.76953125,93.95951080322266,102.3746566772461,989.0369262695312,381.99847412109375,734.1813354492188,121.13114166259766,3138.78125,7143.552734375
2021-08-25,2897.19384765625,580.2501831054688,728.7054443359375,416.3586730957031,2425.287109375,664.7279663085938,1511.6165771484375,162.51734924316406,337.6128234863281,1514.74853515625,737.0827026367188,6409.15234375,94.00071716308594,101.73700714111328,997.5969848632812,380.7635498046875,731.9922485351562,119.88504028320312,3178.567138671875,7073.6064453125
2021-08-26,2898.718994140625,556.0435180664062,727.489013671875,409.9783935546875,2444.9091796875,672.1828002929688,1504.779052734375,161.10003662109375,337.6724853515625,1516.6016845703125,746.0092163085938,6310.9345703125,92.97002410888672,100.34571075439453,1010.2107543945312,375.7323913574219,723.9017333984375,118.5785903930664,3189.730224609375,7001.5029296875
2021-08-27,2896.001708984375,563.8597412109375,724.5177001953125,423.31890869140625,2455.49951171875,673.0966186523438,1488.31787109375,162.1236572265625,340.8652038574219,1556.85107421875,740.0422973632812,6326.4521484375,93.50598907470703,101.07034301757812,1008.8292846679688,377.2875061035156,734.6097412109375,119.36332702636719,3231.6884765625,7249.19189453125
2021-08-30,2964.61572265625,587.82958984375,733.7821655273438,433.13092041015625,2464.439697265625,686.4672241210938,1478.9549560546875,163.7771759033203,345.3011779785156,1577.7601318359375,755.6995239257812,6490.75244140625,94.78406524658203,101.73700714111328,1028.23681640625,386.6636657714844,749.2677612304688,124.2313461303711,3215.313720703125,7381.61181640625
2021-08-31,3052.922119140625,629.1372680664062,739.9351196289062,452.7066345214844,2497.816650390625,691.6614990234375,1486.2711181640625,166.37554931640625,348.8519592285156,1589.259765625,757.370361328125,6537.73681640625,95.60862731933594,101.6500244140625,1022.7566528320312,389.7280578613281,755.7875366210938,125.0634994506836,3289.283447265625,7504.88232421875
2021-09-01,3149.62060546875,631.3637084960938,738.8589477539062,442.8462829589844,2505.885009765625,692.4791870117188,1461.274169921875,164.958251953125,347.4495544433594,1602.755615234375,735.0301513671875,6479.29296875,95.1551284790039,101.82393646240234,1026.8101806640625,393.24981689453125,750.5050048828125,121.69599914550781,3227.1708984375,7442.12109375
2021-09-02,3148.5244140625,631.4584350585938,743.4910888671875,441.7345886230469,2568.37451171875,697.5291137695312,1471.15966796875,165.1551055908203,353.3675231933594,1602.5654296875,718.370361328125,6486.93310546875,96.06214141845703,101.88191986083984,1039.1749267578125,393.1126403808594,751.8851928710938,122.8946762084961,3332.979248046875,7620.150390625
2021-09-03,3183.99951171875,623.8316650390625,737.4317626953125,445.939697265625,2536.877685546875,696.7114868164062,1481.219482421875,165.8243865966797,356.4408874511719,1607.6026611328125,715.93603515625,6553.9716796875,96.47443389892578,101.76597595214844,1081.7943115234375,394.6219482421875,751.3616943359375,124.4943618774414,3337.5830078125,7598.20849609375
2021-09-06,3161.82763671875,620.1841430664062,732.5890502929688,453.625,2549.623046875,693.6815795898438,1507.130859375,164.80078125,352.99951171875,1610.1685791015625,720.5662841796875,6538.5009765625,96.02090454101562,100.92540740966797,1098.5977783203125,394.3017883300781,746.4597778320312,123.9208755493164,3346.2265625,7620.00634765625
2021-09-07,3181.567626953125,635.2955322265625,734.2501220703125,446.9064636230469,2546.963623046875,689.5934448242188,1486.4451904296875,166.72987365722656,351.0699462890625,1598.28857421875,718.990966796875,6567.38818359375,95.52618408203125,100.28773498535156,1105.52734375,392.51806640625,732.8013305664062,123.20514678955078,3314.866943359375,7690.57666015625
2021-09-08,3181.901611328125,632.7374267578125,737.5955200195312,441.106201171875,2568.236572265625,693.4891357421875,1474.7742919921875,166.33616638183594,361.1155700683594,1583.8902587890625,720.5662841796875,6475.80810546875,96.67047119140625,101.96903991699219,1101.2017822265625,394.5762634277344,739.9873657226562,123.30429077148438,3278.598388671875,7658.62109375
2021-09-09,3191.19970703125,650.0753784179688,733.9459228515625,448.1147766113281,2577.1767578125,692.8158569335938,1473.3370361328125,167.43853759765625,361.6128845214844,1587.216552734375,716.7474975585938,6495.86181640625,97.09426879882812,102.35247802734375,1098.5977783203125,395.4451904296875,738.8928833007812,124.78324127197266,3293.58349609375,7607.59814453125
2021-09-13,3210.939697265625,656.8494262695312,727.8399047851562,462.4220275878906,2554.8955078125,680.4552612304688,1473.598388671875,168.61961364746094,366.0290222167969,1588.78466796875,711.782958984375,6564.09423828125,97.47569274902344,102.58845520019531,1074.117431640625,395.9483337402344,742.7001342773438,126.20182800292969,3340.44970703125,7612.197265625
2021-09-14,3206.600830078125,657.7022094726562,724.5646362304688,462.03533935546875,2533.072509765625,680.5033569335938,1468.59033203125,170.155029296875,371.5391540527344,1612.30712890625,716.222412109375,6583.9091796875,98.2385482788086,102.70643615722656,1072.71337890625,396.0855407714844,743.7471923828125,125.24030303955078,3375.67578125,7527.87744140625
2021-09-15,3196.87353515625,687.3565063476562,723.7457885742188,470.5906066894531,2544.90087890625,687.1404418945312,1490.6258544921875,170.0762939453125,372.324951171875,1631.837890625,720.900390625,6597.8037109375,105.27375030517578,104.94817352294922,1077.174560546875,406.0105285644531,743.0333251953125,125.48175811767578,3435.3115234375,7493.76708984375
2021-09-16,3187.146728515625,680.8192749023438,729.8985595703125,467.2071533203125,2538.298583984375,699.5010375976562,1482.613037109375,181.69027709960938,379.30712890625,1635.876953125,722.6666259765625,6618.76513671875,105.1042251586914,105.86256408691406,1099.775146484375,424.1683044433594,743.4139404296875,123.89933013916016,3390.791015625,7440.68408203125
2021-09-17,3149.906982421875,689.8671875,740.2860107421875,457.2984619140625,2496.1201171875,692.7196655273438,1473.075927734375,182.00526428222656,399.42822265625,1631.077392578125,719.993408203125,6698.50439453125,104.89232635498047,105.4791030883789,1082.722900390625,415.38671875,732.8013305664062,119.51422882080078,3325.247314453125,7389.3251953125
2021-09-20,3119.867919921875,686.83544921875,729.8518676757812,429.6024475097656,2567.73291015625,682.9561157226562,1470.0709228515625,184.05247497558594,398.1352844238281,1619.815185546875,704.6226196289062,6637.3388671875,104.0023193359375,104.41722106933594,1084.444091796875,400.1561584472656,720.046875,108.0621109008789,3321.46875,7259.1572265625
2021-09-21,3155.77197265625,688.446044921875,726.1554565429688,435.9826965332031,2578.827392578125,684.7356567382812,1496.72265625,190.15475463867188,400.0250549316406,1635.54443359375,705.0045776367188,6471.74951171875,105.18897247314453,103.7683334350586,1089.1318359375,401.39111328125,727.6614379882812,111.43394470214844,3355.738525390625,7275.15869140625
2021-09-22,3163.68701171875,688.540771484375,717.6162719726562,447.5831298828125,2553.198974609375,676.5595092773438,1495.37255859375,191.72952270507812,394.97235107421875,1626.0404052734375,718.4181518554688,6523.31689453125,105.44326782226562,104.2697525024414,1100.817138671875,401.43682861328125,732.9915771484375,112.60674285888672,3355.04345703125,7306.68310546875
2021-09-23,3166.690673828125,688.588134765625,734.6010131835938,467.15887451171875,2551.181640625,689.6895141601562,1517.7130126953125,190.94210815429688,402.6209411621094,1681.923828125,724.0986938476562,6538.3095703125,106.96897888183594,105.15464782714844,1127.7203369140625,411.45330810546875,732.7535400390625,113.71918487548828,3361.21142578125,7301.02978515625
2021-09-24,3288.708740234375,700.5256958007812,749.3632202148438,462.8086853027344,2518.492919921875,695.4129638671875,1536.2650146484375,187.75318908691406,403.4365234375,1681.0211181640625,744.1475830078125,6639.10595703125,105.31612396240234,103.91580200195312,1124.459228515625,403.1748352050781,733.32470703125,109.70059967041016,3362.992431640625,7206.9365234375
2021-09-27,3271.591552734375,697.4142456054688,760.3822021484375,465.37042236328125,2484.429443359375,702.1943969726562,1499.0743408203125,187.9500274658203,404.48089599609375,1653.31689453125,774.6027221679688,7069.982421875,107.51992797851562,103.82730865478516,1143.36865234375,408.5260925292969,726.2813110351562,109.56262969970703,3333.1533203125,7304.09521484375
2021-09-28,3223.003173828125,671.9326171875,755.6798095703125,462.2286071777344,2497.587158203125,689.8338623046875,1469.417724609375,187.2020263671875,411.41339111328125,1650.9884033203125,769.5429077148438,7089.4638671875,111.84275817871094,108.5172348022461,1154.0574951171875,406.9710388183594,737.7506713867188,110.46379089355469,3282.94140625,7270.9423828125
2021-09-29,3168.9794921875,669.9539794921875,745.7603759765625,477.6959228515625,2462.2392578125,682.4752807617188,1473.903076171875,187.47760009765625,403.9040222167969,1635.639404296875,775.3187255859375,7051.45654296875,119.21700286865234,115.06544494628906,1144.90869140625,420.78375244140625,772.2062377929688,111.72283172607422,3294.01806640625,7152.36767578125
2021-09-30,3094.214599609375,664.355712890625,746.2750244140625,471.7023620605469,2477.368896484375,674.1547241210938,1459.0531005859375,185.9422149658203,398.9408874511719,1618.484619140625,766.6787109375,7007.52783203125,120.23413848876953,112.02730560302734,1141.0133056640625,414.3804931640625,778.8214721679688,111.14936065673828,3279.81494140625,7086.7802734375
2021-10-01,3030.511962890625,652.3870849609375,740.5432739257812,468.22222900390625,2479.431884765625,665.9783935546875,1450.2999267578125,185.31228637695312,396.5637512207031,1612.7347412109375,790.3554077148438,6839.69482421875,118.581298828125,113.17766571044922,1143.0289306640625,413.1455993652344,786.76904296875,111.92118072509766,3240.419189453125,7170.5732421875
2021-10-04,3053.160888671875,657.69580078125,741.9703979492188,488.8613586425781,2463.064453125,673.5294189453125,1462.1451416015625,186.29653930664062,396.04656982421875,1630.174560546875,803.0531005859375,6847.33349609375,123.37032318115234,113.05968475341797,1157.72607421875,423.6651611328125,791.9088745117188,114.18916320800781,3277.860107421875,7201.28271484375
2021-10-05,3103.84619140625,674.9248046875,746.509033203125,478.8075866699219,2483.6494140625,670.5475463867188,1474.3822021484375,184.80047607421875,394.3358154296875,1631.5526123046875,804.8670654296875,6931.322265625,123.24315643310547,112.05680084228516,1181.75341796875,425.0830383300781,780.9630737304688,113.55964660644531,3329.982177734375,7151.8408203125
2021-10-06,3063.31689453125,667.3479614257812,755.6096801757812,460.0535888671875,2462.92724609375,663.237060546875,1457.615966796875,182.08399963378906,389.04443359375,1610.9765625,796.3223876953125,6874.98046875,121.46317291259766,110.67047882080078,1159.4019775390625,418.222412109375,762.0218505859375,110.37323760986328,3310.52294921875,7055.06494140625
2021-10-07,3138.27294921875,668.40966796875,753.5509643554688,461.6003112792969,2447.659912109375,675.4533081054688,1472.814453125,183.42254638671875,388.3879699707031,1627.513427734375,838.4727783203125,7155.021484375,121.03936767578125,111.08341979980469,1165.0860595703125,418.86273193359375,783.5806274414062,111.17523193359375,3381.75634765625,7047.01611328125
2021-10-08,3153.57861328125,671.3052978515625,749.8778076171875,457.8785400390625,2420.747802734375,676.6075439453125,1501.426025390625,182.43832397460938,385.185302734375,1641.246826171875,838.0431518554688,7095.33740234375,119.59844207763672,110.72946166992188,1209.8570556640625,418.9542541503906,781.8197631835938,112.20575714111328,3418.893310546875,7028.9541015625
2021-10-11,3152.76806640625,666.8170166015625,764.4529418945312,471.267333984375,2425.37890625,686.1305541992188,1472.770751953125,187.43824768066406,392.9532470703125,1631.74267578125,855.0369873046875,7353.93896484375,122.73461151123047,114.12155151367188,1201.4327392578125,429.2451171875,792.4323120117188,113.2448959350586,3201.67529296875,7023.6845703125
2021-10-12,3169.170654296875,662.4735717773438,762.4877319335938,482.0460205078125,2453.84912109375,681.6094970703125,1467.71923828125,189.9972381591797,396.8720397949219,1632.978271484375,849.7859497070312,7347.2548828125,122.52272033691406,114.06258392333984,1208.2943115234375,441.8228759765625,789.7196655273438,114.61605072021484,3173.22509765625,6946.9345703125
2021-10-13,3169.408935546875,665.9000854492188,767.0731811523438,491.133056640625,2426.89111328125,682.9080810546875,1488.6661376953125,196.21766662597656,399.70672607421875,1665.1495361328125,892.9866333007812,7145.1376953125,124.0484390258789,117.63160705566406,1220.591064453125,440.63372802734375,801.950439453125,116.78917694091797,3175.266845703125,7042.9921875
2021-10-14,3144.900390625,661.9426879882812,789.5322875976562,498.91497802734375,2429.459228515625,699.5972290039062,1494.3712158203125,202.00494384765625,401.3876647949219,1700.5517578125,889.215576171875,7159.22314453125,126.63363647460938,120.728759765625,1223.0596923828125,448.7750244140625,800.7606811523438,118.5785903930664,3143.28076171875,7086.2060546875
2021-10-18,3091.210693359375,656.9236450195312,781.53125,524.7259521484375,2433.539306640625,717.055908203125,1560.9134521484375,206.7292938232422,400.154296875,1699.743896484375,869.6917724609375,7312.11181640625,126.76078033447266,120.22731018066406,1226.320556640625,455.4984130859375,795.6209106445312,121.68307495117188,3174.352783203125,7089.84619140625
2021-10-19,3036.138427734375,657.40625,790.1405639648438,515.977294921875,2335.244384765625,718.979736328125,1587.0426025390625,193.6586151123047,404.8787536621094,1754.487060546875,875.9450073242188,7310.82275390625,126.84557342529297,117.18919372558594,1237.3037109375,446.5796203613281,787.48291015625,117.87576293945312,3163.0380859375,6870.232421875
2021-10-20,3022.64453125,683.8048095703125,783.1922607421875,495.8699035644531,2272.755126953125,717.440673828125,1569.7972412109375,194.17042541503906,400.920166015625,1717.0887451171875,858.6170654296875,7248.84619140625,123.9636459350586,114.65248107910156,1223.0596923828125,457.2821044921875,775.6328735351562,115.84058380126953,3141.017578125,6831.42578125
2021-10-21,2862.8154296875,671.8360595703125,784.3387451171875,477.3092346191406,2242.588134765625,726.7230834960938,1527.3809814453125,192.67437744140625,426.4420471191406,1716.185791015625,856.37353515625,7234.04443359375,125.36221313476562,114.47550201416016,1187.77734375,460.0721435546875,778.96435546875,113.37425231933594,3074.565673828125,6830.8515625
2021-10-22,2844.12353515625,670.3400268554688,786.4208374023438,454.78509521484375,2250.24462890625,730.3782958984375,1497.898681640625,186.29653930664062,431.9422607421875,1703.35546875,847.6378784179688,7075.1865234375,122.81937408447266,114.71146392822266,1189.99658203125,460.0721435546875,773.3960571289062,111.78319549560547,3045.27783203125,6850.58984375
2021-10-25,2782.75732421875,667.0582885742188,775.30810546875,457.4917907714844,2251.84912109375,809.6397705078125,1487.2291259765625,183.77688598632812,428.5804443359375,1695.6573486328125,850.35888671875,6933.56689453125,121.97176361083984,113.64960479736328,1178.4017333984375,463.3194580078125,774.0148315429688,111.52880096435547,3040.14208984375,6850.78173828125
2021-10-26,2832.10791015625,671.9808349609375,773.319580078125,469.8655700683594,2248.158935546875,797.8082885742188,1497.0264892578125,186.37527465820312,439.8096618652344,1707.156982421875,854.0345458984375,6968.66162109375,121.37843322753906,112.32228088378906,1205.2373046875,468.8537292480469,774.30029296875,115.87078094482422,3031.13427734375,6965.091796875
2021-10-27,2951.169189453125,677.9169311523438,768.6640625,463.8720397949219,2211.025634765625,803.1949462890625,1519.21337890625,187.75318908691406,435.29412841796875,1696.0374755859375,846.635498046875,7024.90869140625,119.7679672241211,112.23379516601562,1189.99658203125,474.8910217285156,785.34130859375,114.36165618896484,3037.357421875,7046.63330078125
2021-10-28,2975.324951171875,665.7553100585938,745.643310546875,453.19000244140625,2204.613525390625,768.277587890625,1497.2022705078125,177.24154663085938,417.44073486328125,1724.2642822265625,843.819091796875,7037.75244140625,116.41986846923828,109.6675796508789,1176.9522705078125,458.6085205078125,768.6845703125,112.07208251953125,2978.08544921875,7135.216796875
2021-10-29,2959.857666015625,661.50830078125,740.6134643554688,444.4897155761719,2207.842529296875,771.5,1465.4373779296875,175.7454833984375,404.0432434082031,1679.025146484375,844.2009887695312,7145.376953125,112.43608856201172,109.16617584228516,1148.7132568359375,459.3403015136719,756.6917114257812,113.48204040527344,2957.283935546875,7316.69482421875
2021-11-01,2980.57568359375,687.7138061523438,751.1178588867188,462.2286071777344,2220.712890625,773.279541015625,1493.8192138671875,178.61947631835938,413.0644226074219,1706.3017578125,830.9306030273438,7272.52880859375,113.83466339111328,110.75897216796875,1149.4151611328125,471.7351379394531,772.6823120117188,117.70328521728516,3025.738037109375,7449.9296875
2021-11-02,2962.960693359375,689.1134643554688,751.7962646484375,452.80328369140625,2231.5986328125,770.44189453125,1491.9300537109375,177.63523864746094,413.09423828125,1725.594970703125,822.4814453125,7440.79345703125,115.82654571533203,109.4316177368164,1132.656982421875,477.2236328125,776.1088256835938,113.28369903564453,3032.527099609375,7390.76318359375
2021-11-03,3027.216064453125,674.7799682617188,739.9583740234375,462.3736572265625,2224.633544921875,756.0132446289062,1495.9720458984375,175.15496826171875,405.3163757324219,1795.781982421875,810.5474853515625,7385.8828125,115.91130828857422,108.5172348022461,1124.866943359375,482.6663818359375,749.9814453125,114.35301208496094,3039.532958984375,7557.96533203125
2021-11-04,3016.33203125,676.7103881835938,745.8071899414062,456.8634948730469,2235.243408203125,752.3099365234375,1501.4200439453125,178.38323974609375,409.1854248046875,1814.2672119140625,833.3173828125,7398.44091796875,116.25033569335938,109.16617584228516,1131.7738037109375,485.2276611328125,757.1201171875,114.34007263183594,3053.806884765625,7551.2099609375
2021-11-08,2996.04345703125,684.3356323242188,748.7548828125,454.15667724609375,2243.591796875,750.4342041015625,1526.7261962890625,180.9422607421875,421.4888000488281,1829.093505859375,820.572021484375,7338.46875,118.92033386230469,111.58487701416016,1133.1778564453125,478.6415100097656,761.4508056640625,115.8362808227539,3048.672119140625,7870.52197265625
2021-11-09,3002.86962890625,688.3895263671875,735.6537475585938,449.1298522949219,2242.89990234375,756.5904541015625,1531.11962890625,180.11549377441406,417.18212890625,1847.1986083984375,851.7432250976562,7236.24072265625,117.3946304321289,110.0510482788086,1142.123046875,484.03851318359375,762.73583984375,115.20675659179688,3051.23974609375,7824.48193359375
2021-11-10,2967.68701171875,709.8655395507812,727.699462890625,434.7743225097656,2214.300048828125,751.1556396484375,1529.0548095703125,181.7689971923828,412.9748840332031,1853.423828125,877.997802734375,7173.30908203125,116.46226501464844,108.78272247314453,1154.8953857421875,479.6934509277344,772.0160522460938,111.98153686523438,3032.614013671875,7767.7578125
2021-11-11,2924.91357421875,703.2537231445312,724.4475708007812,438.83447265625,2192.205322265625,742.065673828125,1523.0357666015625,181.09974670410156,408.6085510253906,1835.888671875,882.86669921875,7117.73046875,115.82654571533203,107.45536804199219,1157.0015869140625,466.1551818847656,756.5490112304688,112.07208251953125,3036.00830078125,7713.95654296875
2021-11-12,2981.626220703125,717.6353759765625,726.6466674804688,452.94830322265625,2218.72900390625,747.0194091796875,1564.2464599609375,183.38316345214844,412.7063903808594,1862.737548828125,895.3256225585938,7142.94189453125,115.65702819824219,107.36688232421875,1174.46142578125,467.7560119628906,767.6376953125,111.00707244873047,3068.951416015625,7742.7978515625
2021-11-15,3025.3544921875,711.8924560546875,728.63525390625,440.71954345703125,2236.995849609375,743.8451538085938,1570.353271484375,187.47760009765625,417.2020568847656,1850.4774169921875,886.3513793945312,7165.14404296875,116.25033569335938,111.08341979980469,1167.53173828125,463.3652038574219,771.6353149414062,107.40240478515625,3092.6689453125,7714.099609375
2021-11-16,3009.123046875,704.8946533203125,724.3072509765625,430.7625427246094,2220.297119140625,734.9474487304688,1574.8787841796875,185.39100646972656,414.32763671875,1858.3184814453125,916.8065795898438,7687.7451171875,113.83466339111328,110.67047882080078,1140.402099609375,452.891357421875,759.9756469726562,105.96659088134766,3095.367431640625,7552.74267578125
2021-11-17,3084.119873046875,695.001220703125,716.2593994140625,430.56915283203125,2205.99755859375,732.3021240234375,1570.61669921875,188.5799560546875,408.4096374511719,1856.0372314453125,911.2214965820312,7902.03759765625,115.65702819824219,112.70572662353516,1115.98974609375,455.68133544921875,753.2176513671875,105.21202087402344,3065.339111328125,7529.07568359375
2021-11-18,3080.873779296875,689.49951171875,720.2833251953125,425.6390075683594,2213.608642578125,733.84130859375,1563.54345703125,187.00515747070312,402.7104797363281,1802.909912109375,881.8642578125,7751.5361328125,114.68228149414062,113.56114196777344,1120.201904296875,460.8496398925781,752.5513916015625,102.32743835449219,3025.128662109375,7442.83935546875
2021-11-22,3113.717529296875,716.2841186523438,709.0302734375,427.4273681640625,2203.598876953125,723.3563842773438,1545.9697265625,181.80841064453125,388.9847717285156,1772.02197265625,860.0491333007812,7510.17041015625,110.31704711914062,114.56401062011719,1070.5848388671875,444.9330139160156,733.6102905273438,100.46905517578125,3010.071533203125,7333.70263671875
2021-11-23,3041.44189453125,732.499755859375,709.1239013671875,435.2093505859375,2208.811279296875,723.2120971679688,1526.19921875,182.35955810546875,394.4451904296875,1792.7882080078125,860.5264892578125,7500.2392578125,113.15657043457031,119.07695007324219,1080.59423828125,451.01611328125,747.3639526367188,102.79741668701172,3015.1630859375,7337.6796875
2021-11-24,3014.183349609375,732.499755859375,710.2936401367188,437.04608154296875,2190.8671875,731.244140625,1490.2606201171875,179.2887420654297,400.114501953125,1770.12109375,852.7457275390625,7324.001953125,114.72466278076172,119.9323501586914,1064.9910888671875,451.10760498046875,741.4151611328125,101.62892150878906,2996.928955078125,7260.40185546875
2021-11-25,3002.010498046875,738.5322875976562,713.989990234375,432.1642150878906,2167.157470703125,722.4425659179688,1513.458251953125,182.1233673095703,404.8290100097656,1758.1461181640625,850.8363037109375,7231.41845703125,114.59751892089844,120.49278259277344,1129.1016845703125,448.729248046875,745.1748657226562,101.21067810058594,2999.191650390625,7290.5849609375
2021-11-26,3000.91259765625,713.0507202148438,697.122314453125,403.11480712890625,2154.2880859375,694.6914672851562,1486.438232421875,176.37538146972656,390.7452087402344,1689.954833984375,815.0823974609375,6847.525390625,109.21516418457031,119.1654281616211,1092.709716796875,430.3885498046875,730.3265380859375,95.92011260986328,3000.018798828125,7085.4873046875
2021-11-29,3002.05810546875,713.6298217773438,702.4329833984375,406.1599426269531,2149.029052734375,691.0361938476562,1490.568359375,174.40695190429688,401.7456970214844,1679.5953369140625,812.2659912109375,6827.47021484375,107.22328186035156,118.13304901123047,1105.7989501953125,425.4489440917969,714.859619140625,96.13139343261719,3048.01953125,7079.2587890625
2021-11-30,3001.4375,702.9159545898438,698.8301391601562,399.0063171386719,2138.096435546875,687.1404418945312,1504.8907470703125,174.13134765625,390.2678527832031,1677.219482421875,797.6589965820312,6749.451171875,107.85897827148438,121.96761322021484,1089.44873046875,421.2868347167969,717.2866821289062,92.37582397460938,3071.650146484375,7122.8564453125
2021-12-01,2996.186767578125,697.1246337890625,704.0238037109375,410.75177001953125,2163.28271484375,699.9820556640625,1506.867919921875,174.72189331054688,388.5670471191406,1697.4154052734375,796.8952026367188,6945.646484375,108.24040222167969,122.23307037353516,1117.3486328125,434.7793273925781,709.4342651367188,93.3545913696289,3113.992919921875,7016.35498046875
2021-12-02,3036.71630859375,707.0663452148438,713.896484375,417.7120056152344,2198.75537109375,694.8839111328125,1536.17236328125,177.51712036132812,390.7352600097656,1700.456787109375,811.0725708007812,6995.0185546875,109.08799743652344,126.53952026367188,1124.52734375,436.3344421386719,729.3271484375,95.9287338256836,3170.6533203125,7016.9296875
2021-12-03,2969.7392578125,693.3604125976562,708.1881103515625,410.5101318359375,2162.175537109375,689.0162353515625,1525.0130615234375,174.5250244140625,380.7791748046875,1711.908935546875,799.0433349609375,6884.00537109375,107.64704895019531,121.58412170410156,1090.739501953125,432.8126220703125,715.573486328125,96.41165924072266,3168.521240234375,7025.79296875
2021-12-06,2900.853515625,673.332275390625,703.6261596679688,407.3199768066406,2127.90185546875,682.5233154296875,1489.6456298828125,171.5723114013672,375.0104064941406,1694.2315673828125,784.9136962890625,6725.625,105.40089416503906,119.1654281616211,1070.0638427734375,425.6318664550781,701.6293334960938,95.6182861328125,3077.95947265625,6912.87109375
2021-12-07,2893.26318359375,674.5386962890625,713.873046875,427.7657165527344,2141.833251953125,706.6672973632812,1504.0123291015625,173.73764038085938,385.3444519042969,1708.915283203125,788.54150390625,6862.89990234375,106.24850463867188,121.40717315673828,1078.7825927734375,436.0600280761719,707.8637084960938,99.06771087646484,3119.824462890625,6994.12548828125
2021-12-08,2967.877685546875,690.2716674804688,727.0210571289062,442.2179260253906,2159.36181640625,724.703125,1540.653564453125,177.1234130859375,382.0224304199219,1734.528564453125,802.6712036132812,7100.01611328125,107.85897827148438,120.8172378540039,1095.200927734375,449.64398193359375,721.04638671875,101.15462493896484,3156.728271484375,7113.4658203125
2021-12-09,3034.90185546875,689.1134643554688,714.4111328125,440.4778747558594,2158.5771484375,726.2420654296875,1549.5281982421875,185.3516387939453,381.20684814453125,1786.5631103515625,812.5524291992188,7087.45849609375,106.84183502197266,119.87335205078125,1112.5703125,446.9911804199219,723.1403198242188,101.48663330078125,3134.83837890625,7122.95263671875
2021-12-10,3134.626708984375,685.9765014648438,712.399169921875,439.9461669921875,2152.165771484375,729.1278686523438,1545.8377685546875,185.90283203125,377.3079833984375,1780.48046875,820.762939453125,7091.18212890625,106.92659759521484,119.54889678955078,1113.7025146484375,452.5254821777344,724.6632080078125,101.75828552246094,3165.344482421875,7129.27587890625
2021-12-13,3131.475830078125,678.640869140625,707.065185546875,442.99127197265625,2125.918701171875,725.2802124023438,1533.009033203125,184.7217559814453,372.6033935546875,1769.170654296875,804.914794921875,7177.84521484375,106.62992095947266,120.58129119873047,1091.3736572265625,446.2136535644531,725.85302734375,100.49060821533203,3141.71337890625,7104.36376953125
2021-12-14,3148.327880859375,667.5409545898438,702.9944458007812,446.3264465332031,2138.78857421875,729.7532348632812,1539.59912109375,179.9973907470703,366.0986022949219,1773.1624755859375,798.9478149414062,7155.642578125,107.09611511230469,125.21219635009766,1078.0125732421875,446.8997497558594,719.6187133789062,100.65446472167969,3154.0302734375,7077.48583984375
2021-12-15,3152.576171875,661.6048583984375,701.8480834960938,443.08795166015625,2141.2333984375,723.596923828125,1523.8265380859375,176.414794921875,371.46954345703125,1787.513427734375,807.8743286132812,7227.0732421875,107.39276885986328,123.7963638305664,1074.8648681640625,443.4694519042969,737.7506713867188,99.52045440673828,3107.5087890625,7063.06591796875
2021-12-16,3149.377685546875,657.69580078125,701.8948364257812,435.4993896484375,2130.670166015625,712.9197387695312,1556.6895751953125,175.50926208496094,370.1466979980469,1780.95556640625,814.6527709960938,7115.19970703125,107.9861068725586,122.8229751586914,1088.769287109375,440.130615234375,727.6138305664062,99.44715881347656,3117.300537109375,7103.6923828125
2021-12-17,3096.961181640625,642.8797607421875,689.2381591796875,435.1610107421875,2057.556640625,700.5591430664062,1599.9652099609375,171.6116943359375,356.82879638671875,1755.4849853515625,796.7997436523438,6967.94580078125,106.41802215576172,123.8553695678711,1060.03173828125,427.9187316894531,731.89697265625,97.6275863647461,3119.6943359375,7030.4873046875
2021-12-20,3092.903564453125,635.35107421875,667.059814453125,418.6787109375,2093.398193359375,682.9080810546875,1580.6778564453125,167.24168395996094,346.6240539550781,1710.103271484375,777.419189453125,6958.396484375,103.19708251953125,123.7963638305664,1031.4525146484375,410.9044494628906,727.137939453125,92.5267333984375,3095.802978515625,6861.36962890625
2021-12-21,3123.3603515625,643.7966918945312,674.6163940429688,430.6175231933594,2096.85791015625,692.9119262695312,1591.8372802734375,167.32041931152344,345.4404296875,1736.904541015625,775.414306640625,6985.66015625,103.5785140991211,121.87909698486328,1046.8065185546875,407.97723388671875,741.034423828125,95.29920959472656,3140.53955078125,7020.90625
2021-12-22,3131.715087890625,660.9292602539062,676.2072143554688,447.9215087890625,2101.2861328125,704.8877563476562,1603.3482666015625,166.92669677734375,350.5826110839844,1778.1995849609375,781.619873046875,7089.3681640625,103.87519073486328,123.06978607177734,1071.649169921875,416.987548828125,759.0713500976562,97.3473129272461,3160.07861328125,7068.71923828125
2021-12-23,3120.06640625,655.1380004882812,675.6925659179688,445.939697265625,2122.505126953125,703.4448852539062,1632.257080078125,171.09988403320312,353.2083740234375,1785.27978515625,789.4007568359375,7054.4169921875,105.57040405273438,127.22197723388672,1071.263916015625,422.43023681640625,754.2646484375,97.24382781982422,3187.887451171875,7033.60205078125
2021-12-24,3136.2021484375,653.4971313476562,673.259521484375,443.61962890625,2119.091796875,699.4048461914062,1637.4415283203125,171.65106201171875,347.79766845703125,1767.1748046875,775.8439331054688,6987.52197265625,102.77328491210938,125.42071533203125,1074.6837158203125,417.9937744140625,747.554443359375,96.19176483154297,3195.02392578125,6922.64453125
2021-12-27,3124.363037109375,652.2422485351562,678.827392578125,437.7227783203125,2123.19677734375,707.9658203125,1639.77001953125,171.29673767089844,352.7806701660156,1773.6375732421875,781.4766845703125,6961.1650390625,103.28185272216797,125.84808349609375,1073.5286865234375,418.99993896484375,755.8350830078125,96.73934936523438,3216.95703125,6942.0478515625
2021-12-28,3215.8291015625,656.3927001953125,683.5065307617188,442.89459228515625,2130.30126953125,707.7734375,1658.969482421875,173.26519775390625,353.0691223144531,1805.2860107421875,800.714111328125,6968.7568359375,105.18897247314453,125.54279327392578,1086.2783203125,421.8814392089844,775.8232421875,97.2265853881836,3226.052490234375,7096.3623046875
2021-12-29,3215.11328125,653.303955078125,680.2545166015625,439.12445068359375,2128.22509765625,707.6773071289062,1656.816650390625,170.66680908203125,350.940673828125,1800.866455078125,794.9857788085938,7018.9873046875,104.38375854492188,124.93219757080078,1088.1353759765625,415.6611633300781,798.3812255859375,96.26074981689453,3215.73876953125,7110.59130859375
2021-12-30,3213.4423828125,655.7169799804688,683.8341064453125,434.6776123046875,2145.523681640625,707.6773071289062,1663.23095703125,170.0762939453125,349.1602783203125,1792.1702880859375,791.7398071289062,6954.24169921875,107.56232452392578,125.39014434814453,1068.478759765625,413.19134521484375,794.2407836914062,94.94564819335938,3249.726318359375,7087.83447265625
2021-12-31,3229.912353515625,660.0122680664062,692.2093505859375,459.7152404785156,2177.39794921875,711.9578857421875,1658.749755859375,171.6904296875,357.28631591796875,1801.8646240234375,799.2342529296875,7091.94677734375,105.44326782226562,124.81007385253906,1072.57763671875,421.19537353515625,804.9487915039062,95.8468017578125,3253.72998046875,7273.57763671875
2022-01-03,3267.577392578125,667.2514038085938,711.0424194335938,462.1319580078125,2178.458984375,735.5726928710938,1668.1514892578125,172.5171661376953,362.92578125,1827.4776611328125,792.2171630859375,7185.0078125,106.7994613647461,125.17642974853516,1088.7467041015625,430.6629638671875,808.0421752929688,98.52012634277344,3322.837890625,7400.87158203125
2022-01-04,3302.80810546875,673.1875,715.2066040039062,460.2469177246094,2215.3154296875,743.4122314453125,1668.766845703125,173.42269897460938,368.5255126953125,1841.4486083984375,794.1742553710938,7286.423828125,112.64800262451172,128.59588623046875,1113.3175048828125,442.2802734375,797.334228515625,99.06771087646484,3381.150634765625,7330.3974609375
2022-01-05,3367.25439453125,675.648681640625,732.1913452148438,459.5218811035156,2228.73876953125,758.0332641601562,1620.878173828125,173.6588897705078,382.360595703125,1851.9505615234375,801.477783203125,7425.13134765625,111.88514709472656,127.40519714355469,1118.526123046875,450.4215087890625,794.8594360351562,101.55132293701172,3360.437255859375,7339.21240234375
2022-01-06,3355.654541015625,685.6869506835938,720.4470825195312,463.14703369140625,2206.22802734375,755.1475830078125,1597.285400390625,172.20225524902344,376.3431701660156,1829.0458984375,801.8118896484375,7527.07275390625,110.95276641845703,125.75652313232422,1094.47607421875,449.7812194824219,789.62451171875,100.31382751464844,3313.872802734375,7146.61865234375
2022-01-07,3414.51513671875,680.1852416992188,725.5003662109375,477.0675048828125,2229.0615234375,763.03515625,1594.209716796875,171.9660186767578,378.7998352050781,1810.4180908203125,791.453369140625,7549.89697265625,111.33419036865234,125.2985610961914,1103.30810546875,449.3695983886719,789.005859375,100.06375122070312,3353.952880859375,7241.8623046875
2022-01-10,3392.746826171875,680.426513671875,729.5242919921875,476.487548828125,2220.666259765625,779.86865234375,1626.2381591796875,175.82423400878906,387.4927978515625,1856.227294921875,803.8168334960938,7759.60546875,111.75800323486328,124.56584167480469,1104.2138671875,460.7124328613281,786.8643188476562,100.8139877319336,3376.88720703125,7267.92431640625
2022-01-11,3378.664306640625,678.9786987304688,732.6826171875,470.1556396484375,2217.52978515625,779.7724609375,1630.4998779296875,174.76123046875,385.2747802734375,1863.8780517578125,803.291748046875,7777.03369140625,112.1394271850586,124.4742202758789,1112.1627197265625,462.8163757324219,792.2896118164062,97.46804809570312,3408.263427734375,7288.189453125
2022-01-12,3383.4853515625,704.7981567382812,728.3545532226562,481.369384765625,2226.294189453125,792.3734741210938,1649.6990966796875,175.39117431640625,389.2135314941406,1876.28076171875,840.6686401367188,7802.72216796875,113.45323944091797,125.14588165283203,1141.851318359375,466.7497863769531,795.9065551757812,98.92974090576172,3359.5234375,7338.39892578125
2022-01-13,3299.896240234375,706.342529296875,714.9492797851562,490.60137939453125,2227.262451171875,793.2872924804688,1666.7020263671875,176.3360137939453,383.196044921875,1918.2886962890625,855.4188232421875,7713.2421875,114.3856201171875,127.0082778930664,1148.2828369140625,467.7560119628906,823.7946166992188,105.30687713623047,3392.5966796875,7288.66845703125
2022-01-14,3212.201171875,695.5320434570312,722.9737548828125,489.4896545410156,2180.673095703125,788.7662963867188,1695.30322265625,175.2730712890625,385.5533447265625,1943.3316650390625,841.2891235351562,7720.06982421875,114.72466278076172,126.85562896728516,1149.95849609375,465.0117492675781,818.3216552734375,104.65579986572266,3453.740478515625,7340.1708984375
2022-01-17,3225.806884765625,703.2537231445312,711.907958984375,489.1029968261719,2204.521240234375,788.0929565429688,1704.2220458984375,176.84786987304688,385.4041748046875,1966.7587890625,860.0013427734375,7893.20458984375,115.78417205810547,126.0007553100586,1155.9595947265625,470.1800537109375,812.08740234375,106.04850769042969,3498.128662109375,7540.95703125
2022-01-18,3221.08056640625,689.49951171875,715.5341186523438,479.4842529296875,2186.024169921875,791.7481689453125,1687.74658203125,173.81639099121094,386.33905029296875,1921.89990234375,851.7432250976562,7558.634765625,114.427978515625,125.26802062988281,1142.16845703125,463.5938720703125,805.9005737304688,103.03888702392578,3473.27978515625,7239.89697265625
2022-01-19,3132.001220703125,679.2200317382812,710.480712890625,487.99127197265625,2131.038818359375,777.800537109375,1640.560791015625,173.5014190673828,379.0783996582031,1920.6644287109375,853.8914184570312,7654.65625,114.25846099853516,124.96273040771484,1142.077880859375,471.8266296386719,798.0955810546875,104.31085968017578,3413.162353515625,7123.47900390625
2022-01-20,3156.8251953125,690.5130004882812,706.0591430664062,486.63787841796875,2086.663818359375,779.3877563476562,1602.469482421875,172.24160766601562,376.482421875,1904.1275634765625,840.620849609375,7674.37548828125,114.34321594238281,131.06887817382812,1122.0816650390625,467.8017272949219,780.4871215820312,104.0607681274414,3336.3486328125,7153.2783203125
2022-01-21,3126.702392578125,671.0640258789062,711.9546508789062,489.8280029296875,2145.33837890625,773.856689453125,1569.0792236328125,170.90306091308594,376.711181640625,1859.0311279296875,835.5609741210938,7820.72265625,113.66514587402344,131.34365844726562,1122.2626953125,459.8434143066406,769.779296875,100.87004852294922,3342.408935546875,7049.93896484375
2022-01-24,3012.41748046875,665.9000854492188,695.6016235351562,462.4703369140625,2107.697998046875,768.0372314453125,1526.111328125,166.76925659179688,364.2088623046875,1805.666015625,815.9893798828125,7689.6064453125,112.39373016357422,130.67198181152344,1076.9935302734375,452.0223083496094,762.259765625,94.79042053222656,3288.219970703125,6856.72265625
2022-01-25,3004.73095703125,687.0864868164062,696.2567138671875,469.57562255859375,2147.045166015625,771.115234375,1513.23828125,168.73773193359375,368.93328857421875,1829.8062744140625,815.7984619140625,8215.1201171875,114.68228149414062,133.6334991455078,1074.887451171875,470.7746887207031,769.113037109375,95.6441650390625,3286.955810546875,6801.4833984375
2022-01-27,2975.945068359375,682.646484375,690.1272583007812,472.86236572265625,2117.61572265625,764.3818969726562,1474.97119140625,168.97393798828125,375.8160095214844,1816.0728759765625,819.1876220703125,8422.9189453125,114.427978515625,131.19102478027344,1058.96728515625,483.8555603027344,772.9677734375,93.8547592163086,3181.761474609375,6803.73486328125
2022-01-28,2970.12158203125,690.8990478515625,684.6527709960938,474.0224609375,2106.729248046875,751.3961791992188,1481.6494140625,171.3361053466797,377.6163024902344,1803.4327392578125,830.2623291015625,8165.79833984375,118.79319763183594,128.3516387939453,1057.9483642578125,478.8244323730469,787.48291015625,93.53569030761719,3217.335693359375,6812.50244140625
2022-01-31,3009.6484375,703.9295043945312,695.1571655273438,472.76568603515625,2097.688232421875,758.7547607421875,1525.5838623046875,173.38333129882812,369.45050048828125,1814.504638671875,845.6807861328125,8210.05859375,120.4036865234375,131.52685546875,1080.933837890625,492.4084167480469,794.2883911132812,93.6133041381836,3257.61669921875,6914.59619140625
2022-02-01,3051.658447265625,697.8969116210938,700.4443969726562,493.98480224609375,2127.117919921875,779.4357299804688,1557.0850830078125,179.32809448242188,374.43353271484375,1891.7724609375,830.3099975585938,8173.86669921875,119.64083099365234,130.0308380126953,1077.3558349609375,486.919921875,848.77978515625,100.66739654541016,3313.766845703125,7201.90625
2022-02-02,3053.04248046875,699.8272094726562,716.4464721679688,496.8366394042969,2147.645263671875,782.7543334960938,1570.309326171875,182.79263305664062,386.4286193847656,1884.359130859375,829.975830078125,8131.705078125,119.64083099365234,130.67198181152344,1079.5523681640625,493.7805480957031,847.732666015625,100.68033599853516,3362.200439453125,7129.80322265625
2022-02-03,3058.1025390625,696.5455932617188,709.0302734375,495.5799255371094,2120.1982421875,778.13720703125,1527.6490478515625,184.6036376953125,379.7547302246094,1837.741943359375,817.4214477539062,8206.5732421875,119.20465087890625,129.02334594726562,1065.6026611328125,494.054931640625,840.974853515625,100.60272216796875,3334.64892578125,7066.89892578125
2022-02-04,3090.230224609375,695.1460571289062,713.07763671875,507.66375732421875,2127.99462890625,774.3858032226562,1529.8896484375,184.48553466796875,374.8114318847656,1851.332763671875,803.5781860351562,8165.4140625,117.06742095947266,128.0463104248047,1055.8875732421875,485.0904541015625,850.8738403320312,101.439208984375,3326.191162109375,7128.50927734375
2022-02-07,3031.08251953125,681.9225463867188,686.9454956054688,505.1985778808594,2082.7890625,756.4461669921875,1506.95556640625,181.25721740722656,363.7215270996094,1791.02978515625,791.9306640625,8128.26708984375,117.89615631103516,130.45826721191406,1049.4560546875,487.7889709472656,844.30615234375,102.0169906616211,3294.890380859375,7156.96728515625
2022-02-08,3070.848876953125,684.2391967773438,683.9977416992188,509.25872802734375,2089.015625,762.3137817382812,1508.9766845703125,182.08399963378906,361.60296630859375,1782.5712890625,794.365234375,8212.1123046875,117.76529693603516,128.26007080078125,1067.09716796875,486.0509033203125,851.0164794921875,105.17321014404297,3263.89404296875,7110.97509765625
2022-02-09,3082.3056640625,694.3255615234375,700.7251586914062,524.2425537109375,2101.2861328125,772.2214965820312,1526.55078125,181.2178497314453,365.0244445800781,1795.1165771484375,802.1461181640625,8546.3486328125,117.80890655517578,127.83261108398438,1079.5299072265625,489.618408203125,850.3929443359375,105.41036224365234,3278.8037109375,7190.21533203125
2022-02-10,3092.2353515625,698.8621215820312,713.5924072265625,529.0277709960938,2106.3603515625,774.818603515625,1554.932373046875,182.87139892578125,371.42974853515625,1806.71142578125,814.4141235351562,8408.833984375,119.03018951416016,129.48129272460938,1078.420166015625,494.46661376953125,857.9237060546875,107.65249633789062,3287.3486328125,7161.90234375
2022-02-11,3070.801025390625,690.2716674804688,710.6680908203125,524.6292724609375,2083.157470703125,760.678466796875,1512.535400390625,183.0288543701172,363.68170166015625,1778.4371337890625,814.9869995117188,8343.611328125,119.64080047607422,126.88616180419922,1076.314208984375,484.45013427734375,844.30126953125,108.17854309082031,3221.607421875,7017.31298828125
2022-02-14,3001.2470703125,665.70703125,689.5423583984375,503.8935241699219,2055.988037109375,724.9916381835938,1478.1346435546875,176.94302368164062,347.4893493652344,1709.7706298828125,787.6822509765625,7989.5595703125,115.58446502685547,123.25299835205078,1059.1712646484375,458.6542663574219,829.6715087890625,102.34899139404297,3255.436767578125,6792.6201171875
2022-02-15,3116.916259765625,686.7969360351562,710.1766967773438,516.073974609375,2112.7724609375,746.4903564453125,1527.38525390625,179.805419921875,360.66796875,1782.9991455078125,815.8939208984375,8234.314453125,118.07062530517578,124.22998046875,1095.1329345703125,480.059326171875,841.135498046875,104.15132141113281,3328.719970703125,6985.4052734375
2022-02-16,3105.697509765625,696.6903076171875,709.2174682617188,511.6754150390625,2109.451171875,734.9474487304688,1523.0357666015625,179.6038360595703,364.0397644042969,1768.410400390625,825.1068725585938,8196.3544921875,116.19509887695312,123.19445037841797,1092.8682861328125,472.64990234375,833.5089111328125,102.77586364746094,3324.62158203125,6878.66357421875
2022-02-17,3118.109619140625,692.057373046875,704.8894653320312,514.8173217773438,2128.87109375,721.7692260742188,1515.56689453125,179.52322387695312,361.50347900390625,1776.013427734375,823.1974487304688,8167.22998046875,115.80253601074219,123.63375854492188,1106.7049560546875,469.2196044921875,827.4652099609375,102.70256042480469,3299.423583984375,6751.27490234375
2022-02-18,3111.044189453125,687.7621459960938,707.6265869140625,511.9654846191406,2133.483642578125,720.37451171875,1499.88232421875,178.91848754882812,363.3435363769531,1789.69921875,813.4116821289062,8183.12890625,115.45362091064453,122.81791687011719,1098.0543212890625,471.3692321777344,827.8009033203125,102.68962860107422,3307.88134765625,6627.33447265625
2022-02-21,3104.5517578125,685.2525634765625,712.1886596679688,494.9515380859375,2117.1083984375,725.713134765625,1520.7510986328125,175.77391052246094,363.45294189453125,1771.4991455078125,803.0053100585938,8224.765625,115.10466766357422,124.35550689697266,1086.9576416015625,468.21337890625,809.5256958007812,101.91780853271484,3242.9248046875,6528.4990234375
2022-02-22,3081.159912109375,674.9248046875,706.8545532226562,499.01171875,2094.182373046875,722.68310546875,1523.958251953125,173.23406982421875,366.3671569824219,1752.9661865234375,814.6050415039062,8234.4111328125,115.23552703857422,124.35550689697266,1082.0208740234375,455.9100036621094,811.396484375,98.19673919677734,3126.96337890625,6467.27099609375
2022-02-23,3090.755126953125,679.8956298828125,702.2692260742188,501.4284362792969,2085.371337890625,716.23828125,1531.4271240234375,174.12098693847656,375.1894226074219,1730.0142822265625,811.7886352539062,8307.03515625,113.57807922363281,124.292724609375,1075.249755859375,456.1844787597656,806.0721435546875,98.22261047363281,3107.25830078125,6496.63916015625
2022-02-24,2930.212646484375,647.5610961914062,664.1353759765625,500.41339111328125,2003.2633056640625,680.4552612304688,1474.5760498046875,168.114013671875,357.0376892089844,1670.1865234375,759.757080078125,7840.34716796875,108.51853942871094,119.93103790283203,1021.6695556640625,432.3552551269531,784.967041015625,92.6172866821289,2965.880859375,6150.01904296875
2022-02-25,2978.093505859375,664.693603515625,681.3073120117188,516.1223754882812,2002.6170654296875,702.242431640625,1489.030517578125,172.50839233398438,369.3410949707031,1688.909423828125,771.0226440429688,7979.72314453125,113.7089614868164,123.82203674316406,1034.4420166015625,441.7771911621094,797.7260131835938,98.77021026611328,3069.7236328125,6295.4697265625
2022-02-28,3031.03515625,662.6183471679688,667.340576171875,554.6454467773438,2003.9091796875,714.4107055664062,1507.483154296875,174.0403289794922,366.5660705566406,1726.640380859375,755.0311889648438,7939.66357421875,116.45680236816406,131.25892639160156,1068.682373046875,442.0058898925781,809.5737915039062,105.27238464355469,3098.88818359375,6293.2177734375
2022-03-02,2891.92626953125,650.79443359375,643.0098266601562,580.1180419921875,1982.6900634765625,687.6214599609375,1496.2357177734375,173.5968780517578,359.25567626953125,1695.9898681640625,743.0972900390625,7462.23193359375,114.23233032226562,132.35719299316406,1086.3463134765625,433.8188781738281,787.5092163085938,111.18817138671875,3091.869140625,6131.71630859375
2022-03-03,2741.98095703125,648.6709594726562,641.4891967773438,586.111572265625,1929.0887451171875,671.7018432617188,1512.095947265625,176.90274047851562,356.5204772949219,1665.3870849609375,727.53564453125,7253.4296875,115.23552703857422,136.71885681152344,1077.174560546875,427.5528564453125,787.5092163085938,112.39115905761719,3090.34375,5730.576171875
2022-03-04,2614.28125,630.9594116210938,639.3836669921875,564.3607788085938,1863.1253662109375,661.84228515625,1514.2489013671875,181.8211669921875,348.54364013671875,1626.848388671875,699.133056640625,6920.8662109375,113.57807922363281,134.961669921875,1053.283203125,422.5674743652344,795.9033813476562,110.13177490234375,3072.8623046875,5797.2646484375
2022-03-07,2585.925048828125,651.904541015625,619.8722534179688,599.1137084960938,1793.42529296875,628.8487548828125,1528.7911376953125,181.37770080566406,340.5369567871094,1553.382080078125,659.27392578125,6464.1572265625,113.4472427368164,133.5496063232422,1014.3323974609375,402.7632141113281,789.1881103515625,111.40807342529297,3038.466064453125,5459.79443359375
2022-03-08,2600.198974609375,659.2400512695312,621.2759399414062,570.3059692382812,1798.084228515625,639.6702270507812,1562.489013671875,182.94998168945312,342.764892578125,1576.2393798828125,668.91650390625,6499.7294921875,116.67487335205078,133.26718139648438,1012.4979858398438,402.7632141113281,820.2222290039062,109.47638702392578,3138.77734375,5589.48388671875
2022-03-09,2744.89306640625,667.4443969726562,641.5593872070312,568.46923828125,1843.1978759765625,642.0269775390625,1593.3751220703125,184.84481811523438,345.94769287109375,1607.0797119140625,701.5675659179688,6710.345703125,114.71212768554688,130.59994506835938,1066.214111328125,413.19134521484375,832.93310546875,108.25614929199219,3167.2451171875,5765.69287109375
2022-03-10,2781.031005859375,673.4769897460938,651.6425170898438,574.0277709960938,1939.190673828125,650.828369140625,1604.4027099609375,187.0621337890625,348.9812316894531,1642.482177734375,705.3864135742188,6886.96484375,115.97701263427734,131.0706329345703,1083.4927978515625,428.7420349121094,834.1802978515625,112.85681915283203,3157.087646484375,5799.419921875
2022-03-11,2799.362060546875,670.6778564453125,653.5609741210938,569.4842529296875,1932.2255859375,652.078857421875,1600.9757080078125,190.56954956054688,350.7019348144531,1642.909912109375,701.519775390625,6782.63525390625,115.10466766357422,133.32992553710938,1086.6180419921875,430.25140380859375,865.3104858398438,112.25318145751953,3138.07958984375,5769.1904296875
2022-03-14,2828.7685546875,676.034912109375,674.9673461914062,571.127685546875,1899.8436279296875,669.6337890625,1661.341796875,192.7062530517578,355.8242492675781,1660.112060546875,709.5393676757812,6987.18798828125,115.27914428710938,133.92613220214844,1095.54052734375,443.78961181640625,855.9570922851562,111.84786224365234,3176.312744140625,5783.46728515625
2022-03-15,2852.017333984375,678.640869140625,666.2877807617188,541.111572265625,1880.3773193359375,670.7880249023438,1616.17724609375,191.7789764404297,344.8834228515625,1656.975830078125,726.7241821289062,7085.88232421875,114.31957244873047,131.57269287109375,1070.44873046875,444.4299621582031,855.3814086914062,106.3934555053711,3133.502197265625,5769.43017578125
2022-03-16,2904.38623046875,687.2312622070312,677.5875854492188,553.6303100585938,1911.6982421875,681.0324096679688,1660.199462890625,195.60894775390625,350.20465087890625,1669.093505859375,738.6102294921875,7148.62353515625,115.80253601074219,131.38441467285156,1088.5203857421875,450.7417297363281,853.0310668945312,109.1098861694336,3187.5595703125,6042.1748046875
2022-03-17,2994.70654296875,697.7520751953125,692.5135498046875,557.5938110351562,1939.283203125,692.67138671875,1629.62109375,197.4634552001953,362.04058837890625,1699.22119140625,758.4204711914062,7346.49072265625,115.93340301513672,132.76510620117188,1124.0064697265625,459.1116638183594,874.5199584960938,112.40409088134766,3202.251220703125,6107.04345703125
2022-03-21,2907.966064453125,683.5634765625,695.5313720703125,570.3059692382812,1892.3707275390625,683.6776733398438,1628.259033203125,197.14089965820312,353.50677490234375,1669.1885986328125,748.0140991210938,7358.47509765625,115.93340301513672,128.5916748046875,1117.52978515625,448.7750244140625,876.6304321289062,112.36096954345703,3162.1005859375,5932.31982421875
2022-03-22,2913.121826171875,694.2290649414062,699.11083984375,573.689453125,1839.138671875,690.8438720703125,1658.4422607421875,201.37399291992188,359.6236877441406,1686.0582275390625,750.0189819335938,7416.8232421875,115.88977813720703,130.9764862060547,1146.4033203125,451.6107177734375,876.918212890625,112.279052734375,3226.838623046875,5951.81884765625
2022-03-23,2880.325927734375,680.426513671875,692.1392211914062,588.18994140625,1825.34619140625,690.9401245117188,1645.26171875,203.1881866455078,352.0447082519531,1679.5953369140625,739.0398559570312,7300.50927734375,116.41317749023438,131.8551025390625,1150.0491943359375,448.82073974609375,864.1593017578125,114.77989196777344,3236.82177734375,5973.2822265625
2022-03-24,2888.489013671875,681.7777099609375,675.01416015625,601.2403564453125,1813.67578125,677.377197265625,1657.8270263671875,205.48614501953125,340.9845275878906,1683.6822509765625,730.9725952148438,7216.56884765625,118.11421966552734,132.26303100585938,1167.91650390625,445.5733642578125,871.8817749023438,116.46578979492188,3269.474609375,6086.20361328125
2022-03-25,2909.112060546875,684.6734619140625,669.5162963867188,601.9654541015625,1801.774658203125,672.61572265625,1648.908447265625,204.27667236328125,342.59588623046875,1664.2464599609375,730.1133422851562,7081.4423828125,117.54722595214844,131.57269287109375,1175.7069091796875,448.8664855957031,865.646240234375,115.46546173095703,3232.506103515625,6048.69091796875
2022-03-28,2890.494140625,707.5489501953125,670.4053344726562,609.2157592773438,1822.163330078125,683.2928466796875,1646.5799560546875,207.260009765625,343.1826477050781,1655.217529296875,734.4096069335938,7140.5537109375,117.59082794189453,133.2357940673828,1187.5283203125,455.08673095703125,869.0518188476562,115.46546173095703,3232.72412109375,6093.96484375
2022-03-29,2904.959228515625,728.6871337890625,679.2953491210938,610.279052734375,1833.1878662109375,688.0543212890625,1657.212158203125,205.28457641601562,344.137451171875,1660.0172119140625,738.3237915039062,7104.07421875,117.19828796386719,132.6082305908203,1187.7999267578125,452.7998962402344,881.9546508789062,115.09465026855469,3230.6748046875,6253.64501953125
2022-03-30,2942.14697265625,723.4266967773438,691.06298828125,579.8279418945312,1859.80419921875,703.0601806640625,1672.984375,200.93052673339844,350.7218322753906,1685.6304931640625,757.4180297851562,7256.3427734375,118.02700805664062,136.2481689453125,1210.627197265625,452.1595458984375,883.15380859375,112.80077362060547,3253.51904296875,6364.8896484375
2022-03-31,2940.619140625,728.6871337890625,687.9749145507812,550.536865234375,1890.01806640625,702.48291015625,1675.5328369140625,202.09967041015625,348.88177490234375,1679.9755859375,770.0202026367188,7220.72265625,117.76529693603516,136.05992126464844,1193.325439453125,451.47344970703125,877.5418701171875,112.72747039794922,3260.843017578125,6326.17919921875
2022-04-01,2973.27197265625,732.1135864257812,704.6554565429688,551.503662109375,1917.2337646484375,708.2063598632812,1672.63330078125,204.23638916015625,353.417236328125,1701.3121337890625,789.1143188476562,7353.22265625,124.70037841796875,141.2374725341797,1202.882080078125,464.87457275390625,871.7379150390625,113.58120727539062,3277.234375,6391.57470703125
2022-04-04,2976.947998046875,741.0901489257812,775.2146606445312,567.9375610351562,1963.638916015625,718.162109375,1654.531982421875,205.9699249267578,365.2333068847656,1735.76416015625,795.9404907226562,7424.6064453125,125.8780288696289,142.7122802734375,1206.4373779296875,468.7165222167969,888.3822021484375,115.71985626220703,3287.3486328125,6461.85693359375
2022-04-05,2998.716552734375,739.9318237304688,752.4981079101562,567.3091430664062,1974.110107421875,713.5448608398438,1635.3326416015625,209.19512939453125,358.4997253417969,1744.9830322265625,798.661376953125,7412.23974609375,130.0652313232422,146.25811767578125,1189.3851318359375,465.97222900390625,891.3082885742188,115.97856903076172,3326.10400390625,6444.849609375
2022-04-06,3011.3193359375,748.6669921875,725.6407470703125,561.8956298828125,1976.18603515625,713.3526000976562,1606.994873046875,209.31610107421875,353.96429443359375,1760.90234375,790.3554077148438,7395.38525390625,133.46734619140625,148.51744079589844,1186.214599609375,470.1343688964844,890.3489379882812,118.20775604248047,3274.27001953125,6454.43115234375
2022-04-07,3012.274169921875,735.8780517578125,709.6854248046875,555.612060546875,1997.17431640625,720.037841796875,1591.31005859375,206.93746948242188,351.38824462890625,1735.716552734375,796.5133056640625,7296.35546875,133.9034881591797,145.1912384033203,1165.2900390625,471.0491027832031,893.0828857421875,116.37525177001953,3212.191162109375,6454.91015625
2022-04-08,3061.20556640625,735.5884399414062,708.7027587890625,562.3789672851562,2014.01123046875,725.5687866210938,1594.4735107421875,215.92774963378906,354.9787902832031,1739.94580078125,818.5670776367188,7217.52392578125,132.63861083984375,145.9757080078125,1184.6748046875,472.10101318359375,886.9911499023438,118.20775604248047,3213.498779296875,6551.06396484375
2022-04-11,3014.613037109375,731.6792602539062,700.046630859375,557.1588134765625,1995.56005859375,730.6668701171875,1552.2525634765625,215.68588256835938,354.76995849609375,1693.1385498046875,818.0419921875,7224.6376953125,133.55459594726562,144.9088134765625,1182.2064208984375,471.0033874511719,887.758544921875,117.09963989257812,3222.87158203125,6571.904296875
2022-04-12,2987.1162109375,715.8497924804688,698.8067626953125,524.2909545898438,1967.1448974609375,734.7550659179688,1531.07568359375,213.50885009765625,358.43011474609375,1661.0150146484375,821.8130493164062,7275.2021484375,133.118408203125,146.2895050048828,1159.9454345703125,469.1280822753906,883.8253784179688,113.85284423828125,3218.25048828125,6492.18310546875
2022-04-13,2941.287353515625,714.8847045898438,685.4481811523438,528.5444946289062,1985.5032958984375,733.2160034179688,1536.4359130859375,217.33877563476562,354.00408935546875,1673.46533203125,826.8729858398438,7133.0576171875,134.29605102539062,144.0302276611328,1155.68798828125,473.5646667480469,898.64697265625,113.78817749023438,3192.8349609375,6448.5859375
2022-04-18,2884.861083984375,704.1224975585938,652.9292602539062,527.1910400390625,2009.029541015625,728.9354858398438,1424.7103271484375,217.78225708007812,348.19549560546875,1652.1287841796875,834.5106201171875,7232.37255859375,142.36514282226562,145.0343475341797,1152.155029296875,466.0636901855469,889.7731323242188,115.4783935546875,3076.087646484375,6361.9189453125
2022-04-19,2855.8837890625,698.3312377929688,628.013671875,522.79248046875,1949.4315185546875,737.1117553710938,1372.5159912109375,210.88836669921875,339.6617126464844,1621.145751953125,832.9832153320312,7100.20703125,140.14071655273438,142.99468994140625,1196.065673828125,468.1676330566406,884.4970092773438,114.40045166015625,3027.13134765625,6310.2734375
2022-04-20,2943.53173828125,713.6298217773438,633.6752319335938,526.8526611328125,1997.3128662109375,726.7711791992188,1395.09814453125,209.2757568359375,342.4068298339844,1607.6976318359375,841.3368530273438,7321.37548828125,140.0098419189453,142.4612579345703,1231.234619140625,465.8807678222656,885.9359130859375,113.33543395996094,3101.1552734375,6522.4619140625
2022-04-21,3015.376953125,710.1549682617188,643.056640625,522.2608642578125,2027.7572021484375,733.3121948242188,1422.4256591796875,209.96112060546875,350.2742614746094,1629.4617919921875,869.7394409179688,7524.30419921875,141.92898559570312,142.61814880371094,1260.0631103515625,472.28399658203125,905.6980590820312,112.29197692871094,3163.80126953125,6560.166015625
2022-04-22,3021.248779296875,713.0507202148438,634.2835693359375,497.02996826171875,1962.2547607421875,719.172119140625,1393.121337890625,210.52552795410156,343.68988037109375,1610.3111572265625,878.9524536132812,7548.4638671875,139.96624755859375,141.48849487304688,1249.510009765625,457.9224548339844,887.18310546875,110.17058563232422,3149.763916015625,6462.048828125
2022-04-25,2988.978271484375,713.6298217773438,639.03271484375,479.0009460449219,1938.0841064453125,723.548828125,1371.7249755859375,205.80865478515625,343.90869140625,1575.146484375,863.0565185546875,7555.9609375,136.17161560058594,139.85679626464844,1220.61376953125,452.57122802734375,863.3917846679688,105.2378921508789,3093.65673828125,6319.232421875
2022-04-26,2984.251708984375,729.9901733398438,641.9805297851562,477.01922607421875,1981.998291015625,725.0397338867188,1389.211181640625,208.79197692871094,346.6637878417969,1615.6334228515625,897.5692749023438,7550.61279296875,136.95668029785156,145.34814453125,1257.1417236328125,462.40472412109375,880.70751953125,106.38052368164062,3092.000244140625,6381.65771484375
2022-04-27,3005.925048828125,726.3223876953125,642.21435546875,475.907470703125,1979.0,708.6392211914062,1364.4317626953125,207.6228485107422,346.4250793457031,1593.869384765625,884.87158203125,7437.59375,135.7790069580078,143.90469360351562,1258.364501953125,454.8580322265625,869.24365234375,107.51020812988281,3104.991455078125,6274.5810546875
2022-04-28,3100.780029296875,721.3514404296875,641.6529541015625,472.3306884765625,2068.258056640625,718.6911010742188,1390.616943359375,210.52552795410156,351.2290954589844,1633.9761962890625,881.1005249023438,7532.8505859375,139.31198120117188,147.8584747314453,1277.1607666015625,464.23419189453125,883.5376586914062,108.7304458618164,3125.1318359375,6340.21630859375
2022-04-29,3090.755126953125,713.2919921875,647.8525390625,466.5788269042969,2061.800048828125,714.98779296875,1377.3927001953125,209.2757568359375,356.2220764160156,1610.3111572265625,880.3367309570312,7370.17333984375,136.25880432128906,142.9319305419922,1263.7542724609375,453.9890441894531,890.8765869140625,109.61005401611328,3092.348876953125,6352.9599609375
2022-05-02,3055.238525390625,715.5602416992188,656.7894897460938,468.2705383300781,2057.787109375,712.7755126953125,1354.0634765625,212.17845153808594,352.9597473144531,1596.1502685546875,879.62060546875,7290.8642578125,137.39283752441406,145.31675720214844,1259.315673828125,449.140869140625,885.8400268554688,111.6926498413086,3088.599853515625,6399.67138671875
2022-05-04,2960.57373046875,697.26953125,634.4705810546875,446.2780456542969,2003.4019775390625,696.6635131835938,1349.274658203125,209.43699645996094,353.2083740234375,1552.906982421875,855.5142822265625,7064.6826171875,138.39602661132812,149.11363220214844,1220.0023193359375,438.75848388671875,864.2552490234375,108.77356719970703,3033.9755859375,6249.189453125
2022-05-05,2937.373046875,693.939453125,633.0436401367188,446.229736328125,1998.8348388671875,701.0401611328125,1392.857666015625,211.29150390625,357.5846862792969,1556.4234619140625,858.3306884765625,7073.9931640625,138.17794799804688,146.69744873046875,1196.1109619140625,439.07867431640625,842.4306030273438,110.74836730957031,3063.314697265625,6089.89208984375
2022-05-06,2879.80078125,685.5421142578125,616.5033569335938,428.97412109375,1982.7822265625,691.8538208007812,1355.6890869140625,215.00050354003906,353.1487121582031,1541.9774169921875,853.3662109375,6951.376953125,138.70135498046875,149.61569213867188,1186.9393310546875,442.69189453125,847.3710327148438,110.700927734375,2992.86572265625,5940.89599609375
2022-05-09,2869.298583984375,686.7486572265625,617.55615234375,429.3124694824219,1952.752685546875,683.2928466796875,1379.8529052734375,212.0171661376953,351.59710693359375,1535.989990234375,854.75048828125,7028.77587890625,138.70135498046875,153.8518829345703,1140.583251953125,435.32818603515625,849.3856811523438,107.98881530761719,3003.76513671875,5964.27490234375
2022-05-10,2946.729248046875,694.6151123046875,627.4756469726562,408.9150695800781,2011.56640625,684.2066650390625,1364.607666015625,209.43699645996094,357.49517822265625,1528.196533203125,848.115234375,7177.36767578125,135.60455322265625,152.91049194335938,1120.8133544921875,434.6878967285156,826.7935791015625,100.45611572265625,2998.22802734375,6100.19287109375
2022-05-11,2915.5087890625,697.7037963867188,631.0082397460938,408.4800109863281,1995.9749755859375,686.9962768554688,1341.5419921875,206.13119506835938,360.0414123535156,1492.8892822265625,846.8742065429688,7063.2978515625,133.0747833251953,150.1177520751953,1109.331787109375,435.92279052734375,820.0303955078125,100.52510833740234,2974.905029296875,6075.0400390625
2022-05-12,2902.4287109375,680.8609008789062,616.784423828125,392.3360900878906,1973.1876220703125,669.2969970703125,1325.76953125,203.91384887695312,350.28424072265625,1450.453857421875,826.0615844726562,6926.9296875,129.58541870117188,148.04673767089844,1086.7313232421875,423.2077941894531,815.4256591796875,96.38578796386719,2971.983642578125,5926.7626953125
2022-05-13,2925.390869140625,665.9000854492188,611.2462768554688,375.0804443359375,2024.20556640625,651.5497436523438,1321.9033203125,208.50975036621094,353.994140625,1458.3896484375,849.2132568359375,6782.06298828125,125.74717712402344,148.2977752685547,1099.0506591796875,406.74237060546875,846.6036987304688,94.60070037841797,2977.432861328125,5937.39794921875
2022-05-16,2864.1904296875,669.0852661132812,617.7547607421875,377.9322509765625,2045.56298828125,656.984619140625,1308.459228515625,204.8813934326172,360.6182861328125,1466.373046875,862.4359130859375,6921.15283203125,129.32374572753906,147.60743713378906,1099.3223876953125,416.2099609375,849.5775146484375,95.1612319946289,2944.21484375,5761.3330078125
2022-05-17,2912.024169921875,682.4535522460938,621.9674682617188,414.1352233886719,2071.16455078125,682.9561157226562,1334.2490234375,213.42820739746094,366.0787353515625,1524.5374755859375,869.5485229492188,7193.50634765625,131.28648376464844,149.7725830078125,1145.497314453125,427.46136474609375,855.4774169921875,102.50853729248047,3009.431884765625,5852.31201171875
2022-05-18,2959.857666015625,671.9326171875,621.920166015625,421.578857421875,2113.971435546875,680.4071044921875,1326.1209716796875,215.12144470214844,367.3717041015625,1494.5048828125,871.9352416992188,7225.73583984375,129.54183959960938,143.0260772705078,1149.6641845703125,418.9542541503906,862.576416015625,101.77983856201172,3006.990966796875,5973.04248046875
2022-05-19,2909.06396484375,650.79443359375,609.2109375,403.11480712890625,2089.2001953125,664.0066528320312,1254.0245361328125,222.25721740722656,354.75994873046875,1471.1724853515625,842.5780029296875,7071.03271484375,129.1056671142578,143.27711486816406,1123.1683349609375,409.3493957519531,848.6181640625,96.76953125,2844.076416015625,5818.63232421875
2022-05-20,2969.26220703125,663.9696044921875,625.2572021484375,414.8119812011719,2145.845703125,682.5233154296875,1278.6279296875,225.76467895507812,363.8607482910156,1530.23974609375,862.8655395507812,7244.88330078125,130.50140380859375,143.74781799316406,1188.6605224609375,422.9791259765625,878.4052734375,100.9476547241211,2871.149169921875,5872.337890625
2022-05-23,3030.605224609375,661.9909057617188,617.2340698242188,399.3930358886719,2195.526611328125,683.9662475585938,1290.2705078125,221.32998657226562,368.8636779785156,1562.60107421875,899.2399291992188,7541.73193359375,130.98117065429688,140.9550323486328,1180.7117919921875,421.60699462890625,884.5448608398438,88.2149429321289,2896.21630859375,5668.8681640625
2022-05-24,2947.20703125,654.6071166992188,624.3104248046875,387.4542236328125,2130.808349609375,681.1766357421875,1266.1943359375,218.38694763183594,374.4931945800781,1545.636474609375,903.9657592773438,7451.20166015625,128.14610290527344,142.4612579345703,1184.765380859375,422.658935546875,872.8890380859375,86.7834243774414,2866.789794921875,5622.63671875
2022-05-25,2709.662109375,664.2592163085938,628.9728393554688,383.6357727050781,2120.7060546875,686.1785888671875,1239.350341796875,219.87864685058594,379.4563293457031,1496.643310546875,886.3513793945312,7436.49560546875,133.16204833984375,141.11195373535156,1183.0216064453125,421.8692932128906,874.13623046875,86.15821838378906,2780.461181640625,5549.958984375
2022-05-26,2711.66748046875,669.5196533203125,646.9124145507812,394.2695007324219,2103.638671875,700.7515258789062,1251.2125244140625,220.283935546875,379.6751708984375,1486.9493408203125,887.68798828125,7453.44580078125,134.47052001953125,142.58677673339844,1171.743896484375,435.6188049316406,863.3439331054688,90.7200927734375,2832.512939453125,5628.57763671875
2022-05-27,2706.60693359375,660.5914306640625,658.9114990234375,395.5262145996094,2150.136474609375,711.62109375,1284.07568359375,222.34884643554688,387.14471435546875,1520.9261474609375,909.6939697265625,7585.1826171875,131.2428741455078,141.01779174804688,1166.308837890625,435.665283203125,867.1332397460938,89.9870834350586,2862.66455078125,5699.24267578125
2022-05-30,2715.34326171875,674.7318115234375,663.408203125,402.8731689453125,2167.0654296875,719.98974609375,1341.5860595703125,222.2249298095703,378.5910339355469,1578.472900390625,953.13330078125,7652.9365234375,131.6354217529297,143.24571228027344,1206.935791015625,440.9142761230469,852.1676635742188,90.32772827148438,2962.68603515625,5847.42529296875
2022-05-31,2730.284912109375,675.8417358398438,657.4441528320312,408.4800109863281,2171.032470703125,724.1740112304688,1335.1925048828125,223.54647827148438,367.38165283203125,1572.4378662109375,987.502685546875,7607.5283203125,136.08433532714844,146.16400146484375,1192.374267578125,434.8756408691406,825.5944213867188,91.03485107421875,2953.118896484375,5828.2138671875
2022-06-01,2723.458740234375,670.4848022460938,660.2368774414062,396.97625732421875,2129.701171875,723.9817504882812,1312.9481201171875,224.5376434326172,371.0119934082031,1566.2601318359375,999.9140014648438,7581.7919921875,136.78221130371094,143.84193420410156,1192.75927734375,435.0613708496094,805.1128540039062,91.71611785888672,2945.0869140625,5725.73681640625
2022-06-02,2776.97314453125,671.7396240234375,655.6218872070312,396.251220703125,2107.882568359375,721.192138671875,1339.099609375,225.90049743652344,369.5300598144531,1555.9483642578125,997.2408447265625,7568.42236328125,138.74497985839844,141.55126953125,1233.8843994140625,436.50140380859375,824.587158203125,93.26836395263672,3004.599609375,5756.58984375
2022-06-03,2756.30224609375,662.6183471679688,653.3497924804688,393.20611572265625,2114.47900390625,715.94970703125,1351.2652587890625,225.23971557617188,369.72900390625,1570.109375,982.0609130859375,7357.998046875,135.2119598388672,141.83364868164062,1258.88525390625,431.5311584472656,829.9113159179688,92.03949737548828,3019.653076171875,5441.349609375
2022-06-06,2689.993896484375,659.19189453125,652.47412109375,395.5262145996094,2103.915283203125,718.3064575195312,1358.6800537109375,226.97422790527344,371.8475036621094,1558.8470458984375,989.0302124023438,7363.24951171875,135.386474609375,141.08056640625,1253.4730224609375,430.7879333496094,824.8270263671875,92.9708480834961,3011.57763671875,5347.92724609375
2022-06-07,2620.535400390625,661.4600830078125,644.9717407226562,390.74102783203125,2040.3507080078125,707.2445068359375,1337.9453125,226.2308807373047,369.6295166015625,1510.6142578125,995.3314819335938,7457.6474609375,137.1747589111328,141.20608520507812,1255.828125,430.5091857910156,813.7467651367188,92.14297485351562,2951.669677734375,5322.87109375
2022-06-08,2582.822021484375,640.2254028320312,647.2437744140625,390.0643615722656,2026.9271240234375,701.7134399414062,1331.9957275390625,221.2751007080078,367.1131896972656,1505.957275390625,997.67041015625,7536.95751953125,137.00030517578125,140.9236602783203,1233.7711181640625,437.8484802246094,812.7874755859375,93.71678924560547,2988.053955078125,5300.4970703125
2022-06-09,2580.03759765625,652.8214111328125,652.1190795898438,386.4391784667969,2027.5267333984375,704.8396606445312,1345.3155517578125,223.71165466308594,371.0319519042969,1515.98388671875,997.7658081054688,7572.67236328125,135.3428497314453,141.11195373535156,1267.6041259765625,433.8072509765625,823.9155883789062,90.10350799560547,3008.1982421875,5252.6357421875
2022-06-10,2601.115234375,649.9258422851562,639.5282592773438,372.9053649902344,2029.55615234375,692.5753173828125,1311.3941650390625,223.1334991455078,356.4309387207031,1506.479736328125,989.555419921875,7577.68603515625,135.43008422851562,140.86090087890625,1229.33251953125,429.0692138671875,811.3005981445312,88.27962493896484,2949.212158203125,5280.56689453125
2022-06-13,2555.022705078125,647.9470825195312,627.9315185546875,354.248046875,2026.788818359375,661.7941284179688,1264.951904296875,218.59072875976562,345.5995788574219,1456.061279296875,958.8137817382812,7545.69482421875,129.89076232910156,139.54298400878906,1206.074951171875,414.2048645019531,795.759521484375,85.54163360595703,2826.061279296875,5132.1455078125
2022-06-14,2530.6796875,658.3231811523438,621.020751953125,346.369384765625,2002.8944091796875,659.389404296875,1279.2044677734375,219.25148010253906,346.0670471191406,1468.0362548828125,973.0866088867188,7459.79638671875,132.07159423828125,140.54713439941406,1190.3134765625,416.2951354980469,791.4905395507812,85.90381622314453,2818.117919921875,5201.5654296875
2022-06-15,2555.406494140625,658.3713989257812,618.8670043945312,345.5960388183594,1997.8218994140625,661.07275390625,1262.9093017578125,217.55825805664062,345.4603271484375,1482.9576416015625,979.0535888671875,7499.71435546875,129.23651123046875,139.48025512695312,1175.910888671875,419.3144836425781,788.8523559570312,87.2126235961914,2814.38720703125,5226.04638671875
2022-06-16,2551.853515625,631.4420166015625,606.4892578125,324.9085998535156,1997.961669921875,652.6560668945312,1240.70947265625,215.3281707763672,333.3558044433594,1451.6419677734375,959.720703125,7480.7578125,124.70037841796875,135.7775115966797,1159.4698486328125,410.2565002441406,781.4654541015625,81.9546890258789,2757.9462890625,5083.37451171875
2022-06-17,2477.6728515625,621.259033203125,610.489013671875,322.58856201171875,1964.22314453125,660.6879272460938,1231.91845703125,217.4756622314453,332.918212890625,1416.04931640625,952.4650268554688,7341.85888671875,122.51953887939453,132.63958740234375,1173.0572509765625,409.6990966796875,761.1278076171875,82.40913391113281,2711.3369140625,4960.775390625
2022-06-20,2554.974853515625,618.6046752929688,625.8251342773438,310.79473876953125,2043.7520751953125,659.8223266601562,1255.7611083984375,218.1364288330078,334.0321960449219,1398.7996826171875,938.1920776367188,7315.884765625,119.72805786132812,130.69407653808594,1151.79296875,403.8462219238281,772.5437622070312,78.29186248779297,2731.964599609375,5110.2509765625
2022-06-21,2571.92333984375,631.5383911132812,632.6412963867188,327.9537048339844,2052.221923828125,669.5856323242188,1287.507080078125,222.927001953125,334.4896545410156,1425.885986328125,952.7514038085938,7430.1455078125,122.08335876464844,132.01199340820312,1170.38525390625,418.757080078125,784.1995849609375,80.41867065429688,2819.3466796875,5192.27099609375
2022-06-22,2560.400146484375,620.4867553710938,629.6591796875,305.9129333496094,2050.22119140625,660.4474487304688,1276.2738037109375,219.12759399414062,332.14239501953125,1405.4049072265625,939.2422485351562,7432.19775390625,120.07696533203125,132.20025634765625,1134.831298828125,415.8771057128906,776.3810424804688,76.17414855957031,2829.001953125,5183.69580078125
2022-06-23,2648.60009765625,637.2333374023438,631.978515625,307.0246276855469,2096.52392578125,672.51953125,1289.7713623046875,219.29278564453125,335.0069274902344,1420.18359375,981.1539306640625,7898.4560546875,119.07379913330078,130.88232421875,1116.419921875,419.3609313964844,791.3466186523438,76.46498107910156,2904.3583984375,5184.0302734375
2022-06-24,2651.192626953125,647.8506469726562,640.806396484375,311.568115234375,2144.26953125,686.2747802734375,1279.692626953125,219.58187866210938,337.8514709472656,1420.7061767578125,1023.495361328125,7986.50341796875,119.1610336303711,131.1333770751953,1132.3175048828125,422.0086669921875,791.0587158203125,77.51476287841797,2890.577392578125,5239.6044921875
2022-06-27,2708.85693359375,660.1570434570312,641.9659423828125,318.9634094238281,2159.859130859375,690.0262451171875,1309.4405517578125,222.96829223632812,336.48883056640625,1459.625244140625,1033.6629638671875,8068.19970703125,120.8184585571289,132.76510620117188,1128.9658203125,428.46539306640625,801.6593017578125,78.87809753417969,2909.537353515625,5327.70947265625
2022-06-28,2618.160400390625,657.4544677734375,637.0670166015625,332.1105651855469,2157.06689453125,683.2447509765625,1314.369140625,224.5376434326172,331.96337890625,1474.546630859375,1061.6358642578125,8107.30615234375,120.90571594238281,131.98062133789062,1144.840576171875,431.298828125,794.8960571289062,79.8824234008789,2912.5654296875,5339.6865234375
2022-06-29,2590.6005859375,663.8731079101562,636.1438598632812,332.6905822753906,2078.700439453125,675.9823608398438,1299.3616943359375,226.35475158691406,326.72174072265625,1471.125,1061.397216796875,8125.64111328125,123.653564453125,132.482666015625,1168.5960693359375,426.514404296875,804.585205078125,80.12782287597656,2888.294921875,5383.33154296875
2022-06-30,2588.10400390625,661.122314453125,638.06103515625,327.37371826171875,2076.048583984375,680.2628173828125,1298.1630859375,225.90049743652344,330.431640625,1480.961669921875,1043.6396484375,8089.208984375,124.65673828125,132.9847412109375,1175.6163330078125,432.831787109375,796.814697265625,78.80538177490234,2867.75537109375,5372.7919921875
2022-07-01,2662.956298828125,650.0223388671875,640.7826538085938,329.7904357910156,2124.212646484375,677.0885620117188,1313.7030029296875,234.86215209960938,331.7544860839844,1494.1722412109375,1057.1964111328125,8024.12841796875,122.6939926147461,129.59579467773438,1090.943359375,433.7143249511719,795.51953125,79.33253479003906,2909.88818359375,5453.66259765625
2022-07-04,2679.424560546875,658.1783447265625,641.6820068359375,329.162109375,2210.62939453125,692.67138671875,1321.339599609375,241.09817504882812,332.381103515625,1503.2484130859375,1041.77783203125,8063.04248046875,123.3482437133789,132.23162841796875,1093.2080078125,439.8459167480469,795.66357421875,77.66926574707031,2839.622802734375,5470.28662109375
2022-07-05,2656.66650390625,660.6396484375,640.2383422851562,333.75390625,2235.107421875,692.0462646484375,1310.6392822265625,236.9683074951172,330.8195495605469,1487.281982421875,1032.9468994140625,7972.65625,122.86846923828125,134.3968048095703,1102.0625,438.6381530761719,801.8031616210938,78.1782455444336,2823.164794921875,5490.31298828125
2022-07-06,2747.699462890625,669.8092041015625,649.0661010742188,329.59710693359375,2325.29296875,698.2986450195312,1324.580810546875,238.95065307617188,339.0649108886719,1478.9658203125,1054.5233154296875,8241.3330078125,121.21102142333984,132.07473754882812,1092.3699951171875,445.8845520019531,803.6259155273438,77.99646759033203,2862.181640625,5584.3095703125
2022-07-07,2776.507080078125,662.9078979492188,660.6866455078125,349.6078186035156,2301.6064453125,713.7373657226562,1330.8411865234375,241.1394500732422,345.8283386230469,1531.1903076171875,1081.97119140625,8218.75,122.51953887939453,133.39268493652344,1081.6131591796875,452.2018737792969,814.8980712890625,81.8001708984375,2885.968994140625,5594.65771484375
2022-07-08,2765.3681640625,670.9674682617188,661.3018798828125,345.6443786621094,2323.850830078125,726.91552734375,1344.8271484375,242.04800415039062,347.07159423828125,1603.75341796875,1082.2576904296875,8094.17529296875,125.3546142578125,137.3150634765625,1083.1080322265625,453.8741149902344,822.8124389648438,80.51863861083984,2866.30712890625,5594.89794921875
2022-07-11,2816.50244140625,637.5711059570312,665.5856323242188,344.33929443359375,2318.03369140625,740.1898803710938,1308.153076171875,243.65863037109375,346.3753662109375,1580.5162353515625,1112.283203125,8124.44775390625,126.3141860961914,136.21681213378906,1097.8277587890625,453.54901123046875,822.3807373046875,82.95901489257812,2733.19384765625,5609.4140625
2022-07-12,2778.23583984375,639.9359130859375,658.793212890625,335.3489990234375,2279.828125,730.9555053710938,1277.4727783203125,241.7589874267578,341.93939208984375,1571.724853515625,1094.716552734375,8040.458984375,128.320556640625,133.9888916015625,1096.26513671875,450.5296630859375,816.9605102539062,81.99105072021484,2707.650634765625,5537.16748046875
2022-07-13,2824.328857421875,621.1141967773438,642.723388671875,337.28240966796875,2324.688232421875,724.5107421875,1282.66748046875,242.87399291992188,346.5345153808594,1565.54736328125,1088.7017822265625,8060.0361328125,129.6290740966797,134.58509826660156,1076.8349609375,451.9696350097656,825.1627807617188,82.24099731445312,2667.317138671875,5556.42724609375
2022-07-14,2822.360107421875,619.3285522460938,639.504638671875,337.4757080078125,2324.73486328125,723.7412109375,1268.8148193359375,240.23094177246094,352.1044006347656,1564.501953125,1102.0599365234375,8181.84033203125,129.3673553466797,134.8361358642578,1085.712158203125,445.3271179199219,844.1094360351562,82.52729797363281,2639.154296875,5495.19873046875
2022-07-15,2859.810546875,629.1254272460938,644.7113647460938,338.8774719238281,2390.535888671875,722.5868530273438,1270.1466064453125,242.46099853515625,355.6153564453125,1601.2823486328125,1130.8494873046875,8382.66796875,130.63221740722656,131.35302734375,1087.8182373046875,445.0948791503906,842.67041015625,80.32777404785156,2635.502197265625,5564.18798828125
2022-07-18,2897.9326171875,639.984130859375,637.8479614257812,354.87640380859375,2376.57568359375,742.5946655273438,1323.02685546875,243.9064483642578,367.1429748535156,1641.9595947265625,1122.07275390625,8312.716796875,130.67587280273438,131.94924926757812,1097.0804443359375,455.49993896484375,846.8914184570312,82.19100189208984,2696.1396484375,5732.2041015625
2022-07-19,2899.13330078125,649.491455078125,638.0846557617188,355.6981201171875,2390.0244140625,750.9152221679688,1317.921142578125,243.32826232910156,365.01446533203125,1644.0029296875,1144.1112060546875,8323.267578125,131.50460815429688,131.79234313964844,1103.806396484375,462.6069641113281,839.6964721679688,83.56797790527344,2705.600830078125,5831.32861328125
2022-07-20,2886.986083984375,647.3197631835938,646.13134765625,357.05145263671875,2424.0419921875,753.2718505859375,1345.58203125,246.30174255371094,363.5821838378906,1653.6495361328125,1124.242919921875,8354.974609375,131.33010864257812,131.32167053222656,1133.6534423828125,472.50103759765625,832.2138671875,84.38597106933594,2785.292724609375,5834.34619140625
2022-07-21,2944.265625,654.7518310546875,644.0960083007812,363.4317321777344,2426.787841796875,756.0614013671875,1361.2108154296875,247.41677856445312,358.1714782714844,1699.0828857421875,1133.405517578125,8400.763671875,131.59182739257812,133.2357940673828,1126.0897216796875,475.7061767578125,834.2763671875,84.91767120361328,2796.293701171875,5874.30224609375
2022-07-22,2945.513671875,655.2344360351562,659.1244506835938,368.5552062988281,2457.640625,769.576171875,1337.5902099609375,248.24273681640625,363.45294189453125,1701.5855712890625,1139.14404296875,8433.1845703125,129.9344024658203,131.79234313964844,1133.6988525390625,477.2390441894531,838.9290161132812,85.07672882080078,2790.7490234375,6188.58544921875
2022-07-25,2981.571533203125,654.8001708984375,661.065185546875,374.1620788574219,2441.818359375,770.393798828125,1335.1925048828125,248.697021484375,357.1769104003906,1715.7353515625,1095.50146484375,8233.2646484375,130.93759155273438,130.47442626953125,1096.242431640625,481.04803466796875,833.0291748046875,87.31714630126953,2787.00830078125,6115.95458984375
2022-07-26,2984.98046875,660.3018188476562,659.7162475585938,369.18353271484375,2370.619140625,765.9690551757812,1288.6170654296875,249.81207275390625,350.4234924316406,1685.7032470703125,1095.6461181640625,8141.8271484375,130.850341796875,131.22752380371094,1096.74072265625,477.7035827636719,832.357666015625,86.29918670654297,2742.25634765625,6132.00439453125
2022-07-27,3059.44921875,651.4219360351562,664.7572631835938,375.70880126953125,2403.05419921875,770.009033203125,1306.288330078125,251.2161865234375,348.9315185546875,1729.4039306640625,1097.6715087890625,8268.119140625,130.58863830566406,132.20025634765625,1095.698974609375,490.7098693847656,857.6359252929688,87.1989974975586,2806.458740234375,6262.02880859375
2022-07-28,3142.368408203125,643.6519165039062,670.6503295898438,379.3339538574219,2438.56103515625,783.5719604492188,1347.4468994140625,250.6379852294922,363.7314453125,1733.831787109375,1108.3289794921875,8328.2353515625,131.15567016601562,134.42819213867188,1112.86474609375,494.6582336425781,858.4513549804688,91.20719909667969,2869.516357421875,6200.6103515625
2022-07-29,3201.280517578125,654.36572265625,678.86279296875,401.229736328125,2454.662353515625,787.4196166992188,1376.1290283203125,250.30760192871094,360.1209716796875,1740.3773193359375,1123.08544921875,8378.3701171875,133.42372131347656,134.2713165283203,1136.5748291015625,490.8492126464844,904.8346557617188,97.79666137695312,2905.9521484375,6271.08349609375
2022-08-01,3192.4462890625,673.2711181640625,684.5191650390625,409.8817138671875,2413.3388671875,792.0368041992188,1377.327880859375,253.98318481445312,369.1520690917969,1746.7781982421875,1193.7816162109375,8597.8671875,136.5205078125,137.4092254638672,1166.1956787109375,495.865966796875,881.3310546875,98.38744354248047,2903.2236328125,6379.2138671875
2022-08-02,3261.200439453125,665.8543701171875,676.9931640625,404.46820068359375,2452.6611328125,786.60205078125,1370.7122802734375,256.0067443847656,374.89105224609375,1725.938720703125,1209.9366455078125,8759.8759765625,139.18113708496094,139.6999053955078,1170.6343994140625,503.623291015625,879.940185546875,97.25132751464844,2897.06298828125,6409.71484375
2022-08-03,3302.971923828125,672.0107421875,678.5787963867188,400.45635986328125,2444.378173828125,793.3834838867188,1390.6922607421875,254.52003479003906,368.2271423339844,1722.810302734375,1209.1650390625,8612.228515625,139.26837158203125,140.3274688720703,1180.4625244140625,502.4620361328125,860.5138549804688,97.2967758178711,2939.043212890625,6362.88037109375
2022-08-04,3322.99365234375,673.1256103515625,677.7741088867188,407.6583557128906,2445.866943359375,789.0067749023438,1420.70654296875,255.6350555419922,365.13385009765625,1713.47314453125,1216.977294921875,8619.197265625,134.9503173828125,138.5702362060547,1164.8594970703125,495.4014587402344,881.1393432617188,97.88754272460938,2952.640869140625,6348.76220703125
2022-08-05,3335.861083984375,682.1905517578125,675.4783935546875,397.1212158203125,2462.107666015625,806.2731323242188,1435.58056640625,256.7501525878906,364.80560302734375,1720.548095703125,1191.99755859375,8498.5615234375,135.7354278564453,140.35887145996094,1147.69384765625,493.35760498046875,878.6929931640625,97.5694351196289,2961.52978515625,6529.11474609375
2022-08-08,3321.02490234375,682.869140625,692.0452880859375,407.3683166503906,2466.71533203125,809.9019165039062,1438.022705078125,258.6497802734375,366.9142150878906,1761.168701171875,1231.347900390625,8576.1826171875,139.05029296875,139.2605743408203,1162.7081298828125,483.4635314941406,873.3688354492188,97.43309783935547,2969.80224609375,6435.30029296875
2022-08-10,3276.084716796875,693.436767578125,694.0570068359375,425.4456481933594,2459.6884765625,821.3206176757812,1422.9710693359375,257.0392150878906,363.70159912109375,1785.71435546875,1223.00537109375,8535.5703125,138.47239685058594,140.2646942138672,1169.660400390625,478.1680908203125,882.29052734375,99.25088500976562,2952.024658203125,6356.0859375
2022-08-11,3269.891357421875,688.1528930664062,703.23974609375,422.9091491699219,2432.6044921875,831.9166870117188,1438.5111083984375,252.95071411132812,368.9264831542969,1797.26513671875,1221.220947265625,8472.2705078125,136.6053466796875,139.85679626464844,1173.5556640625,487.5047912597656,883.5855712890625,99.15998840332031,3012.09033203125,6357.4833984375
2022-08-12,3291.64111328125,688.0560302734375,702.9794311523438,425.59197998046875,2415.15380859375,846.1416015625,1415.55615234375,254.8504180908203,366.4782409667969,1777.33984375,1214.7108154296875,8362.064453125,140.91734313964844,143.1202392578125,1192.5328369140625,493.0324401855469,876.2947387695312,102.38655853271484,2993.65234375,6321.05615234375
2022-08-16,3361.884521484375,682.6267700195312,711.0262451171875,418.4215087890625,2461.270263671875,850.8348999023438,1417.64306640625,256.5023193359375,367.5033264160156,1779.6983642578125,1242.5361328125,8654.763671875,141.1395721435547,143.62228393554688,1200.8211669921875,488.61956787109375,877.3978881835938,102.70466613769531,2985.864013671875,6414.244140625
2022-08-17,3383.682373046875,700.90185546875,714.694580078125,428.22601318359375,2498.638671875,854.70556640625,1426.3453369140625,258.1542663574219,366.1796569824219,1786.2437744140625,1228.985107421875,8597.712890625,143.54006958007812,143.4026641845703,1207.0943603515625,490.6634826660156,883.345703125,102.25022888183594,2993.2568359375,6369.77099609375
2022-08-18,3394.86962890625,710.83935546875,715.5465698242188,427.3479919433594,2496.218505859375,856.4957885742188,1405.6549072265625,260.7147216796875,379.0776672363281,1823.6395263671875,1216.3504638671875,8600.93359375,142.9622039794922,145.1912384033203,1209.283447265625,494.5653381347656,879.4605712890625,102.29566192626953,2975.786376953125,6460.45263671875
2022-08-19,3344.167724609375,709.966796875,706.7188110351562,416.9093933105469,2452.009765625,842.2709350585938,1418.22021484375,257.6999816894531,373.6039733886719,1863.58642578125,1195.373046875,8438.7236328125,140.25054931640625,144.5891876220703,1187.7220458984375,483.4170227050781,867.5256958007812,100.0234375,2979.747314453125,6406.10107421875
2022-08-22,3216.64453125,705.4100952148438,695.9739990234375,408.2756042480469,2444.70361328125,824.7073974609375,1399.1728515625,259.6822509765625,364.6570129394531,1810.2598876953125,1183.1240234375,8293.6240234375,139.1392059326172,143.19493103027344,1184.427734375,475.0093688964844,847.5064086914062,95.47898864746094,2952.288330078125,6232.5908203125
2022-08-23,3223.22216796875,715.1050415039062,693.8203125,417.4459533691406,2413.10595703125,835.9810180664062,1369.6466064453125,260.9212646484375,369.37432861328125,1806.794677734375,1227.8759765625,8382.5380859375,141.05067443847656,144.20895385742188,1202.6944580078125,484.8570861816406,855.0618286132812,97.79666137695312,2890.7265625,6259.47705078125
2022-08-24,3244.588623046875,716.2200927734375,697.1573486328125,418.3727722167969,2408.917724609375,845.0771484375,1365.29541015625,259.4345397949219,371.73297119140625,1822.484619140625,1223.2464599609375,8366.677734375,142.9622039794922,145.4130401611328,1199.4910888671875,482.44158935546875,847.939453125,96.84232330322266,2864.984375,6271.95703125
2022-08-25,3228.8876953125,718.4013671875,693.3706665039062,422.177490234375,2395.841552734375,844.1578369140625,1348.11279296875,257.98907470703125,371.9618835449219,1807.6129150390625,1214.90380859375,8397.3427734375,141.27294921875,143.416748046875,1195.9923095703125,483.4635314941406,844.3782348632812,96.56965637207031,2832.288818359375,6239.86669921875
2022-08-26,3191.4853515625,708.5609741210938,693.4889526367188,429.2991027832031,2393.374755859375,842.706298828125,1351.1322021484375,258.4433288574219,378.59002685546875,1834.08349609375,1229.370849609375,8382.634765625,145.2737579345703,146.04678344726562,1189.6077880859375,486.6221618652344,847.121337890625,97.5694351196289,2835.809326171875,6280.43701171875
2022-08-29,3210.402587890625,698.6234741210938,681.3241577148438,419.6897888183594,2397.33056640625,828.1911010742188,1298.0299072265625,258.9802551269531,368.2298278808594,1811.0780029296875,1231.444580078125,8491.8330078125,143.09555053710938,143.89205932617188,1180.36083984375,478.3074035644531,846.255126953125,95.29721069335938,2756.909423828125,6269.9814453125
2022-08-30,3256.831787109375,704.4405517578125,703.4290771484375,428.2747497558594,2475.556884765625,858.6246948242188,1325.7352294921875,264.72064208984375,381.2572021484375,1850.54345703125,1262.2113037109375,8730.26953125,145.8072052001953,145.50808715820312,1198.6729736328125,493.5433654785156,859.5372314453125,98.4328842163086,2826.084716796875,6435.30029296875
2022-09-01,3309.597900390625,712.6328735351562,696.8259887695312,411.641357421875,2425.437744140625,846.0931396484375,1300.205322265625,262.32537841796875,378.749267578125,1841.350830078125,1265.4423828125,8674.7578125,142.8732452392578,143.2899932861328,1163.4346923828125,495.4479064941406,839.1328125,96.70598602294922,2756.161865234375,6391.59765625
2022-09-02,3294.714111328125,712.5844116210938,703.1450805664062,404.7635803222656,2423.20458984375,844.206298828125,1290.2598876953125,266.909423828125,381.9339294433594,1867.8697509765625,1269.2037353515625,8573.9228515625,143.85125732421875,142.08587646484375,1149.8482666015625,498.6065979003906,836.9190673828125,95.88798522949219,2755.017578125,6338.5947265625
2022-09-05,3288.712646484375,717.8197631835938,707.6654663085938,418.8117370605469,2420.412353515625,853.9314575195312,1297.6302490234375,271.6174621582031,385.7257080078125,1894.6773681640625,1273.6405029296875,8603.1923828125,146.2517547607422,141.57888793945312,1167.7059326171875,500.65045166015625,851.4043579101562,97.16043090820312,2757.657470703125,6285.06298828125
2022-09-06,3260.3369140625,738.0338745117188,704.9674682617188,420.4214782714844,2394.81787109375,855.0926513671875,1292.1246337890625,270.2133483886719,381.3070068359375,1888.853759765625,1259.9930419921875,8544.2685546875,149.7635498046875,142.62454223632812,1179.9974365234375,499.6285095214844,854.4362182617188,98.7055435180664,2752.0693359375,6259.57373046875
2022-09-07,3265.234375,730.1323852539062,701.63037109375,422.2750244140625,2386.906494140625,847.8834838867188,1294.38916015625,269.3460388183594,379.8240966796875,1884.81103515625,1243.88623046875,8444.4443359375,148.74114990234375,142.21263122558594,1173.1361083984375,495.02984619140625,860.2109375,97.79666137695312,2771.91552734375,6524.8740234375
2022-09-08,3313.054931640625,746.3231201171875,708.8724975585938,410.2755126953125,2398.586669921875,869.7530517578125,1310.594970703125,272.4847106933594,384.1632385253906,1900.5009765625,1274.9425048828125,8449.9716796875,148.29661560058594,142.21263122558594,1174.79443359375,505.9923095703125,860.7403564453125,96.20610046386719,2789.560546875,6668.3173828125
2022-09-09,3305.084716796875,742.3966064453125,709.3458251953125,415.5924072265625,2409.3369140625,872.1239013671875,1342.3408203125,272.9802551269531,383.4267578125,1876.7735595703125,1255.0260009765625,8599.2998046875,148.11880493164062,141.2620086669922,1167.4788818359375,514.0747680664062,856.6017456054688,96.06976318359375,2831.8046875,6537.2578125
2022-09-12,3295.818115234375,745.6929321289062,706.9554443359375,420.6165771484375,2401.61181640625,877.881591796875,1364.14111328125,273.3106384277344,382.9590148925781,1888.4688720703125,1250.97509765625,8581.662109375,147.94097900390625,141.92742919921875,1180.5426025390625,515.5147705078125,854.3880615234375,97.93299102783203,2854.071044921875,6620.08544921875
2022-09-13,3286.2158203125,760.3323974609375,716.2091674804688,425.982177734375,2407.382568359375,880.5911254882812,1371.9111328125,276.2015380859375,382.839599609375,1916.81640625,1253.67578125,8580.556640625,148.83001708984375,143.73361206054688,1190.403076171875,518.394775390625,856.7461547851562,97.93299102783203,2842.10205078125,6645.81591796875
2022-09-14,3302.30029296875,759.4598388671875,723.5696411132812,431.20147705078125,2393.23486328125,888.4293212890625,1310.1507568359375,276.9862060546875,389.0696716308594,1880.768310546875,1251.9398193359375,8619.6787109375,153.23092651367188,147.37767028808594,1176.1348876953125,531.1687622070312,850.5862426757812,99.20545196533203,2746.216552734375,6626.01220703125
2022-09-15,3260.48046875,761.156494140625,719.8065795898438,414.0314636230469,2382.99755859375,887.9454345703125,1272.3223876953125,275.9537353515625,384.9792785644531,1884.2333984375,1250.97509765625,8852.828125,155.6759033203125,150.5780792236328,1164.4798583984375,531.5404663085938,841.4908447265625,97.25132751464844,2732.092041015625,6543.42431640625
2022-09-16,3190.525146484375,755.8726806640625,706.5767822265625,402.4222106933594,2352.98193359375,879.7201538085938,1222.8162841796875,273.64105224609375,384.2129821777344,1848.1370849609375,1205.6929931640625,8833.5078125,153.63101196289062,149.34225463867188,1135.625732421875,521.925048828125,835.4754638671875,96.06976318359375,2647.9111328125,6245.9853515625
2022-09-19,3184.475341796875,758.878173828125,711.2391357421875,402.08074951171875,2400.541259765625,870.14013671875,1234.5823974609375,277.19268798828125,384.05377197265625,1839.1851806640625,1242.8736572265625,8921.171875,152.03067016601562,147.7579345703125,1137.1025390625,531.6333618164062,842.0201416015625,93.7066421508789,2665.601318359375,6225.21875
2022-09-20,3258.367919921875,767.9915161132812,719.8065795898438,411.1535339355469,2404.543701171875,887.1229858398438,1233.0283203125,277.5230712890625,386.0939636230469,1860.361572265625,1256.66552734375,8940.3974609375,152.8308563232422,147.4727325439453,1137.2841796875,533.3055419921875,877.7279663085938,96.16065216064453,2675.72216796875,6249.11767578125
2022-09-21,3222.694091796875,756.4059448242188,718.6941528320312,401.3003234863281,2441.818359375,885.67138671875,1222.9940185546875,281.61151123046875,381.86431884765625,1824.698486328125,1260.2342529296875,8889.5009765625,149.8969268798828,143.89205932617188,1140.419677734375,529.2643432617188,871.3275146484375,94.93365478515625,2641.310302734375,6084.4248046875
2022-09-22,3299.46728515625,760.1869506835938,703.3817138671875,402.031982421875,2506.177001953125,874.2044677734375,1214.7357177734375,284.998046875,376.7388916015625,1817.52734375,1263.8509521484375,9037.4833984375,149.94137573242188,139.48751831054688,1129.6729736328125,527.03466796875,873.92626953125,94.16109466552734,2646.766845703125,6012.775390625
2022-09-23,3260.3369140625,747.8258056640625,684.5191650390625,386.6667785644531,2496.218505859375,853.7379150390625,1212.515625,286.1130676269531,370.7576904296875,1787.3505859375,1227.1044921875,8981.34765625,145.76275634765625,128.36526489257812,1108.4981689453125,511.5199890136719,886.53466796875,94.79732513427734,2624.45703125,5916.93798828125
2022-09-26,3301.435791015625,732.0228881835938,675.2891235351562,364.2774353027344,2476.2080078125,833.2230224609375,1225.658203125,274.7148132324219,364.0499267578125,1782.15283203125,1192.479736328125,8492.5537109375,141.00624084472656,127.28790283203125,1080.2576904296875,504.7381286621094,866.900146484375,90.75275421142578,2635.325927734375,5952.73828125
2022-09-27,3332.739990234375,737.4036254882812,669.2302856445312,364.4725646972656,2493.612548828125,824.9977416992188,1237.468505859375,276.5732116699219,358.1383056640625,1772.286376953125,1191.852783203125,8434.013671875,141.36187744140625,129.82289123535156,1088.8455810546875,498.4208068847656,863.4834594726562,88.7531967163086,2655.611572265625,5967.91650390625
2022-09-28,3428.7666015625,738.227783203125,657.728271484375,351.9365234375,2514.879638671875,822.0462646484375,1238.489501953125,268.39617919921875,356.80474853515625,1766.7515869140625,1198.2666015625,8388.5478515625,140.42831420898438,131.6290740966797,1059.8551025390625,487.59765625,883.4066162109375,86.52641296386719,2671.62939453125,5948.7392578125
2022-09-29,3250.301513671875,741.3301391601562,654.320068359375,362.1311950683594,2513.436767578125,816.6272583007812,1241.997314453125,275.08642578125,351.3708801269531,1747.5482177734375,1213.6500244140625,8290.595703125,141.850830078125,131.8191680908203,1056.606201171875,484.7176818847656,895.7744140625,88.02608489990234,2637.87841796875,5951.58154296875
2022-09-30,3209.634765625,775.505126953125,672.7803344726562,381.0084533691406,2509.62109375,834.142333984375,1255.1396484375,274.3844299316406,362.09930419921875,1778.5430908203125,1223.14990234375,8486.017578125,141.9397735595703,134.48092651367188,1080.439453125,492.9395446777344,913.0508422851562,90.25286865234375,2644.25927734375,6027.90576171875
2022-10-03,3171.65576171875,778.8499145507812,668.922607421875,371.6430358886719,2440.794677734375,820.9334716796875,1237.6461181640625,267.94189453125,355.0730895996094,1751.2060546875,1206.8985595703125,8215.763671875,142.56210327148438,133.5936737060547,1076.690673828125,482.8596496582031,909.056640625,89.38941955566406,2627.009033203125,6015.8115234375
2022-10-04,3205.12158203125,784.0367431640625,687.7615966796875,384.4229431152344,2483.095947265625,839.6097412109375,1269.3031005859375,274.9212646484375,362.7063903808594,1801.50048828125,1215.578857421875,8353.701171875,144.51805114746094,132.1043701171875,1096.547607421875,494.8904724121094,909.104736328125,91.93431091308594,2720.47412109375,6078.44970703125
2022-10-06,3196.671142578125,764.5496826171875,680.1881103515625,402.56854248046875,2432.8837890625,856.8345336914062,1292.169189453125,278.0599365234375,362.0395812988281,1841.350830078125,1212.25146484375,8365.716796875,144.8292236328125,130.74185180664062,1100.591552734375,499.1639404296875,918.1038818359375,94.11565399169922,2729.979248046875,6058.88818359375
2022-10-07,3210.834716796875,768.9124755859375,677.2534790039062,401.056396484375,2419.57470703125,854.0281982421875,1288.6612548828125,275.9537353515625,363.3333435058594,1852.5167236328125,1194.8426513671875,8438.8681640625,146.0739288330078,132.70645141601562,1105.249267578125,492.56793212890625,919.3069458007812,93.888427734375,2697.3720703125,5978.1796875
2022-10-10,3147.697509765625,768.1853637695312,669.7745971679688,397.5443420410156,2425.065673828125,853.2540893554688,1298.8291015625,270.7914733886719,359.9197998046875,1838.1744384765625,1198.8453369140625,8518.9404296875,145.76275634765625,132.42124938964844,1093.1851806640625,493.078857421875,910.5484008789062,93.79753875732422,2744.5888671875,5926.52587890625
2022-10-11,3167.623046875,756.5028686523438,662.9822387695312,386.3740539550781,2373.9228515625,842.46435546875,1264.330322265625,269.5112609863281,355.8692321777344,1808.6236572265625,1185.873046875,8347.5986328125,143.18446350097656,132.041015625,1071.41943359375,489.96673583984375,909.2971801757812,91.20719909667969,2701.464599609375,5856.03271484375
2022-10-12,3119.129638671875,751.8977661132812,667.3132934570312,390.4227294921875,2411.80322265625,840.287109375,1268.681396484375,272.6498718261719,360.30792236328125,1839.714599609375,1203.5711669921875,8349.9521484375,146.6962890625,136.60398864746094,1079.3033447265625,495.91241455078125,919.6919555664062,91.38897705078125,2728.9228515625,5953.31689453125
2022-10-13,3081.487548828125,745.4506225585938,659.645263671875,391.73968505859375,2388.581787109375,826.0137329101562,1260.8670654296875,271.45220947265625,358.5762634277344,1805.9283447265625,1203.8604736328125,8314.3388671875,146.47401428222656,135.58998107910156,1082.7340087890625,484.43896484375,932.0596923828125,90.97998046875,2731.167236328125,5957.2197265625
2022-10-14,3058.92138671875,742.590576171875,681.1348266601562,387.4472351074219,2397.33056640625,842.1257934570312,1309.1297607421875,274.3017883300781,365.0451354980469,1840.0513916015625,1186.5963134765625,8283.3388671875,146.78518676757812,134.76608276367188,1077.23583984375,489.7808837890625,939.6632080078125,90.97998046875,2727.5146484375,5967.09765625
2022-10-17,3070.540283203125,742.6389770507812,684.70849609375,378.81341552734375,2411.05859375,856.5925903320312,1323.071533203125,274.4256896972656,369.85205078125,1812.7144775390625,1186.3070068359375,8385.7109375,149.7635498046875,134.25912475585938,1094.5255126953125,505.0633239746094,943.224365234375,90.48008728027344,2745.69140625,6043.7099609375
2022-10-18,3097.667724609375,759.2659301757812,683.430419921875,383.837646484375,2421.947509765625,867.91455078125,1335.2811279296875,281.0747375488281,370.1605224609375,1846.30810546875,1209.26171875,8466.0234375,148.429931640625,134.57598876953125,1113.8375244140625,522.5289306640625,941.6362915039062,91.47986602783203,2774.765625,6116.2265625
2022-10-19,3085.08837890625,759.5083618164062,690.4359130859375,380.7645568847656,2404.031494140625,863.2695922851562,1319.0753173828125,286.0717468261719,372.0813293457031,1833.602294921875,1204.053466796875,8381.43359375,145.85166931152344,135.5583038330078,1133.2174072265625,514.121337890625,940.24072265625,90.93453216552734,2754.60400390625,6166.00048828125
2022-10-20,3016.09326171875,768.7186279296875,685.7734985351562,385.5448913574219,2420.69140625,859.93115234375,1332.7950439453125,288.8387451171875,370.9268493652344,1832.88037109375,1205.5965576171875,8369.947265625,148.429931640625,137.8397979736328,1136.2618408203125,515.9793090820312,943.5612182617188,91.70709228515625,2785.883056640625,6073.39111328125
2022-10-21,2969.5205078125,773.1298828125,680.9454956054688,384.1302490234375,2470.01904296875,877.833251953125,1332.439697265625,285.4523010253906,378.7094421386719,1806.505859375,1212.1068115234375,8366.005859375,146.74072265625,137.71304321289062,1123.0843505859375,521.04248046875,941.0106811523438,91.07086181640625,2768.324462890625,6131.78955078125
2022-10-24,2997.608154296875,777.637939453125,691.572021484375,385.8863220214844,2394.81787109375,896.3642578125,1347.846435546875,287.1867980957031,377.34600830078125,1838.270751953125,1225.8023681640625,8425.7470703125,148.429931640625,138.69534301757812,1126.8331298828125,530.007568359375,949.9616088867188,91.9797592163086,2789.765380859375,6162.33837890625
2022-10-25,2962.318115234375,777.8319702148438,686.7675170898438,388.66668701171875,2331.808349609375,895.1547241210938,1355.35009765625,286.03045654296875,367.5531005859375,1876.14794921875,1235.881103515625,8656.013671875,150.56373596191406,138.47352600097656,1109.4298095703125,537.4862060546875,954.3409423828125,91.9797592163086,2790.11865234375,6182.67236328125
2022-10-27,2922.515625,792.1805419921875,688.4241943359375,402.3246765136719,2344.46630859375,894.5257568359375,1368.0523681640625,285.61749267578125,371.2154846191406,1890.538330078125,1248.17822265625,8691.5322265625,151.71951293945312,141.89576721191406,1113.7918701171875,538.5081787109375,973.6867065429688,94.7064208984375,2785.97119140625,6203.005859375
2022-10-28,2932.06982421875,791.9381713867188,690.4595336914062,395.0566711425781,2349.35205078125,878.510498046875,1358.447021484375,285.61749267578125,375.04705810546875,1901.126708984375,1265.056640625,9124.66796875,154.7423553466797,143.73361206054688,1147.8717041015625,530.2398071289062,952.84912109375,92.34330749511719,2791.13330078125,6211.72705078125
2022-10-31,2988.518798828125,806.6261596679688,708.4464721679688,395.7395324707031,2373.9697265625,879.3331298828125,1380.3509521484375,288.0127868652344,378.5700988769531,1947.3780517578125,1300.6939697265625,9158.3603515625,153.89773559570312,144.5891876220703,1158.5272216796875,533.0733642578125,978.73974609375,92.29786682128906,2817.51611328125,6471.05322265625
2022-11-01,3038.236572265625,810.0679321289062,716.2802124023438,404.2757568359375,2390.928466796875,879.236328125,1412.084716796875,288.67352294921875,380.0132141113281,1948.6776123046875,1305.950439453125,9088.1884765625,161.6326141357422,149.02540588378906,1149.5528564453125,535.9533081054688,997.7003784179688,91.9797592163086,2876.23681640625,6573.154296875
2022-11-02,3011.791015625,785.1516723632812,716.7298583984375,411.0072021484375,2359.540283203125,875.46240234375,1394.4000244140625,292.9272766113281,380.1624450683594,1937.945068359375,1304.3106689453125,8871.7177734375,160.8769073486328,147.8529815673828,1156.7322998046875,533.1197509765625,1012.4745483398438,92.02519989013672,2860.3544921875,6533.64404296875
2022-11-03,3020.830322265625,793.683349609375,713.5822143554688,400.3247375488281,2385.82177734375,879.2847290039062,1374.156982421875,292.142578125,378.21185302734375,1933.5169677734375,1287.9630126953125,8881.041015625,158.38751220703125,144.5258026123047,1161.0491943359375,543.3855590820312,1005.01513671875,92.70687103271484,2829.515869140625,6483.8701171875
2022-11-04,3059.3447265625,791.501953125,708.6594848632812,420.0312194824219,2361.46142578125,876.0429077148438,1359.120361328125,292.05999755859375,378.17205810546875,1939.6776123046875,1290.7598876953125,8871.8134765625,157.32064819335938,143.32168579101562,1178.1343994140625,551.7931518554688,1000.876708984375,95.2063217163086,2838.9130859375,6642.68408203125
2022-11-07,2984.5283203125,797.6097412109375,714.1738891601562,426.8114318847656,2373.126220703125,887.8487548828125,1353.2406005859375,291.9773864746094,374.7186279296875,1942.132080078125,1303.298095703125,8971.58984375,156.3426513671875,144.49411010742188,1184.427734375,570.5593872070312,989.7599487304688,96.9786605834961,2853.295654296875,6720.2119140625
2022-11-09,2968.132080078125,794.071044921875,713.9608764648438,406.9098205566406,2350.63916015625,881.074951171875,1356.6065673828125,297.9242858886719,376.8683166503906,1928.5118408203125,1290.0364990234375,8894.8818359375,154.16444396972656,138.6319580078125,1183.246337890625,571.8599853515625,975.515380859375,96.43331909179688,2837.722412109375,6652.75439453125
2022-11-10,2928.367919921875,800.5667114257812,721.7236328125,404.95867919921875,2355.136962890625,881.2684326171875,1348.3028564453125,294.0422668457031,380.600341796875,1903.6292724609375,1252.0843505859375,8744.6884765625,153.00868225097656,136.19204711914062,1168.9329833984375,562.7556762695312,972.7242431640625,95.16087341308594,2828.545166015625,6554.2666015625
2022-11-11,2938.224609375,801.6817626953125,762.6200561523438,419.34832763671875,2345.251708984375,877.2525634765625,1409.4814453125,294.3313903808594,378.00286865234375,1935.827392578125,1241.3785400390625,8735.365234375,152.43075561523438,135.6533660888672,1195.8785400390625,558.6214599609375,975.515380859375,97.75120544433594,2925.8701171875,6565.734375
2022-11-14,2936.109130859375,796.834228515625,764.4661254882812,444.4204406738281,2302.8544921875,866.0275268554688,1423.1265869140625,286.77386474609375,382.7201843261719,1924.9503173828125,1232.7467041015625,8797.65234375,152.43075561523438,137.1458282470703,1190.0850830078125,550.4925537109375,978.73974609375,98.79644012451172,2943.120361328125,6605.4375
2022-11-15,2961.208251953125,809.7770385742188,766.3358154296875,445.7374572753906,2302.573486328125,882.2361450195312,1430.9365234375,285.1632385253906,380.6501770019531,1921.8218994140625,1245.8150634765625,8807.1220703125,153.00868225097656,140.1632537841797,1184.745849609375,558.203369140625,977.9215698242188,98.66011047363281,2940.5615234375,6711.5869140625
2022-11-16,2964.814208984375,815.5455932617188,772.915283203125,436.4695739746094,2321.640625,884.0747680664062,1438.836181640625,284.2133483886719,391.2989196777344,1928.60791015625,1240.9927978515625,8780.927734375,151.09713745117188,140.8770294189453,1177.95263671875,557.1814575195312,980.4240112304688,96.84232330322266,2960.635498046875,6660.9462890625
2022-11-17,2953.803466796875,820.3446044921875,765.9335327148438,429.68939208984375,2304.915771484375,890.0744018554688,1425.0115966796875,283.8829650878906,388.24359130859375,1953.5867919921875,1214.6143798828125,8638.181640625,149.6302032470703,141.65570068359375,1180.9970703125,556.5311279296875,975.32275390625,96.20610046386719,2955.0322265625,6622.25390625
2022-11-18,2976.78662109375,811.7644653320312,763.921875,427.8845520019531,2327.12158203125,890.6066284179688,1430.3978271484375,281.6941833496094,390.0350341796875,1948.6776123046875,1183.5582275390625,8505.1455078125,147.45201110839844,141.6881561279297,1180.36083984375,559.922119140625,971.713623046875,95.88798522949219,2950.134521484375,6566.939453125
2022-11-21,2976.594970703125,825.2406616210938,756.0880737304688,420.0312194824219,2343.705810546875,891.6226806640625,1407.7757568359375,278.51422119140625,386.9598083496094,1936.1640625,1174.9744873046875,8521.6318359375,146.16282653808594,142.14239501953125,1159.1180419921875,555.6486206054688,965.505615234375,94.75186920166016,2897.2373046875,6509.50390625
2022-11-22,2984.81689453125,821.7503662109375,754.9756469726562,420.1287536621094,2357.1044921875,893.848388671875,1422.9019775390625,281.0334167480469,386.0939636230469,1953.827392578125,1184.8118896484375,8529.849609375,148.5188751220703,141.33126831054688,1165.5474853515625,556.5775756835938,972.19482421875,95.61531829833984,2924.98779296875,6594.49951171875
2022-11-23,2981.8837890625,817.5330810546875,756.9400634765625,422.7628479003906,2349.28076171875,897.4772338867188,1421.1962890625,280.6617126464844,388.80096435546875,1949.2071533203125,1191.8045654296875,8588.24609375,149.40792846679688,139.6116943359375,1161.9124755859375,564.520751953125,979.4615478515625,95.84254455566406,2919.119873046875,6576.18994140625
2022-11-24,2995.827392578125,822.4775390625,769.246826171875,427.64068603515625,2388.4453125,908.5087890625,1463.07421875,281.4464111328125,387.10906982421875,1975.388916015625,1209.5028076171875,8619.58203125,150.69708251953125,143.24554443359375,1171.931884765625,566.10009765625,996.2566528320312,95.88798522949219,2982.517333984375,6611.02734375
2022-11-25,2988.95166015625,821.0233154296875,765.69677734375,429.88446044921875,2377.483154296875,900.2350463867188,1468.3258056640625,281.0747375488281,383.8348083496094,1985.5440673828125,1216.012939453125,8669.9521484375,150.91937255859375,143.148193359375,1189.426025390625,564.2885131835938,995.0535278320312,96.52420806884766,2990.900390625,6624.32568359375
2022-11-28,3030.350830078125,811.8615112304688,757.460693359375,420.6165771484375,2366.00537109375,907.1056518554688,1457.328857421875,280.8681945800781,383.7850646972656,1987.180419921875,1206.2716064453125,8637.173828125,151.4972381591797,143.60243225097656,1230.299072265625,565.4033203125,995.9198608398438,95.34265899658203,2995.841796875,6641.96142578125
2022-11-29,3014.8203125,810.3587646484375,756.32470703125,425.29931640625,2468.1337890625,916.1534423828125,1462.40087890625,282.72662353515625,383.26751708984375,1973.80078125,1212.4442138671875,8564.88671875,151.2749786376953,142.33705139160156,1232.4119873046875,565.3568725585938,1010.4531860351562,96.43331909179688,2997.6943359375,6677.23193359375
2022-11-30,3053.382080078125,822.8652954101562,761.342041015625,439.6889343261719,2515.121826171875,922.104736328125,1467.6973876953125,280.826904296875,387.5469665527344,1997.1912841796875,1259.221435546875,8626.3603515625,153.09756469726562,145.35447692871094,1241.1136474609375,559.6897583007812,1006.7958984375,97.84210968017578,2991.91455078125,6819.95263671875
2022-12-01,3057.42138671875,822.7198486328125,766.5724487304688,452.0786437988281,2494.9775390625,909.8151245117188,1487.5814208984375,280.45526123046875,385.0091552734375,2025.4908447265625,1247.503173828125,8610.98046875,153.09756469726562,143.9917755126953,1237.4559326171875,564.9387817382812,1007.1806640625,100.65966796875,3066.783203125,7009.79736328125
2022-12-02,3022.898193359375,822.7684326171875,760.7030639648438,449.8348388671875,2450.238037109375,900.5253295898438,1470.345703125,278.472900390625,384.31256103515625,2007.442626953125,1219.677978515625,8474.1943359375,153.05311584472656,142.62908935546875,1236.93310546875,564.4277954101562,1000.9728393554688,101.79578399658203,3034.576904296875,6974.189453125
2022-12-05,3035.832275390625,818.3571166992188,763.4721069335938,469.4438171386719,2454.6884765625,903.4284057617188,1472.00634765625,278.1425476074219,385.8351745605469,2007.5389404296875,1215.0484619140625,8451.31640625,155.72027587890625,143.9917755126953,1218.8936767578125,573.4859008789062,1000.395263671875,105.29500579833984,3022.885498046875,6937.1357421875
2022-12-06,3040.44775390625,807.9349975585938,762.6200561523438,458.5173645019531,2487.201171875,892.8323364257812,1447.903076171875,278.5968017578125,385.1982727050781,2015.1431884765625,1218.18310546875,8379.5107421875,155.76475524902344,145.02999877929688,1222.415283203125,565.728515625,994.7650146484375,102.65922546386719,2987.106201171875,6979.00732421875
2022-12-07,3102.7626953125,808.5651245117188,762.2887573242188,452.9566345214844,2536.671875,892.3485107421875,1441.2601318359375,280.90948486328125,380.4610595703125,2044.501708984375,1221.60693359375,8323.5673828125,152.78639221191406,143.44020080566406,1204.375732421875,563.9633178710938,979.5577392578125,101.06866455078125,2982.9150390625,6902.05810546875
2022-12-08,3097.90673828125,807.2078857421875,766.5724487304688,460.1270751953125,2534.89208984375,901.7833862304688,1454.4112548828125,279.50537109375,377.5848693847656,2086.565673828125,1229.08154296875,8346.2041015625,151.45278930664062,141.33126831054688,1203.807861328125,568.2368774414062,943.994384765625,101.65943908691406,2956.39990234375,6918.29541015625
2022-12-09,3103.19580078125,809.437744140625,772.03955078125,451.5421142578125,2550.63330078125,899.8479614257812,1408.7633056640625,281.9832458496094,375.80340576171875,2073.427001953125,1220.4495849609375,8279.5419921875,150.69708251953125,140.94190979003906,1185.563720703125,572.7426147460938,955.5921630859375,100.38700103759766,2905.39892578125,6820.33837890625
2022-12-12,3044.919921875,803.1360473632812,778.0509643554688,450.66412353515625,2545.94775390625,900.2350463867188,1388.9239501953125,283.469970703125,371.3647766113281,2082.7158203125,1219.0992431640625,8324.1435546875,150.16363525390625,139.87124633789062,1187.38134765625,569.5374755859375,950.3466796875,101.52310943603516,2899.84033203125,6887.265625
2022-12-13,3056.604248046875,812.49169921875,780.2047119140625,446.90814208984375,2539.43603515625,902.7994384765625,1411.3216552734375,285.4523010253906,371.9121398925781,2091.5712890625,1237.7618408203125,8286.6083984375,150.4303436279297,140.35789489746094,1192.7886962890625,572.9749145507812,957.3246459960938,101.06866455078125,2940.1201171875,6962.8662109375
2022-12-14,3025.302001953125,803.91162109375,786.8076782226562,457.8345031738281,2515.403564453125,891.9613647460938,1417.8299560546875,285.287109375,372.8476257324219,2113.27734375,1240.7518310546875,8306.6953125,152.56411743164062,142.23971557617188,1188.471923828125,581.1038208007812,962.7144165039062,102.75011444091797,2969.458251953125,6936.12353515625
2022-12-15,3010.541015625,801.1483764648438,772.3945922851562,449.7372741699219,2495.3525390625,879.4298706054688,1382.909423828125,279.8770446777344,370.85723876953125,2096.04736328125,1241.2340087890625,8251.4736328125,153.00868225097656,140.39036560058594,1171.591064453125,572.2316284179688,964.5913696289062,100.84143829345703,2916.296142578125,6855.51220703125
2022-12-16,2938.70556640625,797.6582641601562,776.1102905273438,445.5910949707031,2502.89501953125,872.8496704101562,1366.4814453125,276.77972412109375,366.348876953125,2093.592529296875,1207.1397705078125,8156.93505859375,150.96380615234375,138.34629821777344,1165.7974853515625,560.5259399414062,956.3621826171875,100.93234252929688,2859.075439453125,6759.3369140625
2022-12-19,2962.794921875,814.77001953125,778.5243530273438,448.9080810546875,2546.744384765625,877.1558227539062,1353.1505126953125,281.2398986816406,369.85205078125,2102.256103515625,1244.802490234375,8270.4091796875,152.74195861816406,142.04507446289062,1181.1107177734375,561.5479125976562,950.8760986328125,101.61400604248047,2825.369384765625,6818.9892578125
2022-12-20,2963.948974609375,803.669189453125,773.1519165039062,445.8837890625,2505.940185546875,880.3008422851562,1353.1058349609375,280.9508361816406,367.652587890625,2082.282470703125,1229.9495849609375,8193.990234375,150.91937255859375,141.00682067871094,1191.334716796875,561.5479125976562,951.2609252929688,100.84143829345703,2862.34033203125,6840.18994140625
2022-12-21,2951.928466796875,789.1751098632812,765.6731567382812,445.9813537597656,2498.116455078125,863.4147338867188,1355.1256103515625,276.82098388671875,361.1837158203125,2065.966796875,1220.7386474609375,8026.78271484375,149.31906127929688,140.19570922851562,1174.3856201171875,551.2822265625,967.8636474609375,99.43266296386719,2884.046142578125,6698.240234375
2022-12-22,2970.103515625,791.69580078125,763.0460815429688,444.3716735839844,2478.580810546875,861.866455078125,1366.3468017578125,274.5909118652344,363.4627380371094,2030.9775390625,1190.1165771484375,8011.353515625,147.49644470214844,139.51431274414062,1171.3411865234375,551.2822265625,972.7242431640625,97.84210968017578,2876.23681640625,6757.69921875
2022-12-23,2940.62890625,783.9883422851562,756.2301025390625,419.0556335449219,2455.859619140625,850.4962158203125,1343.94921875,269.8416442871094,362.64666748046875,1985.5440673828125,1181.0986328125,7826.07421875,144.9181365966797,137.0809326171875,1136.9888916015625,533.2590942382812,963.9656982421875,92.93408966064453,2848.57568359375,6658.43994140625
2022-12-26,2938.849853515625,786.2666015625,771.2821655273438,432.1282958984375,2452.439697265625,864.3340454101562,1348.70703125,276.36669921875,360.9747009277344,2012.7847900390625,1193.1064453125,7936.8095703125,147.274169921875,137.4702911376953,1146.91748046875,554.7195434570312,962.52197265625,95.43354034423828,2870.23681640625,6817.06201171875
2022-12-27,2993.2314453125,789.9507446289062,772.0631713867188,459.4930114746094,2429.76513671875,871.5432739257812,1359.8831787109375,275.1690673828125,362.4376525878906,2044.5980224609375,1190.406005859375,7983.57470703125,146.87408447265625,137.9893798828125,1156.3006591796875,559.1788330078125,962.6181640625,101.02322387695312,2876.060546875,6849.0556640625
2022-12-28,3003.905517578125,779.2861328125,771.4478759765625,454.5663757324219,2420.723876953125,869.898193359375,1355.6641845703125,276.2015380859375,362.2784423828125,2041.71044921875,1207.8631591796875,8094.6943359375,147.45201110839844,140.0010223388672,1156.187255859375,558.3892211914062,957.6614990234375,99.97799682617188,2873.94287109375,6797.59521484375
2022-12-29,2995.682861328125,795.7192993164062,776.891357421875,458.4198303222656,2406.15380859375,878.7041625976562,1362.3072509765625,276.9862060546875,362.00970458984375,2031.8917236328125,1217.5079345703125,8108.87255859375,148.25213623046875,140.0010223388672,1155.66455078125,568.376220703125,963.003173828125,101.56855773925781,2884.222412109375,6728.59619140625
2022-12-30,2969.478271484375,781.5160522460938,770.6668701171875,461.78558349609375,2399.59521484375,862.0599365234375,1353.9136962890625,273.8475646972656,363.70159912109375,2007.731201171875,1204.824951171875,8069.26953125,147.98541259765625,138.67074584960938,1157.4366455078125,570.141357421875,963.8212890625,102.38655853271484,2873.59033203125,6706.28662109375
2023-01-02,2930.387451171875,788.6903686523438,770.9271850585938,475.1508483886719,2397.112060546875,873.28515625,1368.097412109375,274.9212646484375,363.2637023925781,2011.2447509765625,1217.989990234375,8077.6318359375,149.3634796142578,139.54678344726562,1170.477783203125,568.7478637695312,959.58642578125,108.38523864746094,2877.78125,6763.04736328125
2023-01-03,2912.115966796875,792.6653442382812,775.96826171875,468.175537109375,2381.79296875,872.2206420898438,1366.795654296875,273.475830078125,364.8162536621094,2010.7635498046875,1204.92138671875,8057.87890625,149.00787353515625,139.9036865234375,1161.9124755859375,568.9336547851562,971.2323608398438,107.65811920166016,2921.810791015625,6739.58203125
2023-01-04,2901.153076171875,787.0421752929688,762.0994873046875,450.22509765625,2376.21826171875,870.0433959960938,1341.8843994140625,270.0894470214844,362.4078063964844,1993.0523681640625,1192.286865234375,8096.3759765625,148.11880493164062,136.951171875,1144.418212890625,562.2446899414062,966.4200439453125,105.20411682128906,2924.72314453125,6750.90478515625
2023-01-05,2889.1328125,782.4855346679688,757.2003173828125,454.3224792480469,2420.817626953125,850.7380981445312,1324.2894287109375,275.4168701171875,362.3182678222656,2009.223388671875,1208.15234375,8133.19091796875,151.05270385742188,135.4911346435547,1142.37353515625,562.1516723632812,978.0659790039062,105.93122863769531,2921.59130859375,6752.49560546875
2023-01-06,2864.177734375,771.72412109375,754.6917114257812,451.34698486328125,2414.0244140625,841.9805297851562,1300.3209228515625,276.7384338378906,355.6502990722656,2008.45361328125,1219.9671630859375,8058.16650390625,150.25254821777344,135.03688049316406,1152.7564697265625,558.0176391601562,970.847412109375,105.11322784423828,2833.751220703125,6728.59619140625
2023-01-09,2869.70703125,794.410400390625,756.1591186523438,459.24908447265625,2458.6240234375,845.1255493164062,1332.5931396484375,279.21624755859375,360.6462707519531,2042.287841796875,1263.8026123046875,8052.3515625,151.4972381591797,135.685791015625,1179.974609375,564.5672607421875,978.6915283203125,106.84012603759766,2929.399658203125,6779.333984375
2023-01-10,2846.8203125,768.670166015625,742.3375854492188,465.8829650878906,2477.17529296875,833.5133666992188,1319.3970947265625,275.37554931640625,357.3919372558594,2027.80078125,1268.191162109375,7971.75146484375,149.31906127929688,137.4378204345703,1162.5260009765625,552.907958984375,973.8792114257812,108.02168273925781,2899.796142578125,6668.943359375
2023-01-11,2827.63525390625,742.2026977539062,753.0350341796875,478.95562744140625,2429.76513671875,838.3033447265625,1320.7435302734375,274.0540466308594,358.6459045410156,2045.801025390625,1265.9727783203125,7963.38818359375,147.62979125976562,137.53515625,1147.8717041015625,554.3479614257812,989.423095703125,108.02168273925781,2937.1201171875,6766.90234375
2023-01-12,2804.12255859375,733.8165893554688,757.058349609375,473.7850341796875,2426.76708984375,832.8359985351562,1329.136962890625,272.4433898925781,354.197265625,2078.91357421875,1273.0135498046875,8044.85400390625,147.5408935546875,138.54098510742188,1123.0843505859375,552.67578125,994.0911254882812,107.34000396728516,2942.105712890625,6893.529296875
2023-01-13,2797.58349609375,740.9908447265625,757.650146484375,476.5654296875,2458.5771484375,845.2222900390625,1349.8291015625,271.5347900390625,354.3565368652344,2072.80126953125,1280.9703369140625,8125.79150390625,149.1856689453125,138.86541748046875,1121.266845703125,557.506591796875,992.8880004882812,109.47590637207031,2977.576416015625,6985.60888671875
2023-01-16,2804.218994140625,735.9979248046875,750.3843383789062,471.24859619140625,2433.37255859375,837.287353515625,1369.4439697265625,272.7325134277344,355.2522277832031,2057.20751953125,1268.8663330078125,8055.33154296875,147.5408935546875,139.93612670898438,1110.5885009765625,560.2008056640625,996.5934448242188,109.02145385742188,3008.709716796875,7020.25341796875
2023-01-17,2828.11572265625,742.34814453125,761.5551147460938,475.9801025390625,2499.38134765625,837.1906127929688,1382.01171875,274.4256896972656,357.8099365234375,2130.26708984375,1273.9296875,8150.734375,149.09674072265625,141.72061157226562,1126.35595703125,550.8641357421875,993.9465942382812,108.47612762451172,3048.73193359375,7109.6826171875
2023-01-18,2832.299072265625,752.8672485351562,774.9979858398438,490.6624450683594,2516.855712890625,841.3999633789062,1387.3082275390625,276.40802001953125,358.09857177734375,2181.66796875,1275.18359375,8164.865234375,150.6526336669922,142.33705139160156,1124.4930419921875,549.4705810546875,1001.0689697265625,111.29368591308594,3059.199951171875,7018.904296875
2023-01-19,2756.232421875,748.4559936523438,778.2166137695312,486.7113342285156,2482.703369140625,838.1582641601562,1381.47314453125,274.3431091308594,351.76898193359375,2188.021240234375,1272.676025390625,8172.17138671875,149.98582458496094,143.24554443359375,1123.2889404296875,547.9840698242188,1001.502197265625,112.29347229003906,3043.94970703125,6950.38671875
2023-01-20,2680.887451171875,741.1362915039062,786.1923828125,477.9800109863281,2388.070556640625,842.2224731445312,1369.48876953125,276.36669921875,350.8931579589844,2165.737548828125,1268.04638671875,8112.716796875,149.98582458496094,144.86778259277344,1109.9296875,550.1673583984375,991.6848754882812,111.74813079833984,3034.925537109375,6916.46435546875
2023-01-23,2677.66552734375,749.1346435546875,791.9434814453125,482.1261901855469,2432.716552734375,843.5288696289062,1389.6422119140625,278.9684753417969,355.043212890625,2149.9033203125,1281.259765625,8090.896484375,148.34104919433594,146.0682830810547,1104.3177490234375,557.831787109375,1009.9240112304688,110.88468933105469,3081.669921875,6600.95703125
2023-01-24,2702.81298828125,751.99462890625,802.5462646484375,472.8094787597656,2436.558349609375,842.6095581054688,1393.14306640625,279.95965576171875,350.3656921386719,2124.87646484375,1276.8714599609375,8361.6796875,147.62979125976562,143.3752899169922,1097.7972412109375,552.1646728515625,1001.6465454101562,109.43046569824219,3100.98291015625,6562.361328125
2023-01-25,2668.578369140625,752.8187255859375,780.3703002929688,477.1507873535156,2457.03076171875,827.6588134765625,1385.15380859375,280.20745849609375,348.28570556640625,2093.303955078125,1264.911865234375,8443.673828125,147.49644470214844,142.3695068359375,1082.620361328125,528.3353271484375,1001.0209350585938,109.97579956054688,3095.0712890625,6461.56103515625
2023-01-27,2618.236083984375,750.8797607421875,764.8211059570312,467.2975769042969,2447.47412109375,790.7901611328125,1363.7435302734375,285.78265380859375,340.9808349609375,2079.010009765625,1273.3028564453125,8398.880859375,147.85208129882812,142.27220153808594,1062.0816650390625,501.6258850097656,1004.2452392578125,109.65768432617188,3078.1962890625,6471.67919921875
2023-01-30,2660.115478515625,746.7109375,764.0401000976562,460.8100280761719,2406.248046875,796.8865966796875,1381.3834228515625,284.79150390625,343.5982666015625,2033.8170166015625,1284.2978515625,8475.298828125,150.11920166015625,137.4702911376953,1072.2603759765625,500.0001220703125,1012.2337036132812,107.9307861328125,3098.591064453125,6637.5283203125
2023-01-31,2621.313232421875,746.807861328125,758.9990234375,456.95648193359375,2414.3056640625,805.0150756835938,1376.849853515625,291.02752685546875,344.5437316894531,2044.886474609375,1329.77294921875,8550.564453125,152.16404724121094,140.5850372314453,1069.5792236328125,514.2141723632812,995.6791381835938,108.79422760009766,3030.95458984375,6828.1923828125
2023-02-01,2638.526611328125,745.6444091796875,770.3829345703125,456.419921875,2411.963134765625,820.5464477539062,1392.4249267578125,298.5024719238281,347.27056884765625,2065.2451171875,1304.0216064453125,8429.013671875,151.14161682128906,140.5201416015625,1063.240478515625,489.9201965332031,976.8147583007812,110.93013000488281,3075.759765625,6882.013671875
2023-02-02,2601.8876953125,754.0306396484375,758.9281005859375,454.0298156738281,2468.742919921875,830.1748657226562,1421.735107421875,312.70904541015625,350.6642761230469,2064.619384765625,1304.3590087890625,8526.3896484375,148.38548278808594,138.02186584472656,1057.35595703125,490.6169128417969,969.7886352539062,109.02145385742188,3122.73046875,6907.31005859375
2023-02-03,2654.5380859375,768.7186279296875,785.1748046875,448.4202880859375,2481.7666015625,835.8840942382812,1435.7840576171875,314.4022521972656,354.3565368652344,2085.459228515625,1338.6944580078125,8595.7431640625,151.0312042236328,139.4169921875,1058.28759765625,505.5743103027344,989.5675048828125,109.385009765625,3142.49365234375,6928.07763671875
2023-02-06,2648.57568359375,765.1798706054688,781.8377075195312,436.4207763671875,2471.319091796875,826.110595703125,1409.2569580078125,316.6736145019531,347.7283630371094,2075.400146484375,1327.1207275390625,8562.7724609375,151.48733520507812,140.84457397460938,1050.3128662109375,506.6891174316406,984.9476928710938,106.74922943115234,3122.323974609375,6868.37744140625
2023-02-07,2652.27880859375,761.93212890625,782.997314453125,419.0556335449219,2437.21435546875,825.1912841796875,1402.5692138671875,308.2901306152344,353.3811950683594,2084.255859375,1318.1510009765625,8422.8642578125,150.75747680664062,140.7147979736328,1047.7908935546875,508.26837158203125,968.6337280273438,101.29589080810547,3133.6953125,6814.94140625
2023-02-08,2659.538818359375,751.46142578125,782.9027099609375,425.8358459472656,2419.974365234375,831.3359985351562,1427.794677734375,310.18988037109375,351.41070556640625,2051.094970703125,1324.2755126953125,8492.3134765625,150.985595703125,140.814453125,1068.7159423828125,510.73028564453125,982.3064575195312,101.29589080810547,3176.604736328125,6987.005859375
2023-02-09,2706.65966796875,743.2691650390625,781.2697143554688,433.6891784667969,2423.628173828125,832.9810791015625,1451.58349609375,309.1160583496094,352.48553466796875,2067.02587890625,1323.45556640625,8460.1123046875,151.4416961669922,141.3790283203125,1070.578857421875,511.70574951171875,976.2943115234375,101.11410522460938,3195.330322265625,6918.97119140625
2023-02-10,2697.04296875,748.4075317382812,784.3700561523438,422.56768798828125,2415.008544921875,826.2556762695312,1443.998046875,306.72076416015625,352.71441650390625,2082.860107421875,1316.9453125,8469.8671875,150.52940368652344,142.20928955078125,1061.7637939453125,513.7960815429688,976.1004028320312,98.8873291015625,3192.351806640625,6944.31494140625
2023-02-13,2683.72412109375,745.15966796875,784.9617309570312,417.2508850097656,2418.28759765625,823.1591186523438,1407.1024169921875,309.0747985839844,353.062744140625,2120.83349609375,1304.937744140625,8468.0419921875,153.12945556640625,143.47132873535156,1055.72021484375,499.3497619628906,984.48828125,98.84188079833984,3142.583740234375,6918.48828125
2023-02-14,2670.501708984375,751.5584106445312,792.2274169921875,424.1773986816406,2416.975830078125,837.3357543945312,1430.2633056640625,319.19281005859375,352.3760681152344,2109.61962890625,1314.7271728515625,8434.3994140625,151.48733520507812,142.8070831298828,1080.598388671875,502.4620361328125,976.245849609375,99.29633331298828,3158.556884765625,6879.8935546875
2023-02-15,2679.300537109375,761.4473266601562,790.6181030273438,423.3481750488281,2387.78955078125,842.657958984375,1433.674560546875,320.8559875488281,355.39154052734375,2093.64111328125,1330.3516845703125,8502.5498046875,151.25924682617188,142.47499084472656,1105.0675048828125,503.7626647949219,965.2396850585938,100.25067138671875,3177.101318359375,6892.08447265625
2023-02-16,2698.341064453125,760.5262451171875,787.7544555664062,424.0798645019531,2367.78564453125,841.3516235351562,1437.9385986328125,321.14971923828125,355.87921142578125,2096.769287109375,1319.5496826171875,8463.8603515625,152.7189178466797,142.54141235351562,1104.204345703125,501.7652282714844,964.997314453125,101.79578399658203,3210.852294921875,6911.2607421875
2023-02-17,2724.930908203125,753.1095581054688,783.8020629882812,419.00689697265625,2356.916748046875,834.7713623046875,1421.7799072265625,321.86334228515625,350.1666259765625,2143.02099609375,1293.84619140625,8466.408203125,153.31190490722656,142.0100555419922,1108.8162841796875,493.3111572265625,954.6699829101562,102.02300262451172,3159.50439453125,7032.78076171875
2023-02-20,2717.18994140625,755.387939453125,776.4415893554688,423.6408386230469,2353.122314453125,824.562255859375,1429.5450439453125,322.4089660644531,345.7976379394531,2142.202392578125,1298.4276123046875,8356.7314453125,153.17506408691406,143.3384552001953,1097.0928955078125,487.87640380859375,954.5731201171875,102.1138916015625,3147.006103515625,7157.095703125
2023-02-21,2709.0634765625,755.2909545898438,779.3526611328125,420.9580078125,2357.52587890625,826.594482421875,1417.9197998046875,320.89788818359375,344.38446044921875,2146.004638671875,1303.8284912109375,8333.8515625,158.05587768554688,144.2683563232422,1106.0445556640625,486.2970275878906,942.160888671875,102.84100341796875,3114.247802734375,7073.93017578125
2023-02-22,2688.724609375,748.6014404296875,764.0638427734375,419.20196533203125,2336.819091796875,812.1275634765625,1402.0306396484375,322.2411193847656,338.4828186035156,2112.603515625,1272.868896484375,8323.3740234375,155.54705810546875,142.57460021972656,1080.9619140625,479.700927734375,939.2032470703125,101.02322387695312,3069.62353515625,6944.0263671875
2023-02-23,2602.176025390625,739.6820068359375,758.8806762695312,425.7870788574219,2333.6337890625,812.6114501953125,1392.0660400390625,325.38922119140625,339.7965087890625,2078.3359375,1267.2747802734375,8359.228515625,154.72601318359375,141.64471435546875,1075.78173828125,484.02093505859375,943.0336303710938,101.84123229980469,3080.677734375,6916.2724609375
2023-02-24,2633.47802734375,734.0103759765625,752.1119384765625,405.1050109863281,2327.59033203125,812.56298828125,1392.0211181640625,323.29046630859375,337.8359375,2054.175537109375,1234.723876953125,8324.8642578125,156.0032196044922,142.84031677246094,1083.1429443359375,484.0673522949219,941.09423828125,99.75077056884766,3068.630615234375,6954.57861328125
2023-02-27,2644.440673828125,729.9384765625,753.981689453125,401.73931884765625,2312.552001953125,828.7233276367188,1354.9012451171875,320.8559875488281,343.5385437011719,2034.587158203125,1212.7335205078125,8297.6611328125,157.28041076660156,145.5968017578125,1075.9407958984375,490.2454528808594,935.8092651367188,96.43331909179688,3006.724853515625,6925.6201171875
2023-02-28,2720.31494140625,719.61328125,757.153076171875,389.4471740722656,2305.524658203125,827.223388671875,1335.376220703125,316.2386779785156,344.19537353515625,2030.207275390625,1224.500244140625,8290.115234375,155.54705810546875,147.6226806640625,1055.356689453125,485.6932067871094,927.6153564453125,94.47920227050781,2989.57861328125,6997.55859375
2023-03-01,2731.95068359375,727.3208618164062,756.4193725585938,402.9587707519531,2310.77197265625,828.6265869140625,1343.0067138671875,317.917724609375,347.3104248046875,2036.12744140625,1226.959716796875,8424.4990234375,157.14356994628906,145.39755249023438,1065.057861328125,498.6065979003906,930.2335205078125,95.88798522949219,3055.3203125,7009.94140625
2023-03-02,2725.21923828125,717.52880859375,749.98193359375,400.763671875,2300.559326171875,826.40087890625,1321.551513671875,315.2732849121094,342.6925964355469,2042.1915283203125,1207.0916748046875,8217.4443359375,155.8207550048828,146.36065673828125,1056.9471435546875,495.865966796875,936.0518188476562,95.11542510986328,2997.33984375,7024.4453125
2023-03-03,2720.363037109375,741.0878295898438,764.8684692382812,406.71466064453125,2315.22216796875,840.4806518554688,1327.9700927734375,323.1645812988281,348.5245666503906,2071.501708984375,1223.5357666015625,8267.91015625,157.46286010742188,147.52305603027344,1083.9154052734375,521.36767578125,937.603271484375,97.25132751464844,3016.01953125,6953.85595703125
2023-03-06,2754.694091796875,743.2206420898438,770.2645874023438,404.3733215332031,2328.199462890625,839.70654296875,1353.2406005859375,325.8509216308594,348.5245666503906,2061.00927734375,1225.320068359375,8296.94140625,161.29454040527344,150.8773651123047,1094.5028076171875,521.8322143554688,936.0032958984375,96.0243148803711,3042.821533203125,6939.0634765625
2023-03-08,2749.8857421875,743.1723022460938,771.8028564453125,397.7882385253906,2328.433349609375,843.9158935546875,1339.9993896484375,329.4187927246094,346.3749084472656,2089.550048828125,1244.1273193359375,8356.9697265625,163.16476440429688,151.4751739501953,1098.433349609375,524.7120361328125,928.4881591796875,96.79688262939453,3059.561279296875,7003.29248046875
2023-03-09,2744.115966796875,749.8133544921875,771.8738403320312,398.8614196777344,2306.227783203125,828.287841796875,1328.95751953125,325.3052978515625,341.6973876953125,2111.111572265625,1203.812255859375,8210.908203125,163.71214294433594,149.9806671142578,1072.032958984375,519.2310180664062,923.83349609375,98.34198760986328,3011.237060546875,6979.87548828125
2023-03-10,2721.661376953125,750.152587890625,751.969970703125,395.7395324707031,2310.02197265625,815.417724609375,1321.012939453125,325.72503662109375,338.2340087890625,2077.084716796875,1183.1240234375,8268.1982421875,164.89813232421875,150.47882080078125,1055.4249267578125,508.5006408691406,926.59716796875,98.25110626220703,3005.9580078125,6963.92626953125
2023-03-13,2677.42529296875,741.9602661132812,742.4559326171875,392.422607421875,2300.32470703125,801.6282958984375,1288.2916259765625,322.0731506347656,333.1783142089844,2053.983154296875,1151.05517578125,8188.271484375,163.94020080566406,150.17991638183594,1038.06689453125,492.38214111328125,925.1911010742188,97.06954956054688,2961.69384765625,6818.603515625
2023-03-14,2640.305908203125,748.2620239257812,740.4678344726562,392.86163330078125,2288.47216796875,803.51513671875,1274.736328125,318.7572326660156,328.0728454589844,2063.94580078125,1119.5653076171875,8182.2646484375,162.29806518554688,149.5821075439453,1034.181884765625,488.108642578125,928.1972045898438,96.70598602294922,2901.23193359375,6807.37744140625
2023-03-15,2718.96875,733.5740966796875,729.8414306640625,396.2273254394531,2254.41357421875,799.2090454101562,1274.4219970703125,318.5053405761719,331.595947265625,2095.180908203125,1119.131103515625,8146.50537109375,162.57176208496094,151.64120483398438,1016.5059204101562,480.8157958984375,922.5729370117188,98.75099182128906,2886.748291015625,6842.84033203125
2023-03-16,2782.293212890625,723.200439453125,734.5747680664062,375.5452880859375,2304.306884765625,797.273681640625,1260.4630126953125,320.2263488769531,331.1182556152344,2092.24560546875,1125.5931396484375,8110.458984375,163.84898376464844,154.19845581054688,1011.4393310546875,487.27252197265625,938.088134765625,95.47898864746094,2874.204345703125,6846.55029296875
2023-03-17,2752.86669921875,734.1558227539062,744.3965454101562,387.00823974609375,2293.110107421875,809.2245483398438,1275.3646240234375,315.2732849121094,336.9999694824219,2113.566162109375,1129.885009765625,7994.5322265625,161.43138122558594,152.57110595703125,1010.1670532226562,492.1962890625,928.6820068359375,97.25132751464844,2869.061279296875,7025.16845703125
2023-03-20,2745.654541015625,731.7805786132812,739.2371826171875,376.3257141113281,2352.8876953125,809.4180908203125,1260.0592041015625,318.0016174316406,338.30364990234375,2096.04736328125,1126.1719970703125,7901.05078125,160.564697265625,151.1098175048828,1000.238525390625,482.34869384765625,932.0760498046875,94.9791030883789,2836.57373046875,6980.1162109375
2023-03-21,2730.22021484375,733.864990234375,747.615234375,379.05731201171875,2307.351806640625,824.8526000976562,1248.4337158203125,316.4485778808594,339.73681640625,2125.79052734375,1119.0828857421875,7909.5107421875,161.56822204589844,148.22047424316406,1031.3416748046875,484.8105773925781,927.2275390625,95.2063217163086,2803.003662109375,7085.68701171875
2023-03-22,2730.94091796875,733.6226196289062,745.8875732421875,383.15472412109375,2320.235107421875,832.4005126953125,1247.1322021484375,317.1201477050781,339.3984680175781,2131.0849609375,1122.748046875,7932.580078125,159.05943298339844,148.8514862060547,1034.4771728515625,484.5318603515625,942.5972290039062,95.25177001953125,2825.29345703125,7127.9921875
2023-03-23,2690.504150390625,740.263671875,739.8998413085938,389.0569152832031,2328.433349609375,827.8040161132812,1233.935791015625,319.55474853515625,334.3327941894531,2124.057861328125,1123.567626953125,8029.47412109375,159.28750610351562,147.55624389648438,1021.3906860351562,476.3564758300781,948.027587890625,95.34265899658203,2819.7431640625,7138.88232421875
2023-03-24,2691.1767578125,739.197265625,738.7164916992188,378.91094970703125,2324.404296875,824.8526000976562,1239.4117431640625,317.917724609375,336.8108825683594,2085.073974609375,1109.9205322265625,7923.44873046875,157.55413818359375,147.7223358154297,1001.169921875,469.4817199707031,943.3729858398438,92.79776000976562,2815.99853515625,7136.66552734375
2023-03-27,2696.2255859375,738.5186157226562,741.9351196289062,380.42315673828125,2341.45703125,821.2721557617188,1246.86279296875,319.1768798828125,339.4083557128906,2073.378662109375,1097.4786376953125,7957.52392578125,156.2312469482422,146.194580078125,1016.73291015625,473.9410095214844,953.6517944335938,92.97954559326172,2817.622802734375,7179.59765625
2023-03-28,2677.66552734375,725.6242065429688,747.97021484375,383.3010559082031,2326.2783203125,827.1266479492188,1236.6739501953125,318.7991943359375,338.1543884277344,2053.742431640625,1088.2197265625,7890.66943359375,156.91549682617188,147.52305603027344,1021.4815673828125,472.0365295410156,954.3790893554688,93.16131591796875,2811.847412109375,7134.20849609375
2023-03-29,2664.250732421875,720.922119140625,751.567626953125,389.30078125,2371.29931640625,823.4978637695312,1242.01513671875,321.317626953125,342.5632019042969,2067.073974609375,1103.6513671875,7973.8173828125,158.74009704589844,147.75552368164062,1015.4381103515625,479.84033203125,961.8458251953125,94.16109466552734,2832.6025390625,7295.76904296875
2023-03-31,2655.73974609375,726.1574096679688,761.8629150390625,395.4468688964844,2398.939208984375,848.8994750976562,1281.873046875,321.947265625,344.9119567871094,2083.19677734375,1117.539794921875,7970.79052734375,159.74368286132812,149.91421508789062,1059.2191162109375,486.57574462890625,953.3124389648438,94.9791030883789,2893.064697265625,7345.3017578125
2023-04-03,2670.501708984375,737.355224609375,762.3361206054688,392.71527099609375,2376.21826171875,855.2378540039062,1266.5223388671875,318.0856018066406,347.4696350097656,2088.924072265625,1128.3419189453125,8173.5166015625,162.2068634033203,149.18356323242188,1059.40087890625,489.36279296875,949.3851928710938,94.61553955078125,2887.74072265625,7362.9853515625
2023-04-05,2700.79345703125,740.166748046875,782.7843627929688,393.4469299316406,2419.927490234375,856.011962890625,1277.92333984375,324.3818054199219,348.7037048339844,2173.24560546875,1114.4051513671875,8119.68701171875,160.47348022460938,149.8810272216797,1056.856201171875,485.8790283203125,966.9367065429688,95.29721069335938,2923.65673828125,7412.56689453125
2023-04-06,2702.091796875,742.590576171875,788.7484130859375,395.3493347167969,2403.53076171875,846.7222290039062,1276.4420166015625,325.1793518066406,349.73876953125,2189.1279296875,1129.6439208984375,8186.58935546875,159.8348388671875,149.6153564453125,1063.94482421875,490.1989440917969,981.4337158203125,94.84275817871094,2906.42041015625,7422.107421875
2023-04-10,2669.87646484375,746.274658203125,785.0090942382812,401.3978576660156,2372.51708984375,840.3839111328125,1281.5589599609375,326.1867370605469,350.1766052246094,2223.2509765625,1146.377685546875,8204.3740234375,162.02438354492188,152.1393585205078,1056.4017333984375,488.9447326660156,978.039794921875,95.38809204101562,2944.953857421875,7416.71044921875
2023-04-11,2648.19140625,750.5404663085938,787.3047485351562,407.34881591796875,2387.133544921875,853.3992309570312,1262.303466796875,332.4410095214844,367.533203125,2215.35791015625,1159.01220703125,8323.9521484375,162.48052978515625,153.6670684814453,1061.6273193359375,494.33306884765625,978.6701049804688,97.75120544433594,2900.194091796875,7460.26904296875
2023-04-12,2679.87744140625,747.5834350585938,797.52880859375,407.4464111328125,2369.51904296875,861.3826293945312,1282.1873779296875,330.3842468261719,367.0455017089844,2202.84423828125,1164.4615478515625,8286.9423828125,160.3822021484375,150.97698974609375,1066.3076171875,490.7098693847656,985.8944091796875,97.79666137695312,2925.326416015625,7403.79736328125
2023-04-13,2701.995361328125,743.6570434570312,801.1025390625,411.7388610839844,2376.31201171875,869.946533203125,1247.087158203125,332.105224609375,372.1111755371094,2174.208251953125,1161.760986328125,8334.7646484375,157.87342834472656,153.56744384765625,1070.3291015625,495.12274169921875,973.0942993164062,97.70576477050781,2877.6787109375,7377.19970703125
2023-04-17,2734.06689453125,736.4827270507812,788.890380859375,418.2264404296875,2390.975341796875,872.1722412109375,1129.578125,335.9249267578125,377.2166442871094,2131.1328125,1169.8626708984375,8338.466796875,154.72601318359375,157.18743896484375,1075.759033203125,505.3884582519531,968.439697265625,97.38765716552734,2833.14404296875,7461.23291015625
2023-04-18,2745.125732421875,736.5796508789062,785.553466796875,421.00677490234375,2380.856201171875,867.8660888671875,1130.5206298828125,334.53973388671875,375.8531494140625,2133.6357421875,1161.9056396484375,8394.2177734375,155.18212890625,152.96966552734375,1063.44482421875,507.10711669921875,974.3548583984375,97.79666137695312,2825.248046875,7319.42724609375
2023-04-19,2701.947265625,741.3301391601562,788.440673828125,422.47015380859375,2372.002197265625,863.0761108398438,1106.14794921875,334.7496337890625,375.17645263671875,2136.5234375,1172.322021484375,8343.560546875,152.4452362060547,152.7371368408203,1068.7386474609375,501.9510803222656,965.3367919921875,98.25110626220703,2788.11376953125,7242.9111328125
2023-04-20,2734.7880859375,748.7468872070312,791.37548828125,419.34832763671875,2335.4609375,865.4953002929688,1098.2481689453125,336.05084228515625,374.997314453125,2149.18115234375,1175.3118896484375,8376.9150390625,154.81723022460938,153.36819458007812,1066.034912109375,506.1317138671875,957.821533203125,98.16020965576172,2801.83056640625,7204.267578125
2023-04-21,2771.571044921875,741.8633422851562,792.6534423828125,412.0315856933594,2340.47314453125,857.028076171875,1101.794189453125,342.7248229980469,376.9180908203125,2132.2880859375,1169.669677734375,8226.76953125,154.81723022460938,153.79991149902344,1067.37548828125,504.59881591796875,959.469970703125,96.47876739501953,2852.41162109375,7091.228515625
2023-04-24,2780.225830078125,737.0643310546875,799.0671997070312,417.348388671875,2342.15966796875,875.5108032226562,1100.8516845703125,343.1026611328125,377.6346130371094,2145.475341796875,1164.847412109375,8138.04638671875,155.9575958251953,154.06558227539062,1071.465087890625,515.2361450195312,949.482177734375,96.79688262939453,2865.00048828125,7170.2978515625
2023-04-25,2786.861083984375,749.0377197265625,787.7070922851562,419.299560546875,2333.44580078125,883.9296264648438,1099.5946044921875,345.4952087402344,376.0522155761719,2163.81201171875,1166.872802734375,8140.68994140625,156.0944061279297,154.6966094970703,1079.666748046875,521.925048828125,943.0336303710938,97.2967758178711,2866.08251953125,7168.99755859375
2023-04-26,2798.401123046875,749.8617553710938,791.3281860351562,414.42169189453125,2352.51318359375,885.3811645507812,1101.973876953125,346.0828552246094,373.9224853515625,2190.956787109375,1170.44140625,8177.216796875,154.95408630371094,158.2834014892578,1073.3280029296875,526.152099609375,941.821533203125,97.11498260498047,2886.07080078125,7186.05419921875
2023-04-27,2788.736328125,762.5138549804688,795.682861328125,420.27508544921875,2313.30126953125,888.6712646484375,1118.7607421875,349.2309875488281,379.8937683105469,2219.3046875,1180.5201416015625,8211.8701171875,155.9575958251953,156.7224884033203,1080.1212158203125,524.6657104492188,949.0457763671875,97.84210968017578,2876.86669921875,7228.4560546875
2023-04-28,2791.04443359375,774.9234619140625,798.806884765625,425.4456481933594,2302.385986328125,887.993896484375,1124.595703125,357.2481384277344,385.75555419921875,2275.903564453125,1183.317138671875,8256.6640625,156.91549682617188,157.58596801757812,1099.8646240234375,537.25390625,957.7245483398438,98.1147689819336,2905.1123046875,7281.74755859375
2023-05-02,2788.3515625,766.1009521484375,798.6412353515625,435.2500915527344,2297.138916015625,892.300048828125,1146.768798828125,356.32470703125,382.3917541503906,2295.203369140625,1193.34765625,8436.7041015625,160.1997833251953,159.47900390625,1109.2025146484375,534.4668579101562,943.5669555664062,100.25067138671875,2905.247314453125,7185.76513671875
2023-05-03,2817.345703125,755.5333251953125,801.4338989257812,431.494140625,2329.27685546875,893.0258178710938,1139.318115234375,358.5913391113281,384.3424072265625,2268.10693359375,1191.5633544921875,8456.3623046875,160.8839874267578,159.2133026123047,1099.6829833984375,530.007568359375,934.4032592773438,99.705322265625,2869.60205078125,7234.52734375
2023-05-04,2868.45703125,765.0344848632812,817.8350830078125,434.615966796875,2348.71826171875,891.9130249023438,1143.2679443359375,356.4506530761719,387.65643310546875,2268.684326171875,1187.946533203125,8459.5341796875,160.8839874267578,158.64871215820312,1112.360595703125,538.8333129882812,944.4881591796875,100.93234252929688,2906.42041015625,7229.75732421875
2023-05-05,2897.403076171875,763.2893676757812,769.4835205078125,423.6408386230469,2343.0966796875,896.9932861328125,1130.296142578125,359.9345397949219,383.89453125,2288.513671875,1168.1748046875,8601.84765625,158.9681854248047,160.11001586914062,1109.5206298828125,535.5816650390625,941.0457153320312,98.75099182128906,2915.445068359375,7351.7099609375
2023-05-08,2903.653564453125,769.5426635742188,778.3822631835938,434.1769104003906,2357.66650390625,907.5894775390625,1136.131103515625,362.2011413574219,389.8956604003906,2276.8662109375,1188.043212890625,8724.5029296875,161.5226287841797,162.56759643554688,1123.220703125,542.177734375,932.706298828125,99.56900024414062,2933.403076171875,7454.486328125
2023-05-09,2918.414794921875,769.3971557617188,778.4059448242188,429.5917663574219,2357.198486328125,904.20263671875,1140.70947265625,355.7790222167969,388.9900207519531,2285.4814453125,1201.2081298828125,8758.4345703125,160.564697265625,161.67091369628906,1126.69677734375,532.7945556640625,928.439697265625,99.56900024414062,2962.8671875,7435.984375
2023-05-10,2924.76171875,771.7724609375,782.0033569335938,425.7870788574219,2363.662841796875,905.7991943359375,1134.0216064453125,357.08026123046875,389.86578369140625,2275.951904296875,1204.2945556640625,8812.8408203125,161.5226287841797,164.4938507080078,1134.4443359375,531.5869750976562,924.900146484375,99.29633331298828,2966.070556640625,7461.9560546875
2023-05-11,3019.340087890625,764.5496826171875,782.5239868164062,410.5682067871094,2428.96875,908.847412109375,1127.60302734375,352.9247131347656,389.7165222167969,2158.2294921875,1206.8505859375,8901.99609375,163.8033447265625,165.09165954589844,1127.03759765625,532.7481689453125,931.9304809570312,98.66011047363281,2961.874267578125,7550.8544921875
2023-05-12,3011.021728515625,767.7975463867188,789.434814453125,394.86151123046875,2458.014404296875,913.3955688476562,1117.818115234375,352.9667663574219,390.2439880371094,2137.967529296875,1230.624755859375,8935.16015625,159.60679626464844,160.574951171875,1128.8779296875,537.1145629882812,927.0335693359375,97.02410125732422,2954.790771484375,7423.16748046875
2023-05-15,3011.887451171875,772.7420654296875,793.2214965820312,400.6661682128906,2494.4150390625,915.185791015625,1129.622802734375,359.13702392578125,392.7121276855469,2162.753662109375,1239.9801025390625,8850.4736328125,160.51907348632812,161.5712890625,1131.1044921875,540.5984497070312,924.1244506835938,97.88754272460938,2937.419189453125,7479.06103515625
2023-05-16,3017.753173828125,763.337890625,788.6731567382812,402.3734130859375,2507.205078125,915.766357421875,1134.96435546875,355.9049377441406,387.5469665527344,2143.8388671875,1217.604248046875,8719.7919921875,161.88751220703125,159.81109619140625,1114.9962158203125,544.68603515625,912.4396362304688,97.61488342285156,2940.21630859375,7419.07177734375
2023-05-17,2973.85400390625,768.0884399414062,784.4360961914062,397.739501953125,2493.947021484375,908.9926147460938,1119.3441162109375,358.9691162109375,380.0032043457031,2136.5234375,1218.231201171875,8765.9814453125,160.564697265625,158.6155242919922,1108.4072265625,544.68603515625,907.5910034179688,96.3424301147461,2895.59130859375,7420.75830078125
2023-05-18,2989.8173828125,774.9718627929688,787.572021484375,396.56878662109375,2461.90283203125,915.9114990234375,1118.5362548828125,352.33709716796875,383.6357727050781,2106.298828125,1201.2564697265625,8702.4404296875,159.74368286132812,156.523193359375,1106.02197265625,533.4448852539062,901.4819946289062,95.61531829833984,2887.605224609375,7327.95556640625
2023-05-19,2966.16064453125,781.1766967773438,788.481689453125,396.81268310546875,2474.926513671875,923.4594116210938,1139.0936279296875,352.4629821777344,386.47210693359375,2108.07958984375,1215.627197265625,8753.0517578125,158.1015167236328,155.22801208496094,1109.611572265625,534.3275146484375,897.7969970703125,95.11542510986328,2908.361083984375,7402.3037109375
2023-05-22,2966.59326171875,777.3956298828125,785.680908203125,397.739501953125,2471.7880859375,919.6370849609375,1160.548828125,356.5765686035156,386.1835632324219,2133.6357421875,1220.59423828125,8801.787109375,158.83132934570312,155.6597137451172,1115.5413818359375,536.1856079101562,909.045654296875,95.43354034423828,2976.809814453125,7435.40625
2023-05-23,3000.92431640625,775.5536499023438,783.8375854492188,400.27593994140625,2462.60595703125,922.5885620117188,1167.0570068359375,360.27032470703125,382.4613952636719,2115.39501953125,1223.487548828125,8844.12890625,158.87696838378906,155.49368286132812,1115.3369140625,540.3197021484375,903.3728637695312,95.9788818359375,2975.320556640625,7376.23583984375
2023-05-24,2982.556396484375,776.9594116210938,773.5921020507812,396.9590148925781,2450.09716796875,910.2506103515625,1165.8001708984375,363.9222106933594,380.2420959472656,2103.36279296875,1230.383544921875,8911.4638671875,159.60679626464844,156.6228485107422,1108.8389892578125,541.3416137695312,923.3001708984375,95.61531829833984,2981.005859375,7375.80224609375
2023-05-25,3003.76123046875,797.6097412109375,770.6237182617188,394.373779296875,2433.51318359375,909.4763793945312,1170.917236328125,370.3443298339844,384.143310546875,2122.181396484375,1232.4090576171875,8922.1337890625,159.1962432861328,158.0509033203125,1108.7027587890625,539.9945678710938,916.3668212890625,95.29721069335938,2972.1171875,7344.91650390625
2023-05-26,3008.4248046875,793.0046997070312,773.5921020507812,403.446533203125,2485.139892578125,919.975830078125,1182.6771240234375,372.4010925292969,387.1488952636719,2135.416748046875,1236.3150634765625,9035.6572265625,159.1962432861328,157.61917114257812,1138.94287109375,544.407470703125,940.5123901367188,96.70598602294922,3004.0625,7441.380859375
2023-05-29,3017.079833984375,796.2040405273438,783.0238037109375,409.64141845703125,2483.21875,917.50830078125,1179.9390869140625,377.0183410644531,388.7710876464844,2141.288330078125,1282.8994140625,8971.7822265625,160.83837890625,155.7593536376953,1145.3497314453125,552.7686157226562,939.1063232421875,98.56920623779297,2996.346923828125,7555.76904296875
2023-05-30,3023.8115234375,793.4894409179688,783.6221923828125,403.0075378417969,2489.074951171875,919.2500610351562,1188.4222412109375,386.17340087890625,393.05047607421875,2128.052978515625,1281.259765625,9019.7001953125,161.29454040527344,156.15789794921875,1145.0543212890625,550.7247924804688,930.5244750976562,97.2967758178711,2992.601806640625,7614.939453125
2023-05-31,3070.499755859375,823.9803466796875,771.22216796875,395.98345947265625,2499.38134765625,918.4758911132812,1183.440185546875,382.39666748046875,400.9425964355469,2123.095703125,1272.1455078125,9004.6572265625,158.603271484375,155.32760620117188,1122.311767578125,549.1620483398438,945.7972412109375,96.16065216064453,2968.507568359375,7584.197265625
2023-06-01,3116.41845703125,802.69970703125,767.9425659179688,396.4224548339844,2527.817626953125,905.8475952148438,1184.517333984375,377.4182434082031,384.1632385253906,2125.165283203125,1272.0489501953125,8966.7841796875,159.1050262451172,154.76304626464844,1119.2900390625,551.9086303710938,957.7730712890625,96.29698181152344,2999.640625,7557.9375
2023-06-02,3113.100830078125,810.9888916015625,769.1395263671875,410.47064208984375,2545.4326171875,907.8313598632812,1181.7882080078125,380.5941162109375,385.8949279785156,2150.913818359375,1293.749755859375,9117.7470703125,159.2418670654297,155.82577514648438,1115.6322021484375,556.1231079101562,969.3125,98.16020965576172,2983.036376953125,7565.501953125
2023-06-05,3077.038818359375,809.0499267578125,768.1340942382812,409.4462890625,2525.8505859375,916.1534423828125,1186.7918701171875,378.2336730957031,383.1381530761719,2183.40087890625,1345.83154296875,9210.748046875,158.83132934570312,156.489990234375,1125.6517333984375,556.1231079101562,978.185302734375,99.43266296386719,2967.965576171875,7595.7138671875
2023-06-06,3089.5400390625,804.1539306640625,765.7402954101562,405.3976745605469,2521.49365234375,911.6536254882812,1163.5927734375,380.0791015625,389.9355163574219,2192.689453125,1361.0701904296875,9358.876953125,160.01730346679688,156.290771484375,1126.6058349609375,554.3709716796875,983.0822143554688,99.06910705566406,2916.88916015625,7814.9990234375
2023-06-07,3101.128173828125,818.5025634765625,769.7140502929688,412.27545166015625,2544.964111328125,909.8151245117188,1172.644775390625,381.0662536621094,386.0242919921875,2228.833984375,1356.4407958984375,9331.2880859375,161.79632568359375,158.88119506835938,1135.148681640625,558.0172729492188,983.8579711914062,101.34132385253906,2955.331787109375,7861.3037109375
2023-06-08,3089.059326171875,810.504150390625,770.1928100585938,408.0317077636719,2510.95263671875,907.5894775390625,1167.050048828125,380.1649475097656,375.494873046875,2252.705810546875,1331.9912109375,9284.283203125,166.0841064453125,160.508544921875,1135.8302001953125,557.3543701171875,957.0942993164062,101.02322387695312,2920.6337890625,7805.9404296875
2023-06-09,3078.943359375,808.0803833007812,771.1024780273438,404.9098815917969,2470.007568359375,907.734619140625,1151.72021484375,376.34527587890625,372.6087951660156,2274.55615234375,1321.9608154296875,9254.67578125,166.76834106445312,162.667236328125,1127.7872314453125,548.072998046875,954.13671875,98.97821807861328,2896.133544921875,7857.111328125
2023-06-12,3092.689697265625,810.843505859375,766.4105834960938,406.61712646484375,2476.800537109375,905.7025146484375,1175.374267578125,375.0577697753906,374.0916748046875,2252.368896484375,1332.328857421875,9180.3251953125,169.4140167236328,160.508544921875,1128.787109375,548.0256958007812,955.5911865234375,99.52355194091797,2930.06396484375,7900.81396484375
2023-06-13,3158.6142578125,808.9044799804688,767.7032470703125,411.1047668457031,2507.205078125,913.056884765625,1187.1102294921875,382.310791015625,369.4141540527344,2266.27783203125,1324.3720703125,9148.65234375,169.09471130371094,160.9070587158203,1145.46337890625,545.894775390625,958.1610107421875,101.02322387695312,2927.176513671875,7975.6923828125
2023-06-14,3165.729248046875,802.69970703125,766.8653564453125,414.6655578613281,2528.6142578125,909.4281005859375,1183.06201171875,381.538330078125,371.14581298828125,2266.904052734375,1329.676513671875,9163.0693359375,170.78245544433594,163.72999572753906,1159.5494384765625,546.0367431640625,956.8033447265625,103.4317855834961,2933.809326171875,8054.71337890625
2023-06-15,3189.10791015625,804.3963623046875,757.4337158203125,412.7144470214844,2520.135009765625,896.6546020507812,1170.68896484375,384.6283874511719,364.9456481933594,2272.919677734375,1343.2757568359375,9223.0029296875,170.32627868652344,163.69677734375,1159.86767578125,536.5186157226562,958.4519653320312,103.3863296508789,2924.0361328125,8030.52587890625
2023-06-16,3210.88916015625,812.249267578125,767.3441772460938,416.5191955566406,2544.448974609375,904.009033203125,1175.1011962890625,388.920166015625,369.7027587890625,2278.214111328125,1353.9814453125,9231.5107421875,171.6947479248047,163.69677734375,1171.1595458984375,541.0172119140625,961.9427490234375,103.84078979492188,2886.39794921875,8030.5732421875
2023-06-19,3203.967529296875,802.8936157226562,768.014404296875,415.73870849609375,2534.625,893.316162109375,1177.2392578125,389.349365234375,363.1642150878906,2277.78076171875,1352.7275390625,9162.58984375,169.55088806152344,161.4716796875,1159.52685546875,538.7442626953125,971.44580078125,103.7044448852539,2918.67236328125,7968.271484375
2023-06-20,3212.679443359375,805.8506469726562,769.6182861328125,418.4703369140625,2527.870849609375,895.6386108398438,1185.7911376953125,388.7055969238281,367.0355529785156,2292.844970703125,1346.8441162109375,9124.236328125,171.05613708496094,165.22447204589844,1161.9351806640625,537.37109375,961.894287109375,103.84078979492188,2934.399658203125,7944.03564453125
2023-06-21,3210.1630859375,813.41259765625,783.0715942382812,410.6658020019531,2528.34326171875,894.8159790039062,1182.1065673828125,383.72711181640625,367.3440856933594,2304.828857421875,1325.4327392578125,9074.9716796875,171.05613708496094,171.5013427734375,1165.206787109375,536.3765258789062,961.8458251953125,103.52267456054688,2962.128173828125,7942.2041015625
2023-06-22,3144.287109375,817.0967407226562,786.9017333984375,409.7877502441406,2507.32568359375,895.8321533203125,1165.9127197265625,384.24212646484375,365.463134765625,2325.813232421875,1329.724609375,9038.63671875,168.3192596435547,168.41273498535156,1152.1202392578125,533.156494140625,960.2943115234375,104.27351379394531,2944.21875,7866.2666015625
2023-06-23,3192.3505859375,828.7308349609375,786.8538208007812,398.5199279785156,2495.281982421875,893.6548461914062,1150.85595703125,381.7528991699219,363.9603271484375,2300.1123046875,1324.4683837890625,8965.822265625,170.32627868652344,166.12118530273438,1142.691650390625,525.2484741210938,961.4094848632812,102.86568450927734,2924.081298828125,7786.71484375
2023-06-26,3202.46728515625,825.9677124023438,783.0477294921875,404.5684509277344,2505.200439453125,897.4772338867188,1155.72314453125,382.56829833984375,362.845703125,2288.5615234375,1348.0015869140625,9103.1845703125,168.6841583251953,165.0584259033203,1133.967041015625,527.5687866210938,964.8033447265625,103.1003189086914,2899.807861328125,7870.45849609375
2023-06-27,3219.746826171875,838.5228271484375,794.083251953125,407.5439453125,2504.491943359375,905.8475952148438,1163.729248046875,382.0533142089844,367.1748962402344,2298.66845703125,1352.5828857421875,9094.341796875,169.7333221435547,165.755859375,1134.376220703125,536.1397705078125,971.44580078125,103.94502258300781,2906.8076171875,7910.3544921875
2023-06-28,3241.2861328125,845.6002197265625,802.4856567382812,409.9341125488281,2513.843505859375,907.1539916992188,1176.64794921875,385.70135498046875,366.348876953125,2330.818359375,1345.44580078125,9170.9052734375,172.5158233642578,166.15438842773438,1149.3939208984375,539.6439819335938,990.8397827148438,104.69586944580078,2923.263427734375,7960.611328125
2023-06-30,3254.64501953125,851.950439453125,814.5745239257812,410.6658020019531,2529.80712890625,904.3961181640625,1214.99462890625,387.6326599121094,367.5431213378906,2382.8935546875,1401.9639892578125,9409.6767578125,172.56141662597656,169.4754638671875,1158.8226318359375,542.5325927734375,1019.73681640625,105.11820983886719,3002.176025390625,7993.47216796875
2023-07-03,3251.402099609375,852.3381958007812,823.3838500976562,415.2509460449219,2551.43896484375,912.089111328125,1213.3570556640625,397.6324462890625,367.025634765625,2362.198486328125,1415.80419921875,9298.125,174.4772491455078,166.38685607910156,1188.5628662109375,554.4657592773438,1001.4094848632812,106.15062713623047,2974.947509765625,8156.38232421875
2023-07-04,3240.75341796875,838.7651977539062,827.4053955078125,415.3972473144531,2550.447509765625,914.169677734375,1223.77392578125,400.2933349609375,370.55865478515625,2369.70654296875,1412.4285888671875,9273.5166015625,177.0316925048828,165.78907775878906,1176.3167724609375,558.0646362304688,1017.0217895507812,105.49363708496094,3008.17578125,8106.17431640625
2023-07-05,3266.600341796875,840.219482421875,801.1211547851562,411.2023010253906,2603.203857421875,927.0398559570312,1225.72998046875,407.803955078125,371.18560791015625,2378.321533203125,1422.9415283203125,9605.0517578125,176.438720703125,168.2134552001953,1174.3856201171875,559.3431396484375,1013.0459594726562,106.00984191894531,3018.266845703125,8072.92724609375
2023-07-06,3290.801513671875,843.1279296875,801.93505859375,415.98260498046875,2604.384033203125,928.3946533203125,1222.63671875,406.77392578125,373.6637268066406,2395.455322265625,1493.782470703125,9477.302734375,179.49490356445312,174.49034118652344,1199.03662109375,561.142578125,1010.91259765625,105.72827911376953,3020.94921875,8104.7294921875
2023-07-07,3236.88134765625,843.9036254882812,794.945068359375,412.373046875,2548.65234375,915.8147583007812,1210.1728515625,402.0530090332031,368.9264831542969,2357.674072265625,1508.587158203125,9468.5048828125,175.7088623046875,169.67474365234375,1196.6964111328125,562.1843872070312,1004.3185424804688,104.7427978515625,3026.72216796875,8033.6572265625
2023-07-10,3236.3486328125,858.3976440429688,793.0538940429688,417.3971862792969,2509.404052734375,917.7501220703125,1209.217529296875,399.8641662597656,371.5936584472656,2347.470947265625,1496.2901611328125,9358.9736328125,174.7509765625,166.0547637939453,1242.7947998046875,561.2373046875,1013.3368530273438,108.2154541015625,2974.628662109375,8048.01611328125
2023-07-11,3284.1708984375,864.6994018554688,789.1997680664062,414.275390625,2535.8056640625,914.41162109375,1226.9124755859375,406.1301574707031,371.5339660644531,2381.930908203125,1513.69873046875,9516.47265625,175.52638244628906,168.37953186035156,1256.267578125,557.401611328125,1039.76123046875,108.07466125488281,2975.038330078125,8023.4912109375
2023-07-12,3297.916748046875,862.808837890625,781.8029174804688,414.4704895019531,2525.556640625,913.87939453125,1212.9931640625,405.40057373046875,373.8229064941406,2363.064453125,1515.049072265625,9454.6162109375,174.06674194335938,167.4164276123047,1257.6536865234375,558.0646362304688,1046.0643310546875,107.65231323242188,2963.67431640625,7921.91845703125
2023-07-13,3289.979248046875,858.0582885742188,785.7047729492188,424.567626953125,2507.656005859375,924.814208984375,1241.9237060546875,405.1430358886719,372.1510009765625,2358.4443359375,1511.2393798828125,9273.662109375,171.4210662841797,161.4716796875,1246.4072265625,554.6552124023438,1043.0582275390625,107.79310607910156,3036.995849609375,7934.9287109375
2023-07-14,3320.18212890625,859.4640502929688,787.3326416015625,436.03057861328125,2528.626708984375,929.0236206054688,1297.2830810546875,405.91552734375,372.0116271972656,2379.717041015625,1507.24365234375,9231.462890625,171.0105438232422,159.44578552246094,1245.3623046875,553.4713134765625,1040.4398193359375,109.95177459716797,3195.274658203125,7885.3466796875
2023-07-17,3349.85302734375,851.3201904296875,803.8021850585938,436.1768798828125,2533.160888671875,937.3941040039062,1294.5535888671875,405.4434509277344,377.5948181152344,2376.396240234375,1497.254150390625,9314.0341796875,170.1438751220703,160.07679748535156,1270.808349609375,569.2874755859375,1044.9490966796875,110.51490783691406,3174.41015625,7951.31103515625
2023-07-18,3401.20849609375,848.7510986328125,803.1319580078125,433.6404113769531,2534.199951171875,943.9259643554688,1342.089111328125,405.5722351074219,376.3607482910156,2382.0751953125,1495.6947021484375,9291.060546875,170.91932678222656,160.1764373779297,1281.600341796875,561.0005493164062,1034.81591796875,109.43557739257812,3179.092529296875,7879.03515625
2023-07-19,3402.370361328125,844.1943969726562,806.7705688476562,428.4698791503906,2523.620361328125,941.9906005859375,1341.8616943359375,411.0227966308594,379.49566650390625,2400.79736328125,1505.1968994140625,9235.2119140625,175.6632537841797,161.5712890625,1291.3243408203125,569.6190185546875,1049.0701904296875,109.52942657470703,3154.72802734375,8026.6708984375
2023-07-20,3413.357421875,857.8643798828125,808.51806640625,430.7624816894531,2553.517578125,963.4248046875,1318.7080078125,422.4388732910156,389.507568359375,2396.513916015625,1506.0740966796875,9393.7705078125,175.98255920410156,162.2355194091797,1289.760498046875,577.7637939453125,1064.3916015625,109.76406860351562,3156.77880859375,7925.4365234375
2023-07-21,3405.322509765625,858.979248046875,802.2940673828125,423.8847351074219,2459.764404296875,964.7794799804688,1211.446533203125,420.9796447753906,392.1548156738281,2489.449951171875,1484.7794189453125,9391.4150390625,177.9896240234375,162.13583374023438,1249.834716796875,582.5465087890625,1063.9068603515625,109.43557739257812,3070.186767578125,7824.29833984375
2023-07-24,3430.491943359375,861.0637817382812,803.5628662109375,422.37255859375,2437.330322265625,959.9410400390625,1215.9952392578125,404.5851135253906,377.6346130371094,2507.7392578125,1507.535888671875,9319.080078125,178.71946716308594,164.36099243164062,1224.554931640625,584.9616088867188,1067.058349609375,108.40316009521484,3094.29541015625,7921.2919921875
2023-07-25,3291.77001953125,856.7009887695312,812.2764282226562,438.51824951171875,2425.900634765625,962.5538330078125,1214.17578125,396.8170166015625,373.305419921875,2465.048828125,1525.95556640625,9380.4072265625,183.0529022216797,166.81861877441406,1223.767333984375,577.3375854492188,1061.870361328125,111.92274475097656,3098.306884765625,8088.44287109375
2023-07-26,3265.245361328125,862.275634765625,809.4515991210938,438.03045654296875,2440.211181640625,964.247314453125,1227.139892578125,405.357666015625,377.2464904785156,2547.204345703125,1505.5867919921875,9378.244140625,183.91957092285156,166.71900939941406,1243.6563720703125,582.5939331054688,1078.306884765625,112.5797348022461,3088.4169921875,8048.9794921875
2023-07-27,3261.760009765625,867.8502197265625,801.04931640625,440.371826171875,2427.50634765625,958.2476196289062,1231.0521240234375,399.1774597167969,372.95709228515625,2560.632568359375,1410.613525390625,9375.6015625,184.2388916015625,166.51971435546875,1232.087158203125,583.9197998046875,1100.561279296875,112.43894958496094,3096.25537109375,8023.71337890625
2023-07-28,3282.3798828125,867.8017578125,786.8538208007812,440.4693908691406,2441.439208984375,964.00537109375,1219.5433349609375,402.0958557128906,373.5741271972656,2550.381103515625,1430.4951171875,9295.529296875,191.58290100097656,171.5013427734375,1244.4686279296875,583.4462280273438,1107.9573974609375,113.18978881835938,3058.428466796875,8041.62255859375
2023-07-31,3269.456298828125,862.7603759765625,790.5403442382812,451.2982482910156,2418.95751953125,966.0375366210938,1233.371826171875,399.73541259765625,369.5335693359375,2580.990966796875,1437.7069091796875,9440.1494140625,199.20059204101562,176.71548461914062,1255.00390625,587.3766479492188,1112.677001953125,115.58311462402344,3118.632568359375,8052.6591796875
2023-08-01,3236.155029296875,864.45703125,795.8306884765625,452.7615661621094,2409.794921875,962.4086303710938,1242.0146484375,398.962890625,368.2298278808594,2566.8408203125,1455.3956298828125,9340.1796875,205.40420532226562,167.2503662109375,1237.2562255859375,579.468505859375,1112.7254638671875,115.63004302978516,3146.524658203125,8017.46875
2023-08-02,3255.468017578125,851.3201904296875,785.4175415039062,443.3960876464844,2426.65576171875,955.0543212890625,1234.418212890625,394.9286193847656,362.9949951171875,2552.724609375,1447.5504150390625,9279.6689453125,199.88479614257812,165.09165954589844,1224.0380859375,566.7777099609375,1104.745849609375,111.64117431640625,3136.13330078125,8023.1806640625
2023-08-03,3229.766357421875,845.1154174804688,779.7442626953125,442.2254333496094,2409.98388671875,933.8136596679688,1241.1959228515625,391.4523010253906,362.9054260253906,2529.311767578125,1431.810791015625,9260.1669921875,200.79708862304688,165.19126892089844,1218.8934326171875,559.2484741210938,1110.34130859375,110.93726348876953,3099.03515625,7876.46728515625
2023-08-04,3232.960205078125,862.5180053710938,791.0191040039062,445.8350524902344,2404.97705078125,939.1358642578125,1253.97802734375,390.508056640625,366.2421569824219,2557.34912109375,1427.425048828125,9189.044921875,198.83566284179688,164.29458618164062,1235.45947265625,542.9586791992188,1108.3463134765625,111.68810272216797,3138.777099609375,7897.765625
2023-08-07,3236.20361328125,864.2146606445312,790.5642700195312,453.49322509765625,2426.891845703125,944.1194458007812,1267.30615234375,390.4652099609375,364.857666015625,2566.110595703125,1488.0931396484375,9240.857421875,198.83566284179688,164.69309997558594,1242.49951171875,537.8446044921875,1129.6092529296875,111.54732513427734,3175.692138671875,7914.51318359375
2023-08-08,3241.09228515625,858.3976440429688,789.91796875,443.6400146484375,2423.727783203125,948.2321166992188,1264.7589111328125,388.2763977050781,364.1504821777344,2562.5087890625,1461.584228515625,9259.05078125,198.4707489013672,163.54188537597656,1235.016357421875,542.769287109375,1117.785888671875,110.89032745361328,3163.4326171875,7896.5068359375
2023-08-09,3224.587158203125,856.7494506835938,790.2052001953125,457.44427490234375,2410.83349609375,949.0126342773438,1268.5799560546875,393.6839904785156,364.8476867675781,2581.395263671875,1495.7435302734375,9181.9609375,199.51988220214844,162.7631072998047,1243.1639404296875,543.3849487304688,1121.8243408203125,112.81436920166016,3156.0498046875,7852.3623046875
2023-08-10,3134.461181640625,848.120849609375,783.1912841796875,457.44427490234375,2396.1923828125,940.6220703125,1263.7581787109375,387.76141357421875,358.7420349121094,2573.509521484375,1506.122802734375,9118.4072265625,198.33392333984375,163.74505615234375,1248.702392578125,543.2902221679688,1119.391357421875,112.62665557861328,3137.455322265625,7843.6015625
2023-08-11,3083.58984375,847.8773803710938,775.0284423828125,451.1518859863281,2363.2255859375,929.64599609375,1248.064697265625,385.1863098144531,356.86944580078125,2568.641845703125,1507.14599609375,9078.8671875,197.03880310058594,165.43804931640625,1253.969970703125,543.7638549804688,1101.9237060546875,112.90823364257812,3143.561767578125,7873.3701171875
2023-08-14,3100.288818359375,844.468505859375,771.24609375,442.6581115722656,2392.7919921875,936.1828002929688,1267.806640625,385.57257080078125,357.3973388671875,2589.47509765625,1507.535888671875,9044.7138671875,197.03880310058594,165.57347106933594,1268.7884521484375,531.1203002929688,1103.772705078125,110.89032745361328,3144.51953125,7797.22998046875
2023-08-16,3092.011962890625,834.631591796875,768.995849609375,437.15924072265625,2411.211669921875,933.2071533203125,1290.50537109375,386.4738464355469,355.8236083984375,2619.80078125,1530.6822509765625,9139.7060546875,201.1553192138672,167.97750854492188,1267.7545166015625,535.429443359375,1112.920166015625,108.82550811767578,3152.312255859375,7988.52392578125
2023-08-17,3081.55712890625,834.3880615234375,764.73486328125,439.5158996582031,2402.379150390625,928.4752807617188,1284.1824951171875,378.5340881347656,351.7398986816406,2582.271484375,1533.5086669921875,9096.76953125,199.58273315429688,165.0316925048828,1249.465576171875,541.86962890625,1114.0391845703125,108.91936492919922,3131.667236328125,7945.39453125
2023-08-18,3062.486572265625,833.9498291015625,761.598876953125,431.56219482421875,2413.242431640625,927.4996337890625,1263.4852294921875,379.09197998046875,348.77166748046875,2572.000732421875,1513.1885986328125,9175.1201171875,199.02769470214844,163.20330810546875,1258.7208251953125,542.6273193359375,1104.4053955078125,108.68473052978516,3069.093017578125,7952.6552734375
2023-08-21,3080.63720703125,849.2409057617188,761.00048828125,441.28338623046875,2420.79931640625,931.9388427734375,1278.5872802734375,384.37091064453125,350.67413330078125,2591.76318359375,1499.4468994140625,9158.3818359375,202.40415954589844,167.40188598632812,1244.986328125,541.4434814453125,1106.8380126953125,109.7171401977539,3100.58544921875,7956.96337890625
2023-08-22,3078.120361328125,854.79248046875,757.7448120117188,442.21624755859375,2423.6806640625,928.8167724609375,1277.086181640625,389.9072570800781,351.221923828125,2607.875244140625,1511.0931396484375,9209.90625,205.0868682861328,167.80819702148438,1244.68994140625,538.4127807617188,1106.984130859375,110.32720184326172,3082.810791015625,7941.66796875
2023-08-23,3067.56884765625,845.5398559570312,759.6119995117188,452.91937255859375,2431.4736328125,943.3051147460938,1280.9072265625,386.6455383300781,354.5985107421875,2645.64794921875,1503.247802734375,9315.7158203125,205.0868682861328,169.0271453857422,1246.0732421875,546.3682861328125,1093.506103515625,111.64117431640625,3097.48583984375,7901.39599609375
2023-08-24,3122.553955078125,846.8060913085938,756.1170043945312,448.2551574707031,2438.274658203125,945.35400390625,1295.1451416015625,387.0317687988281,354.77777099609375,2616.977294921875,1503.004150390625,9289.2744140625,204.30056762695312,166.7924041748047,1225.1259765625,546.4155883789062,1088.25146484375,110.98418426513672,3087.915283203125,7949.31640625
2023-08-25,3155.177490234375,850.7505493164062,747.594970703125,441.87255859375,2421.55517578125,946.7686767578125,1291.9608154296875,380.5511779785156,354.35943603515625,2568.54443359375,1481.417236328125,9223.2958984375,201.5716094970703,163.88047790527344,1219.46923828125,539.7860717773438,1076.5738525390625,109.7171401977539,3082.0361328125,7813.8330078125
2023-08-28,3155.564697265625,847.6824951171875,755.3749389648438,438.2393798828125,2414.139892578125,946.9149780273438,1287.9124755859375,378.8774108886719,356.6503601074219,2623.987060546875,1509.875,9312.5625,202.31167602539062,168.28221130371094,1207.3155517578125,542.5325927734375,1086.9862060546875,110.37413024902344,3076.795166015625,7858.55810546875
2023-08-29,3180.734130859375,832.9271240234375,761.3834838867188,447.8132629394531,2386.226318359375,944.1831665039062,1289.7320556640625,377.76153564453125,355.2060546875,2646.9619140625,1521.1800537109375,9335.4130859375,204.53184509277344,170.07681274414062,1195.755126953125,544.4267578125,1081.7314453125,112.20431518554688,3077.342529296875,7937.98974609375
2023-08-30,3189.446533203125,835.4107055664062,755.8297119140625,448.5006103515625,2391.705078125,935.5487670898438,1305.6529541015625,380.0791015625,353.5726013183594,2637.275390625,1542.9620361328125,9505.359375,203.88427734375,167.3341522216797,1194.618896484375,537.37109375,1084.9427490234375,114.59761810302734,3090.831787109375,8002.12451171875
2023-08-31,3152.079833984375,834.0958862304688,752.3587036132812,451.5446472167969,2366.295654296875,935.40234375,1305.9259033203125,377.4182434082031,350.35540771484375,2631.142333984375,1535.3604736328125,9706.59765625,203.79177856445312,165.60731506347656,1189.15966796875,531.6412353515625,1081.7314453125,115.34847259521484,3059.704833984375,8032.61962890625
2023-09-01,3155.419677734375,843.3971557617188,753.9146728515625,464.7026062011719,2366.059326171875,945.110107421875,1313.56787109375,378.5769958496094,352.8155822753906,2630.55810546875,1551.4896240234375,10024.3193359375,213.41246032714844,170.78782653808594,1191.9508056640625,539.4072265625,1079.201171875,119.24347686767578,3080.121826171875,7998.6884765625
2023-09-04,3132.186279296875,842.76416015625,758.630615234375,477.8606262207031,2362.84765625,943.7929077148438,1332.900390625,375.5298156738281,351.04266357421875,2639.31982421875,1536.3349609375,10054.5927734375,218.1302947998047,172.95486450195312,1190.987548828125,545.089599609375,1079.1038818359375,123.65469360351562,3115.943603515625,8308.619140625
2023-09-05,3120.32763671875,843.3484497070312,754.010498046875,477.320556640625,2368.1845703125,944.8173828125,1345.455322265625,380.33660888671875,352.80560302734375,2660.59130859375,1531.2183837890625,9957.22265625,217.02020263671875,172.2099609375,1197.36083984375,542.6746215820312,1101.48583984375,123.60775756835938,3125.833740234375,8184.99560546875
2023-09-06,3122.263671875,857.3734130859375,763.873046875,469.51409912109375,2383.723388671875,934.182861328125,1344.1358642578125,384.0704345703125,352.6562194824219,2658.157470703125,1536.9195556640625,9876.4462890625,214.52252197265625,172.34539794921875,1199.88037109375,540.3069458007812,1111.6551513671875,121.63679504394531,3126.334716796875,8264.9111328125
2023-09-07,3142.641357421875,852.5036010742188,771.22216796875,466.51922607421875,2368.562255859375,942.1343383789062,1333.901123046875,382.739990234375,356.38140869140625,2771.03759765625,1525.95556640625,9975.3193359375,216.5576629638672,174.03836059570312,1201.5106201171875,548.4044799804688,1102.60498046875,122.15299224853516,3149.44091796875,8224.0087890625
2023-09-08,3134.606201171875,862.7788696289062,777.230712890625,467.5502624511719,2374.560791015625,946.9149780273438,1336.994384765625,379.95037841796875,357.21807861328125,2824.776123046875,1527.7099609375,10025.0478515625,222.24681091308594,175.1557159423828,1209.51416015625,552.5715942382812,1100.0748291015625,121.54293823242188,3137.2724609375,8161.470703125
2023-09-11,3155.27392578125,867.5999755859375,781.2523803710938,476.0931396484375,2395.767333984375,954.4274291992188,1343.2261962890625,383.8558654785156,360.1463928222656,2817.57177734375,1541.89013671875,10220.8994140625,224.8832550048828,179.11729431152344,1222.556884765625,560.385009765625,1106.3514404296875,123.09154510498047,3172.59326171875,8191.62744140625
2023-09-12,3152.805908203125,867.2103881835938,783.6940307617188,469.1213684082031,2360.43896484375,966.379150390625,1365.6519775390625,387.246337890625,360.8038024902344,2866.15087890625,1518.3538818359375,10191.548828125,217.4827423095703,172.72914123535156,1204.8948974609375,557.2122192382812,1114.4771728515625,121.07365417480469,3263.87939453125,8298.068359375
2023-09-13,3173.0380859375,891.3158569335938,787.04541015625,474.4729309082031,2367.71240234375,965.6961669921875,1363.1502685546875,389.26348876953125,363.47320556640625,2829.78955078125,1497.887451171875,10162.2470703125,219.3791046142578,174.44467163085938,1210.9222412109375,564.8836059570312,1117.8829345703125,121.58987426757812,3252.075439453125,8360.7021484375
2023-09-14,3136.736328125,891.1209716796875,786.5665893554688,488.36737060546875,2362.28125,963.6473999023438,1370.9742431640625,386.2162780761719,362.8655700683594,2841.326171875,1526.19921875,10176.5576171875,220.11917114257812,176.2053680419922,1212.03369140625,565.6885986328125,1113.066162109375,123.60775756835938,3244.966064453125,8410.65625
2023-09-15,3094.529052734375,911.7688598632812,795.5913696289062,487.5818176269531,2332.90380859375,968.28173828125,1375.2047119140625,384.8429260253906,361.3416442871094,2831.5419921875,1560.4071044921875,10212.5556640625,218.5003204345703,175.25732421875,1214.2816162109375,567.1091918945312,1118.905029296875,123.84239196777344,3279.830322265625,8449.7666015625
2023-09-18,3103.870849609375,896.2342529296875,779.9357299804688,475.74945068359375,2350.8037109375,966.0864868164062,1357.19140625,388.01885986328125,358.2439880371094,2842.54296875,1599.731689453125,10209.5,223.12564086914062,180.67486572265625,1203.709228515625,571.9866333007812,1116.812744140625,122.43456268310547,3286.985595703125,8352.619140625
2023-09-20,3111.66357421875,886.981689453125,748.6482543945312,469.6614074707031,2330.21142578125,963.1107788085938,1355.7811279296875,388.79144287109375,356.4710693359375,2813.483154296875,1592.470947265625,10039.3583984375,223.6344451904297,184.78314208984375,1176.8826904296875,569.2874755859375,1122.1650390625,120.41667175292969,3286.89453125,8188.1904296875
2023-09-21,3140.559814453125,894.0429077148438,743.6930541992188,470.8888244628906,2336.351318359375,935.93896484375,1366.2435302734375,384.1133728027344,349.747802734375,2822.58544921875,1543.0107421875,9978.7646484375,221.04425048828125,182.02923583984375,1168.31103515625,557.0228881835938,1115.35302734375,119.94740295410156,3267.981201171875,8048.205078125
2023-09-22,3170.23095703125,887.6634521484375,732.3462524414062,470.2015075683594,2344.947265625,927.1581420898438,1361.148681640625,380.33660888671875,349.8972473144531,2841.228515625,1566.303466796875,10222.162109375,220.11917114257812,179.81707763671875,1163.4447021484375,566.4935913085938,1101.9237060546875,118.96190643310547,3284.70654296875,7926.08154296875
2023-09-25,3217.08447265625,886.6895751953125,732.9925537109375,460.87310791015625,2338.712890625,933.060791015625,1341.1339111328125,379.90740966796875,355.465087890625,2825.65234375,1549.05322265625,10273.6357421875,221.69178771972656,179.59132385253906,1156.2811279296875,562.6105346679688,1093.8468017578125,119.57196807861328,3260.55224609375,7944.28173828125
2023-09-26,3187.607177734375,888.9295654296875,736.1763916015625,462.9842529296875,2341.640869140625,925.5971069335938,1328.8521728515625,379.7786865234375,351.421142578125,2835.436279296875,1554.6571044921875,10243.0234375,222.20057678222656,179.09475708007812,1157.2939453125,562.9420776367188,1095.598388671875,120.97979736328125,3268.345947265625,7966.2578125
2023-09-27,3196.320068359375,896.282958984375,731.005615234375,466.3719482421875,2363.17822265625,920.1334228515625,1334.6287841796875,385.5296325683594,351.6303405761719,2886.546142578125,1548.8096923828125,10363.4365234375,221.36801147460938,179.99766540527344,1170.336669921875,558.5381469726562,1109.319580078125,120.27588653564453,3271.627197265625,7998.97900390625
2023-09-28,3069.0693359375,901.5423583984375,729.4974975585938,458.4182434082031,2324.0712890625,919.6456909179688,1309.5650634765625,378.31951904296875,345.26568603515625,2930.305908203125,1516.502197265625,10251.4638671875,219.28665161132812,181.2617645263672,1153.14404296875,558.7276000976562,1101.8751220703125,119.00884246826172,3223.72802734375,7894.0869140625
2023-09-29,3060.066162109375,902.2728271484375,730.742431640625,483.75225830078125,2329.03076171875,928.7191772460938,1305.9259033203125,381.4524841308594,345.763671875,2943.49755859375,1514.7479248046875,10295.3701171875,227.149658203125,180.35882568359375,1158.529052734375,566.8723754882812,1127.51708984375,120.97979736328125,3216.29931640625,7991.37890625
2023-10-03,3065.680908203125,901.2014770507812,722.0048828125,471.2816162109375,2332.147705078125,917.401611328125,1304.606689453125,377.4611511230469,344.04052734375,2991.88134765625,1498.326171875,10039.5048828125,223.12564086914062,180.17823791503906,1145.263916015625,571.03955078125,1110.779052734375,120.13510131835938,3202.8544921875,8039.83251953125
2023-10-04,3068.633544921875,900.1787719726562,732.29833984375,464.84991455078125,2368.9404296875,907.4012451171875,1314.0228271484375,374.328125,343.04449462890625,2947.5859375,1483.4149169921875,9828.90234375,217.5289764404297,179.68165588378906,1143.2877197265625,555.223388671875,1093.603515625,117.60100555419922,3224.6396484375,7861.65625
2023-10-05,3103.822265625,904.6589965820312,735.2667236328125,462.0513916015625,2379.9921875,917.9381713867188,1331.3994140625,374.28521728515625,345.4748229980469,3014.07763671875,1498.862060546875,9906.8173828125,216.326416015625,177.51463317871094,1143.26318359375,560.8111572265625,1089.02978515625,117.5540771484375,3271.673095703125,7916.44970703125
2023-10-06,3093.657470703125,901.931884765625,734.452880859375,464.06439208984375,2360.958251953125,922.182373046875,1345.273193359375,379.5211486816406,347.39715576171875,3011.7900390625,1509.4852294921875,9995.9853515625,217.89901733398438,177.92092895507812,1145.1898193359375,562.7999877929688,1097.00927734375,118.16413879394531,3300.885986328125,7933.87548828125
2023-10-09,3052.080078125,900.470947265625,725.9307250976562,461.31494140625,2372.19921875,915.7431030273438,1342.3165283203125,378.0619812011719,342.49664306640625,2993.29296875,1476.6903076171875,9940.4375,217.11270141601562,177.1985626220703,1135.4324951171875,554.13427734375,1092.87353515625,116.24009704589844,3316.3359375,7851.24951171875
2023-10-10,3050.821533203125,923.651123046875,730.0481567382812,471.9689636230469,2376.82763671875,928.0362548828125,1360.2392578125,381.4524841308594,349.8274841308594,2994.558837890625,1498.7647705078125,10066.7705078125,218.2227783203125,178.73358154296875,1140.447021484375,560.337646484375,1096.2310791015625,117.60100555419922,3307.721923828125,7897.91064453125
2023-10-11,3062.824951171875,930.7122802734375,737.1099853515625,475.1602478027344,2414.801025390625,929.8899536132812,1359.5567626953125,384.75714111328125,352.8753662109375,3006.92236328125,1516.745849609375,10102.7666015625,220.81297302246094,179.2301483154297,1158.5537109375,557.2122192382812,1098.42041015625,117.27250671386719,3290.40380859375,8076.7158203125
2023-10-12,3058.1787109375,925.5990600585938,742.0173950195312,475.6512451171875,2415.36767578125,931.011962890625,1333.2642822265625,386.860107421875,351.371337890625,3000.156494140625,1526.832763671875,10266.552734375,223.4956817626953,181.2617645263672,1160.7027587890625,555.0339965820312,1100.026123046875,118.16413879394531,3229.014892578125,8085.1865234375
2023-10-13,3048.207763671875,929.3488159179688,735.2667236328125,471.9198913574219,2427.128173828125,928.1337280273438,1302.013916015625,384.8429260253906,351.0028076171875,3007.798583984375,1522.7393798828125,10408.845703125,223.91195678710938,182.2097930908203,1160.6534423828125,545.6578979492188,1114.5257568359375,117.36637115478516,3254.809814453125,8101.88525390625
2023-10-16,3012.631591796875,921.89794921875,732.3223266601562,474.6693115234375,2416.595947265625,928.2313842773438,1304.7431640625,385.3580017089844,348.5625305175781,3019.772705078125,1534.531982421875,10386.4814453125,225.20701599121094,183.33847045898438,1158.0596923828125,545.1843872070312,1104.7945556640625,119.19654846191406,3212.15185546875,8027.537109375
2023-10-17,3014.083984375,928.8131713867188,737.8759765625,475.6021728515625,2414.56494140625,930.6704711914062,1312.2943115234375,389.2205505371094,352.9052429199219,2985.115478515625,1536.52978515625,10431.4052734375,227.5196990966797,187.04043579101562,1163.5928955078125,545.9420776367188,1106.2542724609375,119.57196807861328,3196.65673828125,8036.44384765625
2023-10-18,2997.530029296875,928.033935546875,727.6064453125,476.2895202636719,2407.102783203125,920.7677001953125,1310.565673828125,387.6755065917969,349.2896423339844,2964.963623046875,1534.8243408203125,10467.9365234375,223.8656768798828,186.4535675048828,1148.1541748046875,542.3432006835938,1122.408203125,119.29039764404297,3178.609130859375,8014.08056640625
2023-10-19,3002.70947265625,918.3917846679688,725.3082885742188,471.2816162109375,2406.961181640625,912.9624633789062,1304.288330078125,386.6025695800781,346.31146240234375,2973.5302734375,1529.6590576171875,10451.6845703125,221.55303955078125,185.82150268554688,1139.33544921875,540.9699096679688,1110.8280029296875,118.25798797607422,3157.956298828125,8246.662109375
2023-10-20,3006.6298828125,920.5831298828125,729.0667114257812,463.229736328125,2356.943603515625,910.0355224609375,1298.4656982421875,376.2165222167969,352.51678466796875,2932.59375,1518.646240234375,10407.0029296875,222.94061279296875,183.15786743164062,1135.8525390625,533.298583984375,1111.509033203125,115.53617095947266,3193.5048828125,8190.99755859375
2023-10-23,2973.86083984375,914.8368530273438,721.04736328125,448.4515686035156,2345.93896484375,907.3037109375,1281.5440673828125,374.1564636230469,346.7696838378906,2879.974853515625,1525.370849609375,10240.1123046875,218.8240966796875,180.35882568359375,1118.1163330078125,523.6857299804688,1092.2896728515625,112.62665557861328,3116.375244140625,8059.5322265625
2023-10-25,2963.01904296875,898.5717163085938,716.47509765625,452.87030029296875,2340.08251953125,893.7909545898438,1262.560302734375,371.40972900390625,344.23974609375,2838.892333984375,1529.220458984375,10274.2666015625,214.66128540039062,180.1331024169922,1115.522705078125,526.7637329101562,1090.197509765625,113.89370727539062,3098.052978515625,7992.8310546875
2023-10-26,2865.729736328125,881.9171752929688,700.6279296875,448.4024353027344,2339.232177734375,886.5224609375,1252.7919921875,372.82598876953125,337.6260681152344,2788.755859375,1467.8216552734375,10114.4599609375,214.29124450683594,179.636474609375,1099.98486328125,518.0506591796875,1074.043701171875,112.53280639648438,3049.299072265625,7943.41015625
2023-10-27,2860.744140625,890.7800903320312,703.380859375,447.9114685058594,2344.569580078125,890.5225830078125,1272.0521240234375,372.3110046386719,339.1898193359375,2825.068115234375,1472.4022216796875,10246.953125,218.870361328125,181.4423370361328,1119.40087890625,531.4518432617188,1081.4395751953125,112.53280639648438,3062.275146484375,7948.10595703125
2023-10-30,2872.312255859375,902.1266479492188,711.0171508789062,448.4024353027344,2341.59375,902.376708984375,1269.0111083984375,369.47845458984375,342.13812255859375,2848.870849609375,1459.732666015625,10088.7958984375,217.02020263671875,181.35205078125,1142.47265625,535.2874145507812,1085.234619140625,111.82888793945312,3087.497802734375,8133.44482421875
2023-10-31,2899.99853515625,890.5853271484375,706.8997192382812,451.20098876953125,2346.4111328125,893.0592041015625,1261.0396728515625,367.71875,346.500732421875,2851.49951171875,1421.52880859375,10083.5556640625,218.1302947998047,182.52581787109375,1130.3192138671875,535.618896484375,1059.349365234375,111.45346069335938,3078.5419921875,8153.43701171875
2023-11-01,2840.802001953125,889.6600952148438,705.9421997070312,454.34320068359375,2335.3125,891.7908325195312,1247.9078369140625,367.46136474609375,343.51263427734375,2818.642822265625,1417.630615234375,9923.89453125,215.17007446289062,181.4423370361328,1135.0125732421875,536.4239501953125,1086.2076416015625,109.43557739257812,3043.72412109375,8113.9384765625
2023-11-02,2860.98583984375,899.7891845703125,707.0194702148438,465.6354675292969,2366.28466796875,897.5472412109375,1262.6524658203125,370.079345703125,346.1620788574219,2840.83935546875,1432.3468017578125,9997.490234375,217.6215057373047,183.3836212158203,1146.2767333984375,541.822265625,1102.410400390625,110.8434066772461,3070.6376953125,8189.01318359375
2023-11-03,2887.75146484375,906.509521484375,710.370849609375,466.617431640625,2387.646728515625,911.0599365234375,1280.069580078125,371.8818054199219,345.2756042480469,2834.170654296875,1431.6644287109375,9971.0009765625,218.88243103027344,184.55740356445312,1146.0296630859375,547.5520629882812,1110.438720703125,110.09256744384766,3062.229736328125,8250.5830078125
2023-11-06,2937.644287109375,914.7394409179688,715.517578125,473.24554443359375,2376.370849609375,922.4262084960938,1293.20166015625,373.68438720703125,346.66009521484375,2896.670654296875,1450.4739990234375,9979.296875,220.2834014892578,187.988525390625,1155.564697265625,543.9531860351562,1119.0994873046875,112.06352233886719,3089.05126953125,8365.15625
2023-11-07,2941.57177734375,912.7428588867188,712.0465087890625,475.79852294921875,2375.467041015625,925.0116577148438,1294.1231689453125,371.40972900390625,348.861328125,2882.8955078125,1442.141357421875,9948.6845703125,223.36557006835938,187.8079376220703,1148.0552978515625,549.0673828125,1139.4866943359375,112.29816436767578,3080.095458984375,8408.5263671875
2023-11-08,3001.598876953125,912.353271484375,714.105224609375,479.2353210449219,2397.257568359375,912.9624633789062,1281.8665771484375,375.0577697753906,347.8653259277344,2917.114501953125,1449.5970458984375,10015.6337890625,221.0772705078125,186.90501403808594,1154.033203125,549.5882568359375,1145.0821533203125,111.73503112792969,3090.23974609375,8421.20703125
2023-11-09,2987.004150390625,908.0678100585938,711.280517578125,475.70037841796875,2356.67431640625,914.5234375,1266.9376220703125,372.86895751953125,347.6062927246094,2944.762939453125,1512.603759765625,10091.3671875,222.24478149414062,189.43319702148438,1141.50927734375,547.741455078125,1144.595458984375,112.29816436767578,3059.076904296875,8351.69921875
2023-11-10,2983.36767578125,911.1358642578125,714.0812377929688,472.60723876953125,2366.046875,915.7431030273438,1261.4542236328125,374.71441650390625,347.7059631347656,2952.9404296875,1485.3641357421875,10080.1591796875,226.7279510498047,190.6521453857422,1143.6583251953125,548.8306274414062,1147.6607666015625,112.67359161376953,3046.283447265625,8432.82421875
2023-11-13,2992.2412109375,910.6488037109375,712.7886352539062,478.69525146484375,2358.053955078125,911.6941528320312,1265.78564453125,374.2423095703125,348.2537841796875,2967.786865234375,1501.103759765625,10089.474609375,229.48324584960938,191.6905059814453,1143.51025390625,550.5826416015625,1146.152587890625,113.56521606445312,3044.546875,8400.4423828125
2023-11-15,3021.9150390625,925.2581176757812,720.2573852539062,496.27197265625,2365.904052734375,918.1821899414062,1299.836669921875,379.3495178222656,352.4968566894531,2983.801025390625,1504.904541015625,10145.412109375,230.9776611328125,189.74920654296875,1164.185791015625,553.7554931640625,1149.1693115234375,116.42781066894531,3111.02978515625,8487.0869140625
2023-11-16,3035.5888671875,924.8198852539062,722.1484985351562,495.19183349609375,2370.471435546875,913.2063598632812,1331.5377197265625,376.5169677734375,353.1642150878906,2970.366455078125,1529.6102294921875,10173.0166015625,235.69435119628906,190.71571350097656,1166.285400390625,553.7080688476562,1157.5867919921875,117.03787231445312,3196.52099609375,8494.9755859375
2023-11-17,3073.020263671875,922.6285400390625,720.5924682617188,488.7601318359375,2406.24951171875,899.4009399414062,1324.7645263671875,377.03192138671875,351.5207824707031,3026.684814453125,1544.27783203125,10210.857421875,234.99383544921875,192.8327178955078,1163.7412109375,533.251220703125,1162.5009765625,117.50714874267578,3200.72412109375,8510.3681640625
2023-11-20,3045.334228515625,936.3612670898438,720.640380859375,488.3182678222656,2384.982421875,899.0107421875,1323.888916015625,374.928955078125,352.7060241699219,3007.019775390625,1512.75,10252.337890625,234.48016357421875,192.64862060546875,1160.6781005859375,533.9141845703125,1156.07861328125,116.7093734741211,3216.397216796875,8385.0498046875
2023-11-21,3038.44921875,945.5651245117188,726.74462890625,497.69580078125,2383.841064453125,903.5474243164062,1326.1005859375,374.4568786621094,352.0386657714844,2993.439208984375,1520.108154296875,10222.162109375,233.49945068359375,192.32643127441406,1175.2769775390625,531.7832641601562,1169.1182861328125,118.49263000488281,3207.806640625,8430.404296875
2023-11-22,3038.206787109375,944.4937744140625,724.1593017578125,491.2149963378906,2399.683837890625,900.279052734375,1343.4256591796875,377.4182434082031,347.7457580566406,3000.69189453125,1504.2222900390625,10182.7685546875,236.90855407714844,194.765625,1179.87158203125,529.3682250976562,1171.7459716796875,118.35183715820312,3226.03759765625,8480.3095703125
2023-11-23,3028.460693359375,951.2141723632812,728.3485107421875,492.88427734375,2397.78076171875,900.52294921875,1335.5465087890625,377.9761657714844,346.4808044433594,2965.01220703125,1506.561279296875,10176.8974609375,236.0679168701172,194.12130737304688,1183.4781494140625,530.3153076171875,1166.58837890625,118.91497802734375,3206.024169921875,8330.5947265625
2023-11-24,3041.26123046875,947.8052978515625,733.5192260742188,498.62860107421875,2393.308349609375,906.76708984375,1324.6263427734375,375.787353515625,347.4170837402344,2973.384521484375,1513.724609375,10203.2412109375,237.14207458496094,193.70712280273438,1182.6876220703125,530.694091796875,1163.3282470703125,118.21106719970703,3159.281005859375,8283.111328125
2023-11-28,3053.09228515625,959.249267578125,731.867431640625,506.2877197265625,2388.884033203125,902.9620971679688,1329.5103759765625,373.5985412597656,347.0685119628906,2969.2470703125,1526.2479248046875,10224.490234375,240.55113220214844,193.4770050048828,1182.9346923828125,534.5771484375,1159.33837890625,119.0557632446289,3171.20654296875,8447.9765625
2023-11-29,3053.09228515625,969.4757690429688,746.4698486328125,508.1043395996094,2402.68115234375,916.7186889648438,1345.0843505859375,375.2723388671875,349.299560546875,3002.103271484375,1577.94970703125,10284.357421875,241.34503173828125,194.25938415527344,1186.047119140625,538.5074462890625,1169.8968505859375,119.90045928955078,3211.051025390625,8454.0263671875
2023-11-30,3025.502685546875,988.2731323242188,746.3023071289062,506.33685302734375,2422.18798828125,912.1819458007812,1340.983642578125,374.07061767578125,349.697998046875,3026.87939453125,1605.87158203125,10293.52734375,244.05361938476562,192.32643127441406,1174.5606689453125,534.8612670898438,1192.9114990234375,120.04125213623047,3187.15380859375,8716.2802734375
2023-12-01,3077.38427734375,988.2731323242188,744.674560546875,507.8588562011719,2439.410400390625,923.6458129882812,1338.3572998046875,386.08758544921875,348.71197509765625,3106.1728515625,1584.18701171875,10271.2099609375,251.19871520996094,193.4770050048828,1182.88525390625,541.49072265625,1198.166259765625,122.01221466064453,3209.131591796875,8745.5146484375
2023-12-04,3097.894775390625,1005.9991455078125,770.5280151367188,509.871826171875,2476.1875,967.0621337890625,1349.461669921875,389.735595703125,362.2679748535156,3225.8193359375,1614.7403564453125,10284.5517578125,256.66259765625,195.96221923828125,1195.6810302734375,563.2262573242188,1198.069091796875,122.95077514648438,3209.862548828125,9020.3544921875
2023-12-05,3128.63525390625,1004.2459106445312,777.3743286132812,511.2465515136719,2439.02978515625,988.7703857421875,1339.877685546875,387.76141357421875,364.2401123046875,3227.668701171875,1643.1981201171875,10403.3642578125,266.60968017578125,204.6143798828125,1204.3514404296875,576.05908203125,1206.243408203125,123.51390838623047,3227.36279296875,9031.9716796875
2023-12-06,3154.139404296875,997.7691040039062,779.3372802734375,513.5541381835938,2443.216552734375,978.8186645507812,1358.63134765625,397.6324462890625,362.8357238769531,3302.484130859375,1659.132568359375,10310.0693359375,262.5467834472656,206.54730224609375,1215.8873291015625,576.24853515625,1207.021728515625,123.74854278564453,3293.617431640625,8918.947265625
2023-12-07,3153.412353515625,973.9559326171875,780.60595703125,506.7296447753906,2396.21044921875,974.6721801757812,1350.8902587890625,393.21197509765625,363.9213562011719,3266.756103515625,1649.63037109375,10378.8642578125,265.068603515625,211.70175170898438,1213.8863525390625,579.3264770507812,1206.0,122.01221466064453,3303.487060546875,9055.9794921875
2023-12-08,3134.211181640625,974.199462890625,791.4978637695312,510.9519348144531,2400.064453125,986.2335815429688,1374.1591796875,385.5296325683594,366.232177734375,3289.000732421875,1626.1429443359375,10303.0830078125,266.2361145019531,210.41314697265625,1213.244140625,581.6468505859375,1202.5941162109375,121.26136779785156,3314.27099609375,9113.0966796875
2023-12-11,3135.18115234375,974.7838134765625,790.4446411132812,512.9649658203125,2382.318115234375,992.3314208984375,1371.7169189453125,388.3622131347656,367.34771728515625,3296.15625,1610.208251953125,10228.5654296875,268.3375244140625,212.57618713378906,1215.022705078125,581.7415771484375,1208.043701171875,122.05914306640625,3329.074951171875,9362.232421875
2023-12-12,3127.1806640625,969.3296508789062,782.5928955078125,517.9237670898438,2381.461669921875,990.9654541015625,1360.243896484375,388.920166015625,363.42333984375,3253.9052734375,1593.83544921875,10031.2578125,264.6949768066406,212.94436645507812,1197.5830078125,579.989501953125,1185.272216796875,122.1060791015625,3355.759521484375,9548.685546875
2023-12-13,3145.508544921875,973.858642578125,780.8214721679688,523.2261352539062,2390.168212890625,989.2093505859375,1335.316162109375,391.1089782714844,363.7919006347656,3309.78564453125,1623.803955078125,10071.6689453125,274.6420593261719,218.09884643554688,1202.4739990234375,587.0451049804688,1199.9666748046875,123.32618713378906,3283.9765625,9428.3046875
2023-12-14,3143.278564453125,979.0205688476562,790.0376586914062,533.2910766601562,2394.403076171875,1008.4783325195312,1383.6510009765625,394.9286193847656,369.29998779296875,3342.2041015625,1660.25341796875,10045.6181640625,275.9029235839844,213.6347198486328,1217.39404296875,590.6441040039062,1198.2149658203125,123.88932037353516,3351.3271484375,9645.30078125
2023-12-15,3213.63330078125,966.7000122070312,793.101806640625,547.185546875,2400.635009765625,1012.1370849609375,1454.5638427734375,393.2977294921875,368.6525573730469,3395.650390625,1681.109375,9980.802734375,284.96270751953125,218.467041015625,1232.9317626953125,613.9420776367188,1202.54541015625,128.06588745117188,3528.386474609375,9709.3388671875
2023-12-18,3231.234375,964.4598999023438,792.6947631835938,556.1702880859375,2412.624755859375,996.5755004882812,1441.6160888671875,387.6755065917969,367.92547607421875,3399.155029296875,1667.319091796875,10013.0146484375,283.18817138671875,213.4045867919922,1245.48046875,614.1788940429688,1219.088623046875,128.20668029785156,3526.740966796875,9652.125
2023-12-19,3235.113037109375,962.706787109375,791.3543090820312,554.6482543945312,2436.603515625,990.7216186523438,1436.040771484375,391.4952087402344,367.84576416015625,3406.310302734375,1656.1600341796875,9929.5703125,289.2124328613281,214.96934509277344,1263.809326171875,620.7136840820312,1211.4981689453125,127.0804214477539,3487.445556640625,9697.3828125
2023-12-20,3197.39013671875,946.2469482421875,793.3171997070312,538.2989501953125,2433.55859375,982.1359252929688,1415.8590087890625,387.1175842285156,363.8516540527344,3327.990478515625,1605.091796875,9781.74609375,278.00445556640625,209.0784912109375,1248.518798828125,602.7666625976562,1199.0421142578125,121.77757263183594,3454.409912109375,9571.87109375
2023-12-21,3203.0146484375,952.4315795898438,807.5365600585938,546.2035522460938,2429.467041015625,979.940673828125,1415.490478515625,387.5038757324219,369.0708923339844,3333.490966796875,1592.32470703125,9715.3779296875,282.0206298828125,213.8648223876953,1266.0079345703125,609.6802368164062,1200.3558349609375,122.95077514648438,3461.21826171875,9636.7333984375
2023-12-22,3240.2041015625,963.778076171875,799.9481201171875,560.1471557617188,2450.781494140625,970.0866088867188,1440.280029296875,390.7226867675781,370.62469482421875,3385.866455078125,1592.714599609375,9913.609375,282.8145446777344,213.3125457763672,1267.2430419921875,603.0507202148438,1210.233154296875,125.3440933227539,3494.573486328125,9650.818359375
2023-12-26,3280.982177734375,973.809814453125,805.5018310546875,569.3773193359375,2459.488037109375,970.8671875,1422.816650390625,391.7956237792969,375.873779296875,3397.646240234375,1620.0030517578125,9965.5205078125,289.16571044921875,214.78524780273438,1273.66552734375,604.2818603515625,1213.979736328125,126.8927001953125,3468.574462890625,9698.8837890625
2023-12-27,3301.443603515625,994.6038208007812,815.4841918945312,594.6622314453125,2481.896728515625,977.8430786132812,1444.150390625,392.3535461425781,378.96148681640625,3450.16748046875,1645.0498046875,9982.83984375,285.8500061035156,215.42959594726562,1278.01318359375,614.2262573242188,1218.7967529296875,128.7698211669922,3482.87646484375,10103.009765625
2023-12-28,3294.461181640625,1009.7001342773438,816.4177856445312,603.2052001953125,2506.1611328125,981.4041748046875,1440.049560546875,398.3620300292969,382.7464294433594,3424.904541015625,1690.367919921875,9966.4404296875,293.1819152832031,220.0778045654297,1287.251708984375,616.9254760742188,1228.236083984375,129.66143798828125,3472.549560546875,10093.5234375
2023-12-29,3299.45556640625,1005.3173217773438,818.3328247070312,603.7451171875,2534.849853515625,972.33056640625,1421.8489990234375,396.64532470703125,380.1069641113281,3432.64404296875,1685.4462890625,9996.27734375,290.6134338378906,218.32896423339844,1277.0743408203125,608.0702514648438,1225.6085205078125,131.02235412597656,3466.60986328125,10167.822265625
2024-01-01,3293.34619140625,986.6661376953125,812.9945678710938,599.3756103515625,2526.095703125,975.0624389648438,1429.6361083984375,401.7525329589844,380.3161315917969,3432.108642578125,1660.009765625,9977.7939453125,289.3058166503906,219.29541015625,1279.69287109375,607.4072875976562,1226.38720703125,131.25698852539062,3482.78515625,10130.01953125
2024-01-02,3288.739990234375,995.0907592773438,813.4733276367188,605.8563232421875,2487.13037109375,958.330078125,1414.015869140625,403.72674560546875,371.5311279296875,3347.071533203125,1614.106689453125,9894.78515625,285.8033447265625,218.92724609375,1290.2900390625,605.6078491210938,1261.37109375,131.02235412597656,3457.2880859375,9878.99609375
2024-01-03,3271.527099609375,1008.2391357421875,800.9296264648438,582.3389282226562,2480.231689453125,960.0862426757812,1373.099365234375,409.6494140625,371.700439453125,3349.261962890625,1613.180908203125,9778.25390625,285.9900817871094,218.19088745117188,1276.25927734375,609.3961791992188,1263.7066650390625,127.03348541259766,3373.716552734375,9788.818359375
2024-01-04,3277.684814453125,1020.6085205078125,809.5234375,579.8349609375,2466.909912109375,963.1107788085938,1394.0184326171875,408.9197692871094,371.24224853515625,3367.126220703125,1599.975341796875,9717.7548828125,296.1707458496094,222.24082946777344,1282.8546142578125,608.7332153320312,1277.6710205078125,126.00106811523438,3350.916015625,9695.15625
2024-01-05,3254.023193359375,1019.3422241210938,805.3821411132812,576.398193359375,2493.07763671875,969.501220703125,1412.3111572265625,406.81683349609375,368.054931640625,3428.652587890625,1600.2677001953125,9719.4052734375,294.16259765625,222.05673217773438,1288.3138427734375,607.9755859375,1265.263671875,125.43794250488281,3415.890380859375,9696.3662109375
2024-01-08,3198.60205078125,1021.7285766601562,796.4052124023438,567.217041015625,2453.30322265625,958.086181640625,1403.3260498046875,399.5637512207031,363.7720031738281,3408.403564453125,1575.07470703125,9651.1943359375,295.5635681152344,223.06924438476562,1278.2601318359375,593.8167114257812,1270.226806640625,123.88932037353516,3361.425048828125,9617.419921875
2024-01-09,3168.63720703125,1036.776123046875,790.2052001953125,565.5477905273438,2454.730224609375,955.8909301757812,1409.3160400390625,398.748291015625,363.88153076171875,3461.80126953125,1588.47509765625,9726.2939453125,298.64581298828125,223.02322387695312,1274.8759765625,592.301513671875,1288.424072265625,125.43794250488281,3372.02587890625,9583.1484375
2024-01-10,3187.401611328125,1035.02294921875,792.8145141601562,569.57373046875,2452.493896484375,968.8670654296875,1400.653564453125,397.67535400390625,362.7161865234375,3451.6279296875,1591.3016357421875,9712.8076171875,292.668212890625,220.12380981445312,1309.2613525390625,588.8446044921875,1289.251220703125,125.86029815673828,3393.181640625,9464.1728515625
2024-01-11,3188.710693359375,1035.1690673828125,789.487060546875,566.5297241210938,2413.290771484375,967.0133666992188,1376.969970703125,397.1174621582031,363.1245422363281,3412.05419921875,1587.257080078125,9713.6806640625,292.2478942871094,222.70106506347656,1343.6961669921875,587.3766479492188,1280.88232421875,126.61113739013672,3413.742919921875,9603.8173828125
2024-01-12,3178.625732421875,1048.3175048828125,785.752685546875,571.5375366210938,2420.712890625,979.0626220703125,1486.2188720703125,400.5937805175781,365.1963195800781,3474.31103515625,1583.1636962890625,9669.5810546875,292.0144348144531,220.4459686279297,1354.3919677734375,600.0674438476562,1290.3216552734375,126.98655700683594,3548.30810546875,9495.3935546875
2024-01-15,3174.84326171875,1073.6890869140625,800.8817749023438,564.271240234375,2448.49755859375,985.2579345703125,1522.4814453125,401.36627197265625,368.8318176269531,3449.242919921875,1593.9815673828125,9787.228515625,296.3575134277344,221.96470642089844,1377.5133056640625,606.223388671875,1293.63037109375,126.61113739013672,3567.4990234375,9636.8291015625
2024-01-16,3197.1474609375,1067.3583984375,803.9219360351562,569.082763671875,2444.5966796875,984.4774780273438,1503.5439453125,405.40057373046875,368.1346435546875,3478.88671875,1579.1678466796875,9881.0078125,290.9403076171875,220.03179931640625,1358.2454833984375,603.1928100585938,1278.1575927734375,128.81674194335938,3528.660400390625,9651.3984375
2024-01-17,3144.199951171875,1056.9857177734375,736.1045532226562,550.13134765625,2438.69677734375,957.84228515625,1511.51513671875,400.5079040527344,354.5188293457031,3476.404052734375,1557.0936279296875,9753.07421875,288.8855285644531,220.1698455810547,1345.3509521484375,592.8696899414062,1264.0960693359375,123.56082153320312,3549.953125,9540.1181640625
2024-01-18,3068.123291015625,1058.7388916015625,711.5198974609375,544.8779907226562,2424.518798828125,962.3302001953125,1513.7269287109375,399.5637512207031,354.0407409667969,3500.791015625,1576.146728515625,9629.6533203125,279.5455322265625,214.87728881835938,1351.6500244140625,595.0479125976562,1299.8585205078125,122.95077514648438,3566.40283203125,9576.517578125
2024-01-19,3070.062744140625,1095.7005615234375,704.0989379882812,547.0381469726562,2441.075439453125,974.8673095703125,1529.0244140625,404.7138366699219,351.4609680175781,3549.467041015625,1613.473388671875,9739.490234375,288.09161376953125,216.67218017578125,1351.156005859375,594.5270385742188,1299.7125244140625,126.00106811523438,3628.47119140625,9771.5390625
2024-01-23,2962.275634765625,1127.8409423828125,683.3683471679688,531.6217651367188,2260.426025390625,1003.9904174804688,1513.3121337890625,394.2419738769531,355.4849548339844,3456.982177734375,1554.6571044921875,9567.505859375,282.6277770996094,219.019287109375,1312.7442626953125,573.07568359375,1341.265380859375,122.1060791015625,3550.43701171875,9517.22265625
2024-01-24,2908.697265625,1158.9588623046875,697.0371704101562,554.94287109375,2323.322509765625,974.8673095703125,1543.9534912109375,397.9328918457031,356.3017272949219,3494.170654296875,1586.720947265625,9691.4609375,288.4652404785156,226.61294555664062,1327.8619384765625,585.5771484375,1344.962890625,126.84577178955078,3535.299072265625,9671.6328125
2024-01-25,2859.9677734375,1130.3245849609375,686.9830322265625,556.955810546875,2310.619873046875,985.3555297851562,1538.1478271484375,391.1089782714844,352.2777099609375,3498.30810546875,1593.9329833984375,9587.4462890625,293.9757995605469,225.96861267089844,1336.9522705078125,580.3209228515625,1331.533935546875,125.53179168701172,3506.312255859375,9651.1572265625
2024-01-29,2886.005615234375,1131.8829345703125,696.438720703125,557.6431884765625,2325.939208984375,991.6484375,1526.6285400390625,386.08758544921875,363.134521484375,3609.825439453125,1598.3184814453125,9694.56640625,303.12896728515625,233.74635314941406,1430.7957763671875,589.9811401367188,1363.2093505859375,126.7049789428711,3497.75439453125,9946.1318359375
2024-01-30,2864.7197265625,1128.47412109375,691.4834594726562,558.96875,2339.498779296875,992.1363525390625,1521.8824462890625,376.00189208984375,363.27398681640625,3537.103271484375,1579.1678466796875,9655.9970703125,294.62957763671875,233.8844451904297,1390.852294921875,593.5799560546875,1334.8912353515625,126.42343139648438,3497.33984375,9645.5908203125
2024-01-31,2868.356201171875,1140.210205078125,700.2210083007812,568.8863525390625,2361.2890625,1003.1123657226562,1530.591064453125,379.00616455078125,363.6026306152344,3387.618896484375,1609.574951171875,9884.2578125,296.5443115234375,238.67074584960938,1409.6259765625,606.6022338867188,1380.336181640625,127.59662628173828,3511.511474609375,9842.8369140625
2024-02-01,2840.71826171875,1121.218017578125,702.0402221679688,560.9326782226562,2353.724609375,1000.1854248046875,1527.0433349609375,380.1649475097656,363.1046142578125,3308.033203125,1609.1851806640625,10321.9072265625,300.7472839355469,244.65362548828125,1409.650634765625,613.3738403320312,1370.118408203125,126.51728057861328,3546.663818359375,9605.609375
2024-02-02,2847.458251953125,1120.8284912109375,692.3692016601562,572.9613647460938,2333.742431640625,999.0633544921875,1560.4952392578125,377.76153564453125,363.14447021484375,3286.66455078125,1618.5411376953125,10338.888671875,310.5542297363281,255.0546112060547,1440.33056640625,615.26806640625,1378.584716796875,130.17764282226562,3649.866455078125,9776.232421875
2024-02-05,2829.08154296875,1084.548828125,691.7467041015625,569.4264526367188,2302.246337890625,998.5755615234375,1554.82763671875,376.00189208984375,360.236083984375,3253.2724609375,1660.25341796875,10118.7275390625,313.9167175292969,260.3931884765625,1421.878173828125,608.9225463867188,1424.4677734375,132.85252380371094,3656.308349609375,9599.84765625
2024-02-06,2842.27001953125,1104.514892578125,691.3876953125,574.3361206054688,2308.764404296875,1001.4049682617188,1593.762939453125,370.2939147949219,355.98297119140625,3333.58837890625,1683.740966796875,10522.66015625,315.18988037109375,252.4313507080078,1410.786865234375,615.8363037109375,1435.464111328125,135.76205444335938,3806.027587890625,9728.0224609375
2024-02-07,2890.951171875,1104.75830078125,684.6130981445312,581.5534057617188,2307.90771484375,997.2584228515625,1560.8638916015625,370.6372375488281,357.0985412597656,3304.820556640625,1677.2598876953125,10610.8125,311.88897705078125,246.63258361816406,1424.9659423828125,639.51318359375,1455.9970703125,135.5274200439453,3757.624267578125,9900.1005859375
2024-02-08,2840.9609375,1112.40380859375,671.734375,590.43994140625,2299.914794921875,965.2083740234375,1559.34326171875,361.2610168457031,344.56842041015625,3247.187744140625,1643.052001953125,10424.7099609375,312.0775146484375,254.22625732421875,1432.845947265625,662.527099609375,1459.3057861328125,134.823486328125,3804.279296875,9678.5537109375
2024-02-09,2862.34375,1091.07421875,671.9976196289062,580.6204833984375,2306.6708984375,986.0872802734375,1538.378173828125,362.0888366699219,347.1082763671875,3236.528076171875,1604.555908203125,10413.98828125,306.4188537597656,251.28079223632812,1443.34423828125,686.866943359375,1502.0738525390625,132.61788940429688,3803.91162109375,9628.3095703125
2024-02-12,2864.4287109375,1089.564453125,665.4864501953125,571.930419921875,2270.03662109375,971.8427734375,1548.2847900390625,354.5508117675781,340.5544128417969,3212.189697265625,1618.2486572265625,10391.5263671875,298.1666259765625,248.79559326171875,1435.04443359375,670.4352416992188,1501.7314453125,128.95751953125,3791.9482421875,9645.8310546875
2024-02-13,2881.690185546875,1088.7366943359375,667.6168823242188,500.8870849609375,2277.98193359375,994.9656372070312,1552.3857421875,354.4636535644531,346.052490234375,3233.55859375,1604.8968505859375,10473.806640625,303.2594299316406,248.74957275390625,1447.6424560546875,675.6915283203125,1509.3160400390625,129.37986755371094,3818.450439453125,9537.9404296875
2024-02-14,2886.344482421875,1086.7886962890625,662.6378173828125,498.62860107421875,2272.22509765625,997.7950439453125,1535.4752197265625,358.64666748046875,348.4031677246094,3221.3896484375,1614.935302734375,10700.3212890625,309.3425598144531,251.87905883789062,1463.7235107421875,704.056396484375,1487.98095703125,132.52403259277344,3772.991943359375,9475.40234375
2024-02-15,2925.280029296875,1091.512451171875,677.0007934570312,503.9311218261719,2236.923583984375,991.892333984375,1544.8289794921875,351.98004150390625,346.4708251953125,3212.919921875,1720.1904296875,10760.76953125,319.95263671875,263.5769958496094,1453.076904296875,721.3878784179688,1477.7049560546875,132.52403259277344,3775.844482421875,9501.0556640625
2024-02-16,2916.891845703125,1090.8306884765625,679.801513671875,506.38592529296875,2260.140625,998.3316650390625,1568.14404296875,352.590087890625,345.67401123046875,3297.0810546875,1788.8985595703125,11042.30078125,318.5379638671875,256.9325866699219,1443.17138671875,714.7583618164062,1477.7537841796875,133.55645751953125,3798.94189453125,9599.7041015625
2024-02-19,2907.38818359375,1112.4525146484375,678.4609985351562,503.0473327636719,2271.4638671875,1018.3323974609375,1566.3931884765625,356.64227294921875,344.9071044921875,3251.423095703125,1801.568115234375,11142.19140625,319.4810791015625,258.61712646484375,1456.4364013671875,719.0675659179688,1497.4742431640625,133.22796630859375,3776.396728515625,9586.150390625
2024-02-20,2920.5283203125,1114.156982421875,696.2711181640625,502.3600158691406,2287.5927734375,1023.2106323242188,1553.030517578125,353.897216796875,351.1024169921875,3267.875244140625,1806.53857421875,11106.388671875,326.0357360839844,269.42596435546875,1453.4970703125,719.87255859375,1505.890869140625,132.3832550048828,3709.082275390625,9660.451171875
2024-02-21,2910.9765625,1110.21240234375,689.017822265625,502.5563659667969,2290.447509765625,1026.3326416015625,1525.660888671875,351.5007629394531,347.8354187011719,3209.122802734375,1812.385986328125,11125.2109375,316.9818115234375,262.12646484375,1450.2115478515625,730.6692504882812,1510.490478515625,135.05813598632812,3673.05615234375,9650.2373046875
2024-02-22,2926.1044921875,1105.975830078125,679.6339721679688,511.7375793457031,2272.367919921875,1036.8209228515625,1549.436767578125,361.1738586425781,343.5823669433594,3274.690185546875,1861.7974853515625,11311.4580078125,320.2355651855469,264.466064453125,1464.093994140625,725.3656616210938,1524.828369140625,136.93524169921875,3761.029052734375,9643.267578125
2024-02-23,2895.605712890625,1096.430908203125,680.1365966796875,508.9880676269531,2278.0771484375,1035.4552001953125,1545.289794921875,358.5158996582031,343.4329528808594,3298.249267578125,1880.8990478515625,11192.888671875,318.5379638671875,263.8577575683594,1475.82763671875,718.8781127929688,1527.9599609375,136.51290893554688,3728.8212890625,9681.701171875
2024-02-26,2781.6611328125,1081.1397705078125,680.9505004882812,495.92828369140625,2287.7353515625,1028.52783203125,1529.9000244140625,356.5987243652344,339.906982421875,3378.272705078125,1880.7530517578125,11126.3271484375,318.3965148925781,269.33233642578125,1469.6026611328125,718.7361450195312,1523.7515869140625,133.88494873046875,3681.844482421875,9613.111328125
2024-02-27,2773.030517578125,1098.13525390625,679.9212036132812,500.4452209472656,2288.734619140625,1034.3818359375,1533.0792236328125,358.29803466796875,339.99664306640625,3413.61181640625,1901.0244140625,11158.9775390625,316.9818115234375,273.73077392578125,1467.9476318359375,710.1650390625,1549.0015869140625,135.33970642089844,3776.94873046875,9633.490234375
2024-02-28,2709.80322265625,1099.352783203125,674.7745361328125,495.2900085449219,2304.197021484375,1020.72265625,1540.129150390625,355.8144226074219,335.3849792480469,3378.321533203125,1853.318603515625,10821.4609375,314.341064453125,261.6117248535156,1438.2803955078125,703.2040405273438,1540.291259765625,132.1016845703125,3790.33837890625,9492.00390625
2024-02-29,2736.51953125,1094.0933837890625,671.9019165039062,494.7499694824219,2295.3955078125,1026.57666015625,1542.5712890625,354.07147216796875,336.55035400390625,3385.47705078125,1883.287109375,10952.984375,316.5102844238281,264.70001220703125,1443.393798828125,708.5076293945312,1544.3038330078125,132.19554138183594,3768.390625,9576.6630859375
2024-03-01,2746.071533203125,1099.303955078125,684.99609375,509.7245178222656,2292.92138671875,1060.431640625,1524.87744140625,356.8601379394531,344.1700439453125,3537.2978515625,1922.8062744140625,11275.7041015625,323.96087646484375,269.23876953125,1474.345458984375,728.443603515625,1526.002685546875,140.7364044189453,3767.700927734375,9812.0048828125
2024-03-04,2746.071533203125,1103.9791259765625,685.9296875,515.4688720703125,2304.625244140625,1065.748779296875,1508.75048828125,356.5115966796875,344.0704040527344,3547.9580078125,1872.2254638671875,11249.7001953125,333.7221374511719,275.7427673339844,1489.4384765625,731.1901245117188,1519.005126953125,143.69285583496094,3755.1396484375,9659.91796875
2024-03-05,2735.06494140625,1138.4571533203125,689.8317260742188,512.6703491210938,2283.548583984375,1061.5537109375,1480.4591064453125,353.9407958984375,341.779541015625,3516.951416015625,1889.9630126953125,11323.8779296875,337.8718566894531,276.0703430175781,1482.32421875,742.4603881835938,1540.6337890625,142.51966857910156,3692.0126953125,9524.337890625
2024-03-06,2741.756103515625,1162.6112060546875,690.6695556640625,517.4328002929688,2284.45263671875,1070.3831787109375,1490.6422119140625,355.42230224609375,350.5545959472656,3545.767578125,1920.5648193359375,11223.4052734375,331.9302062988281,274.8537902832031,1485.0909423828125,742.4129638671875,1569.7984619140625,142.28501892089844,3740.0478515625,9333.3359375
2024-03-07,2783.69775390625,1168.454833984375,692.34521484375,527.0066528320312,2302.2939453125,1061.4560546875,1489.6285400390625,360.3895263671875,348.2238464355469,3579.59765625,1849.3228759765625,11168.09765625,332.1659851074219,273.8711242675781,1461.3028564453125,746.3433227539062,1571.4620361328125,147.58786010742188,3780.814208984375,9364.4111328125
2024-03-11,2789.806884765625,1165.4356689453125,683.5838012695312,524.0609130859375,2274.033203125,1052.43115234375,1475.0220947265625,356.77301025390625,344.5584716796875,3544.210205078125,1846.2039794921875,11057.0,328.15777587890625,267.2267150878906,1449.12451171875,732.7528076171875,1559.6202392578125,144.02133178710938,3793.466796875,9388.3720703125
2024-03-12,2789.128173828125,1172.886474609375,698.78466796875,519.3966674804688,2262.900146484375,1050.6263427734375,1486.4029541015625,352.4593505859375,342.7058410644531,3525.76171875,1846.9837646484375,11167.953125,325.1398010253906,266.8523864746094,1457.8446044921875,719.4937744140625,1550.5184326171875,143.1297149658203,3857.79052734375,9308.6005859375
2024-03-13,2773.6123046875,1138.31103515625,699.1915893554688,497.84307861328125,2200.52685546875,1057.5533447265625,1484.9747314453125,368.1455078125,344.53857421875,3444.86181640625,1806.587158203125,11051.7607421875,304.1553955078125,247.34030151367188,1415.10986328125,707.70263671875,1525.3665771484375,134.823486328125,3817.99072265625,9287.3505859375
2024-03-14,2804.74072265625,1163.48779296875,696.8216552734375,515.7634887695312,2221.460693359375,1057.2119140625,1523.5875244140625,365.7054138183594,347.098388671875,3512.66796875,1842.500732421875,11065.78125,303.5423889160156,249.2587890625,1414.418212890625,701.830810546875,1536.7191162109375,133.69723510742188,3871.915283203125,9387.4521484375
2024-03-15,2780.78857421875,1188.226318359375,695.4811401367188,522.931640625,2214.89501953125,1054.0411376953125,1505.8017578125,365.22613525390625,346.2816162109375,3443.4990234375,1753.7647705078125,11135.69140625,298.3080749511719,248.88442993164062,1401.3260498046875,693.1650390625,1515.188232421875,132.99331665039062,3882.635986328125,9325.494140625
2024-03-18,2760.375244140625,1193.3883056640625,692.3212890625,521.5569458007812,2188.489990234375,1054.8704833984375,1476.9112548828125,363.7882080078125,346.2019348144531,3466.912353515625,1808.87744140625,11290.59765625,299.1097106933594,247.9017791748047,1422.32275390625,692.2653198242188,1537.746826171875,140.50177001953125,3821.211181640625,9304.5830078125
2024-03-19,2729.925048828125,1196.3587646484375,693.9011840820312,524.01171875,2157.089111328125,1057.5533447265625,1438.9437255859375,356.9037170410156,348.5426025390625,3408.987548828125,1797.0362548828125,11252.5126953125,295.6202087402344,242.38043212890625,1408.267333984375,685.4937133789062,1515.4327392578125,139.61012268066406,3659.98876953125,9151.529296875
2024-03-20,2739.4287109375,1199.718994140625,685.1397705078125,518.3164672851562,2133.300537109375,1058.090087890625,1432.95361328125,362.26318359375,351.68011474609375,3416.775634765625,1797.5235595703125,11586.3916015625,295.8088073730469,247.66783142089844,1426.5467529296875,697.2848510742188,1516.3138427734375,136.7006072998047,3654.099365234375,9181.830078125
2024-03-21,2735.792236328125,1189.0054931640625,692.1776733398438,529.9524536132812,2133.681396484375,1055.455810546875,1432.72314453125,367.0997314453125,353.0247497558594,3465.743896484375,1818.4283447265625,11554.37109375,306.51318359375,256.1839294433594,1433.685791015625,704.9087524414062,1531.82568359375,140.87718200683594,3655.98583984375,9294.322265625
2024-03-22,2755.526611328125,1203.906982421875,690.7891845703125,537.8570556640625,2147.19287109375,1063.7489013671875,1390.4703369140625,373.5049133300781,353.87139892578125,3522.013671875,1831.04931640625,11971.1611328125,306.2774353027344,258.0555725097656,1437.6875,707.1818237304688,1574.5941162109375,142.4727325439453,3598.88671875,9372.736328125
2024-03-26,2729.48876953125,1181.505859375,682.4347534179688,548.560302734375,2131.4453125,1057.3094482421875,1375.5416259765625,372.6770324707031,349.3493957519531,3572.928955078125,1816.57666015625,11886.5986328125,310.3799743652344,252.72129821777344,1424.3978271484375,700.8837280273438,1564.0242919921875,143.03585815429688,3568.151123046875,9294.2734375
2024-03-27,2744.85888671875,1192.9013671875,689.7598876953125,547.5783081054688,2131.15966796875,1057.3583984375,1367.4317626953125,372.9820251464844,353.7120361328125,3608.267822265625,1833.3394775390625,12138.6806640625,312.73779296875,252.9085235595703,1475.0618896484375,694.490966796875,1569.9453125,143.31741333007812,3534.470947265625,9316.296875
2024-03-28,2760.61767578125,1196.602294921875,693.2069702148438,550.13134765625,2154.615478515625,1066.67578125,1380.517822265625,373.2870178222656,355.6841735839844,3664.245361328125,1872.517822265625,12226.0068359375,316.6988220214844,259.1318054199219,1468.145263671875,712.53271484375,1585.99560546875,146.27389526367188,3567.046630859375,9437.986328125
2024-04-01,2784.134033203125,1185.6451416015625,704.0271606445312,558.3304443359375,2175.120849609375,1072.8712158203125,1378.1217041015625,371.8491516113281,356.7200927734375,3736.383544921875,1867.2550048828125,12196.169921875,322.87628173828125,262.1731872558594,1467.0831298828125,718.1678466796875,1594.510009765625,153.12533569335938,3604.269775390625,9636.6845703125
2024-04-02,2787.23681640625,1176.7823486328125,708.6472778320312,560.8836059570312,2175.88232421875,1054.8704833984375,1366.5103759765625,371.1084289550781,350.0864562988281,3706.593505859375,1921.831787109375,12179.5302734375,325.1868896484375,261.6117248535156,1469.2320556640625,725.8391723632812,1587.6593017578125,154.53317260742188,3573.9482421875,9717.7626953125
2024-04-03,2782.53369140625,1193.7777099609375,709.6766357421875,566.18603515625,2155.424072265625,1050.9676513671875,1364.48291015625,370.54193115234375,344.8572998046875,3682.304443359375,1938.7408447265625,12058.630859375,331.27001953125,262.12646484375,1454.0650634765625,730.2430419921875,1585.3104248046875,153.5946044921875,3632.382080078125,9682.66796875
2024-04-04,2830.0029296875,1175.418701171875,731.36474609375,567.3152465820312,2155.18603515625,1052.57763671875,1370.0582275390625,368.40692138671875,348.4429931640625,3697.296875,1951.8001708984375,12193.890625,334.4765930175781,259.8336486816406,1445.4935302734375,719.1149291992188,1584.821044921875,153.35997009277344,3683.914794921875,9685.765625
2024-04-05,2796.207275390625,1159.9815673828125,741.873779296875,559.7543334960938,2157.089111328125,1057.0169677734375,1363.0545654296875,372.58990478515625,355.61444091796875,3643.996337890625,1962.130859375,12052.56640625,334.3822937011719,260.5354919433594,1442.7020263671875,724.2764892578125,1574.69189453125,153.31304931640625,3661.783203125,9510.05859375
2024-04-08,2804.498779296875,1173.32470703125,740.4613647460938,566.3824462890625,2158.9921875,1060.675537109375,1360.8427734375,373.9406433105469,356.2618713378906,3707.031982421875,2025.283935546875,12482.890625,342.8232421875,263.67059326171875,1468.2686767578125,727.6386108398438,1565.590087890625,155.0493621826172,3655.6181640625,9548.927734375
2024-04-09,2770.70263671875,1173.081298828125,741.3949584960938,577.9692993164062,2154.4248046875,1080.0909423828125,1377.56884765625,371.54412841796875,354.7080383300781,3685.0302734375,2037.7584228515625,12505.1103515625,342.2573547363281,263.1558837890625,1446.2098388671875,723.755615234375,1568.37939453125,155.80020141601562,3631.6923828125,9457.34765625
2024-04-10,2809.104736328125,1197.3814697265625,735.5540161132812,592.1583251953125,2151.33251953125,1082.3837890625,1388.581298828125,380.7815246582031,363.7420959472656,3653.82861328125,2023.4322509765625,12305.958984375,341.8800964355469,264.41925048828125,1461.945068359375,737.8196411132812,1569.847412109375,154.90858459472656,3666.752197265625,9504.4921875
2024-04-12,2768.133056640625,1193.6317138671875,727.223388671875,587.8378295898438,2124.11865234375,1077.5054931640625,1368.26123046875,374.81207275390625,361.17230224609375,3581.8369140625,2018.3155517578125,11902.1240234375,341.1727600097656,257.587646484375,1449.6680908203125,725.7444458007812,1507.1630859375,153.45382690429688,3682.166259765625,9344.46875
2024-04-15,2758.338623046875,1192.6578369140625,715.61328125,601.634033203125,2087.721923828125,1052.08984375,1352.963623046875,371.1520080566406,358.20416259765625,3505.4638671875,2001.2603759765625,12053.779296875,340.6069030761719,256.4646301269531,1447.3707275390625,717.41015625,1507.212158203125,150.96665954589844,3626.7685546875,9202.8388671875
2024-04-16,2744.37451171875,1184.7686767578125,722.579345703125,597.853515625,2113.17578125,1041.0650634765625,1303.4766845703125,371.1520080566406,357.0985412597656,3449.632080078125,1979.67333984375,12131.2578125,338.81500244140625,256.65185546875,1448.2847900390625,711.9171752929688,1504.7652587890625,150.21580505371094,3563.826171875,9161.7431640625
2024-04-18,2722.7490234375,1232.78466796875,715.61328125,601.732177734375,2107.46630859375,1029.74755859375,1307.9002685546875,365.00823974609375,355.9331970214844,3456.93359375,1973.4847412109375,12036.4609375,331.17572021484375,262.12646484375,1446.8765869140625,705.38232421875,1484.06640625,150.21580505371094,3553.8876953125,9083.279296875
2024-04-19,2723.573486328125,1255.4293212890625,733.1361694335938,603.6470336914062,2123.4521484375,1041.26025390625,1300.52783203125,370.14984130859375,357.1085205078125,3425.19677734375,2029.961669921875,12333.3212890625,330.60980224609375,263.5769958496094,1452.607666015625,710.7332763671875,1490.329833984375,152.13986206054688,3520.943603515625,9065.0791015625
2024-04-22,2755.86572265625,1263.7564697265625,723.9917602539062,607.37841796875,2132.87255859375,1060.1878662109375,1320.341064453125,370.6291198730469,360.5548095703125,3517.048583984375,2037.514892578125,12405.65625,323.3949890136719,265.4486389160156,1462.2166748046875,725.5549926757812,1507.2608642578125,151.9052276611328,3556.280517578125,9259.955078125
2024-04-23,2787.915771484375,1307.3897705078125,721.7894287109375,600.750244140625,2153.092529296875,1063.7000732421875,1329.23388671875,374.0278015136719,361.17230224609375,3514.56591796875,2010.1781005859375,12610.14453125,327.4032287597656,267.03955078125,1441.9364013671875,732.08984375,1452.9932861328125,151.24822998046875,3565.574462890625,9229.2666015625
2024-04-24,2780.98193359375,1301.5947265625,723.7523803710938,624.6113891601562,2150.713623046875,1070.041748046875,1318.498046875,373.766357421875,367.0987243652344,3538.612548828125,2006.1334228515625,12559.4951171875,331.64727783203125,271.7655029296875,1432.8953857421875,732.1845092773438,1454.0699462890625,155.37786865234375,3525.40673828125,9350.5673828125
2024-04-25,2774.873046875,1303.8348388671875,723.2975463867188,635.1181030273438,2122.73876953125,1086.6278076171875,1325.5936279296875,381.3044738769531,327.1875915527344,3555.600341796875,2043.557373046875,12538.5859375,338.767822265625,274.4794006347656,1442.5784912109375,769.6887817382812,1487.736328125,157.395751953125,3544.869140625,9374.6728515625
2024-04-26,2758.09619140625,1291.465576171875,722.8427734375,637.572998046875,2114.935791015625,1080.9202880859375,1318.037109375,383.4394836425781,320.4245300292969,3509.747314453125,1992.9278564453125,12325.9462890625,335.74981689453125,273.49676513671875,1435.2421875,758.8921508789062,1474.4263916015625,155.6125030517578,3516.481201171875,9391.2763671875
2024-04-29,2781.418701171875,1297.74755859375,732.2744140625,638.3094482421875,2118.218994140625,1131.8978271484375,1322.1842041015625,381.8708801269531,326.7792053222656,3538.076904296875,2009.641845703125,12312.84765625,342.3516540527344,274.8537902832031,1447.568359375,782.7584228515625,1489.1553955078125,157.11419677734375,3561.433349609375,9646.4140625
2024-04-30,2788.88525390625,1287.862060546875,727.7739868164062,632.7615356445312,2122.358154296875,1122.38525390625,1309.0982666015625,379.6486511230469,323.5023193359375,3499.135986328125,2101.54541015625,12436.7060546875,342.540283203125,282.4808044433594,1449.519775390625,782.5216674804688,1470.0711669921875,154.86166381835938,3515.836669921875,9653.5771484375
2024-05-02,2885.374755859375,1270.0872802734375,733.591064453125,629.8648071289062,2118.4091796875,1111.701904296875,1303.4766845703125,382.5680236816406,313.8805847167969,3504.197998046875,2129.613037109375,12424.916015625,348.0575256347656,293.4768371582031,1449.0753173828125,786.1205444335938,1486.6109619140625,157.06727600097656,3555.083984375,9664.806640625
2024-05-03,2841.106201171875,1244.13134765625,727.5346069335938,635.4127197265625,2109.607421875,1114.23876953125,1305.1817626953125,380.3457946777344,308.113525390625,3407.137939453125,2137.263427734375,12121.021484375,344.1907653808594,290.9032287597656,1416.9130859375,787.4464721679688,1478.92822265625,156.2694854736328,3536.771728515625,9502.9921875
2024-05-06,2843.43359375,1249.97509765625,728.994873046875,627.2626342773438,2146.860107421875,1118.3851318359375,1314.0284423828125,378.8643798828125,323.5719909667969,3371.6044921875,2168.401611328125,12069.7421875,336.5043029785156,287.1599426269531,1402.610595703125,765.048095703125,1496.54443359375,157.30191040039062,3608.226806640625,9464.849609375
2024-05-07,2824.863037109375,1252.6534423828125,721.09521484375,608.9985961914062,2264.089599609375,1104.3358154296875,1327.897705078125,383.7445068359375,327.4764709472656,3336.99560546875,2135.8017578125,11996.7275390625,329.28948974609375,276.3043518066406,1384.775634765625,759.4603881835938,1483.0386962890625,154.15773010253906,3661.507080078125,9373.3662109375
2024-05-08,2757.27197265625,1255.0396728515625,709.84423828125,622.058349609375,2227.59814453125,1095.652587890625,1315.31884765625,384.31097412109375,328.3629455566406,3394.531005859375,2126.93310546875,12170.89453125,335.2311096191406,282.6211853027344,1401.6473388671875,767.8892822265625,1489.3023681640625,155.84713745117188,3659.666748046875,9215.568359375
2024-05-09,2628.1025390625,1242.232177734375,693.0155029296875,608.2130126953125,2212.9443359375,1088.5302734375,1326.6075439453125,370.4548034667969,327.31707763671875,3188.727783203125,2156.31689453125,12133.150390625,326.3658142089844,277.1465148925781,1377.5133056640625,776.4130249023438,1462.780029296875,151.95213317871094,3644.2529296875,9144.607421875
2024-05-10,2687.402099609375,1267.2628173828125,697.8200073242188,614.3009643554688,2248.056396484375,1089.847412109375,1313.1068115234375,377.6443176269531,324.2991027832031,3184.833740234375,2137.3125,12298.9248046875,335.27825927734375,284.2589111328125,1390.65478515625,774.0927124023438,1474.4263916015625,152.28062438964844,3583.24267578125,9188.7529296875
2024-05-13,2792.13427734375,1252.4586181640625,706.2400512695312,622.058349609375,2246.248046875,1100.53076171875,1311.7706298828125,376.3371887207031,326.9385681152344,3206.640625,2128.736083984375,12297.322265625,330.93994140625,286.8791809082031,1385.986083984375,765.9951782226562,1492.53173828125,153.78233337402344,3632.842529296875,9246.64453125
2024-05-14,2779.430419921875,1250.851806640625,709.0062866210938,634.9708251953125,2235.733642578125,1093.26220703125,1312.9224853515625,374.4635314941406,327.9545593261719,3289.974365234375,2212.209228515625,12433.50390625,335.56121826171875,289.4059753417969,1403.15380859375,774.897705078125,1512.30126953125,154.81471252441406,3589.96044921875,9352.310546875
2024-05-15,2728.5673828125,1275.784912109375,698.1111450195312,641.8935546875,2210.70849609375,1096.9696044921875,1308.545166015625,372.8077392578125,328.8509826660156,3320.98095703125,2243.78564453125,12387.99609375,340.7955322265625,294.6466064453125,1399.3994140625,776.8865356445312,1494.8319091796875,155.4248046875,3570.8193359375,9307.24609375
2024-05-16,2728.9072265625,1310.068115234375,708.6665649414062,641.5498046875,2229.59619140625,1103.506591796875,1339.3248291015625,375.9885559082031,333.08416748046875,3368.97607421875,2311.470458984375,12126.3583984375,340.8898620605469,292.4474182128906,1408.3660888671875,768.978515625,1503.5419921875,155.70635986328125,3615.82080078125,9399.212890625
2024-05-17,2724.882568359375,1309.43505859375,710.5349731445312,643.6119384765625,2207.9013671875,1102.9698486328125,1330.98486328125,380.21514892578125,337.9647216796875,3359.386474609375,2450.690185546875,12265.9345703125,344.66229248046875,293.0556945800781,1418.5928955078125,774.566162109375,1498.7464599609375,157.06727600097656,3553.857666015625,9574.677734375
2024-05-21,2765.514892578125,1309.2891845703125,707.962890625,681.0728759765625,2198.71875,1093.65234375,1321.63134765625,378.9079284667969,338.3033447265625,3349.845947265625,2458.535400390625,12102.7314453125,350.8396911621094,304.75360107421875,1419.0128173828125,786.6888427734375,1508.0928955078125,163.63717651367188,3540.97314453125,9476.951171875
2024-05-22,2798.437744140625,1312.7952880859375,708.156982421875,672.1863403320312,2252.1953125,1084.042236328125,1340.6612548828125,383.3523254394531,338.5623474121094,3369.219482421875,2456.97607421875,12159.0556640625,352.58453369140625,304.8471984863281,1443.24560546875,788.422119140625,1506.47802734375,162.65167236328125,3551.910400390625,9579.03515625
2024-05-23,2815.89306640625,1338.26416015625,724.3661499023438,664.5762939453125,2267.039306640625,1106.8724365234375,1356.8802490234375,384.6159362792969,340.4548034667969,3490.471435546875,2542.8857421875,12550.6181640625,351.12261962890625,299.3725280761719,1468.3428955078125,801.277587890625,1463.2205810546875,164.71649169921875,3608.868896484375,9845.9365234375
2024-05-24,2787.7705078125,1352.337890625,736.3046875,661.0903930664062,2254.240966796875,1104.384521484375,1350.1529541015625,380.1279602050781,339.3392639160156,3529.899169921875,2514.184326171875,12614.2197265625,353.6219177246094,298.3431396484375,1462.6119384765625,797.9072265625,1454.9993896484375,164.10643005371094,3568.1318359375,9904.5517578125
2024-05-27,2785.39453125,1348.2958984375,741.400390625,665.6073608398438,2268.9423828125,1102.2869873046875,1355.91259765625,376.03216552734375,340.8432922363281,3555.30810546875,2484.313232421875,12522.6728515625,348.62335205078125,297.5476989746094,1448.77880859375,802.818359375,1434.7900390625,164.71649169921875,3565.860595703125,9899.130859375
2024-05-28,2823.11767578125,1335.34228515625,742.75927734375,668.9950561523438,2279.837646484375,1099.5062255859375,1351.9500732421875,373.8534851074219,339.37908935546875,3561.343994140625,2487.919189453125,12437.7724609375,344.6151123046875,292.7281188964844,1438.8485107421875,800.3628540039062,1433.66455078125,164.15335083007812,3559.2333984375,9854.01953125
2024-05-29,2812.402099609375,1341.2347412109375,731.9855346679688,692.5615234375,2258.380126953125,1075.1639404296875,1337.1131591796875,375.5528564453125,336.23162841796875,3538.563720703125,2469.255859375,12408.712890625,343.86065673828125,297.3137512207031,1423.607421875,792.1776733398438,1447.4146728515625,163.5432891845703,3525.6328125,9703.482421875
2024-05-30,2796.44970703125,1341.283447265625,735.1642456054688,682.5949096679688,2237.446533203125,1086.5789794921875,1315.456787109375,369.3655090332031,336.6797790527344,3538.466064453125,2430.12646484375,12223.7265625,339.2393798828125,287.0195617675781,1407.8720703125,795.2590942382812,1427.9881591796875,154.0638885498047,3463.020263671875,9553.86328125
2024-05-31,2794.025390625,1336.998046875,743.2688598632812,676.899658203125,2216.179931640625,1093.7501220703125,1322.459716796875,371.63128662109375,334.7475280761719,3572.150390625,2442.552490234375,12030.9296875,338.57916259765625,290.1078186035156,1413.35595703125,799.5924072265625,1428.6732177734375,156.9264678955078,3402.6318359375,9599.025390625
2024-06-03,2779.7216796875,1354.8702392578125,762.9964599609375,683.3804931640625,2241.728515625,1131.75146484375,1321.519775390625,375.02996826171875,342.24761962890625,3793.96728515625,2567.05517578125,12105.4970703125,369.5133972167969,315.9835205078125,1492.32861328125,872.1032104492188,1422.0672607421875,163.5432891845703,3432.20068359375,10135.876953125
2024-06-04,2771.187744140625,1265.8505859375,719.7800903320312,637.3274536132812,2375.324462890625,1045.3577880859375,1310.0050048828125,368.4967956542969,326.2911682128906,3313.095703125,2507.508544921875,11814.3125,312.40771484375,276.95941162109375,1380.625732421875,746.4852905273438,1399.36181640625,149.18338012695312,3443.46240234375,9601.7373046875
2024-06-05,2872.137939453125,1309.337646484375,753.0963134765625,682.693115234375,2476.61572265625,1081.6519775390625,1344.2672119140625,381.8983459472656,342.25762939453125,3318.741943359375,2671.287109375,12131.16015625,321.60308837890625,279.6264953613281,1403.8209228515625,760.4962768554688,1455.5867919921875,158.80357360839844,3472.613525390625,9717.712890625
2024-06-06,2816.911376953125,1334.904052734375,756.93017578125,665.2636108398438,2426.041748046875,1083.359375,1383.887451171875,386.42462158203125,345.5644836425781,3390.3447265625,2631.23193359375,12296.984375,329.8553466796875,281.1706237792969,1414.5416259765625,786.6887817382812,1441.2978515625,161.47848510742188,3550.427490234375,9734.0244140625
2024-06-07,2839.1181640625,1388.130615234375,763.5545654296875,668.0621337890625,2452.874755859375,1094.3841552734375,1441.555419921875,389.7528381347656,349.3493957519531,3438.97216796875,2784.826416015625,12430.3017578125,340.08819580078125,289.4995422363281,1452.4345703125,799.207275390625,1474.7198486328125,167.90756225585938,3609.332275390625,10129.1962890625
2024-06-10,2848.67041015625,1388.909912109375,757.7067260742188,664.18359375,2441.02783203125,1096.4329833984375,1409.737060546875,387.7559509277344,347.7457580566406,3449.92431640625,2736.194580078125,12339.724609375,344.1435546875,295.5356140136719,1453.867431640625,800.9887084960938,1480.836669921875,169.212158203125,3576.658935546875,10480.70703125
2024-06-11,2841.865478515625,1390.0787353515625,759.4052734375,660.7958374023438,2432.46435546875,1090.969482421875,1405.97705078125,384.29461669921875,342.6361083984375,3503.419189453125,2763.483154296875,12481.484375,346.5013732910156,296.23748779296875,1439.3179931640625,804.5997924804688,1467.771484375,170.18826293945312,3570.5419921875,10584.5830078125
2024-06-12,2845.145751953125,1400.9383544921875,763.94287109375,661.7286987304688,2406.154052734375,1092.28662109375,1396.060302734375,383.67333984375,341.78948974609375,3534.182861328125,2716.702880859375,12467.609375,350.1795349121094,303.8177490234375,1445.888671875,808.0182495117188,1474.7198486328125,171.032958984375,3551.5859375,10692.28125
2024-06-13,2849.2578125,1388.6177978515625,767.1458129882812,668.4059448242188,2366.85546875,1080.383544921875,1404.28515625,381.8983459472656,343.9010925292969,3605.590576171875,2788.96826171875,12465.1826171875,348.9063415527344,300.8231201171875,1447.790771484375,812.6405639648438,1478.5855712890625,171.34268188476562,3594.687255859375,10817.1650390625
2024-06-14,2860.61572265625,1390.224853515625,774.9835815429688,671.2534790039062,2382.56494140625,1078.7249755859375,1399.5382080078125,382.6527099609375,342.0783386230469,3590.160400390625,2854.16796875,12463.5830078125,347.4916687011719,300.8699035644531,1459.9442138671875,808.1146240234375,1483.6746826171875,171.8964385986328,3551.95703125,10883.9619140625
2024-06-18,2857.580078125,1391.1500244140625,780.2733764648438,666.4910888671875,2388.810302734375,1095.506103515625,1408.2799072265625,380.5226745605469,342.5166015625,3591.523193359375,2886.62158203125,12187.77734375,348.62335205078125,310.50897216796875,1463.3778076171875,813.603515625,1488.519287109375,169.9911651611328,3536.24609375,10764.162109375
2024-06-19,2831.340087890625,1356.0875244140625,804.5628051757812,650.4364624023438,2360.706787109375,1116.580078125,1420.6407470703125,375.996337890625,347.9549255371094,3494.901123046875,2859.28466796875,11878.400390625,341.8800964355469,306.2976989746094,1441.2694091796875,821.0181884765625,1471.9306640625,168.95877075195312,3523.824951171875,10644.6044921875
2024-06-20,2854.64306640625,1345.1793212890625,810.143798828125,664.28173828125,2384.9189453125,1128.62939453125,1424.4476318359375,375.6856994628906,351.8494567871094,3526.7890625,2798.226806640625,11788.5517578125,337.3059997558594,303.7241516113281,1456.14013671875,812.4960327148438,1439.6343994140625,171.07989501953125,3510.43115234375,10555.201171875
2024-06-21,2830.5078125,1379.17041015625,808.396728515625,672.1372680664062,2345.6220703125,1130.434326171875,1440.70947265625,372.4018859863281,353.72198486328125,3468.45849609375,2767.771240234375,11839.0068359375,339.3336486816406,305.0343933105469,1436.872314453125,805.322021484375,1435.9642333984375,172.2863006591797,3532.2138671875,10322.087890625
2024-06-24,2835.59912109375,1382.82275390625,811.6240234375,672.8737182617188,2346.486572265625,1141.60546875,1435.492431640625,375.6856994628906,353.1044616699219,3465.12255859375,2841.693359375,11821.443359375,342.1158752441406,311.58514404296875,1424.2989501953125,801.8554077148438,1462.6331787109375,170.39051818847656,3537.821533203125,10441.7421875
2024-06-25,2798.78369140625,1378.098876953125,830.5266723632812,673.119140625,2336.87841796875,1168.7772216796875,1449.404052734375,375.6856994628906,354.9670715332031,3520.2646484375,2835.455810546875,11756.6279296875,340.3240051269531,306.3912658691406,1436.822998046875,811.0516357421875,1473.1051025390625,168.20750427246094,3557.88916015625,10500.0205078125
2024-06-26,2803.581787109375,1421.48876953125,825.7463989257812,662.5142211914062,2349.75341796875,1188.339111328125,1448.229248046875,376.2625732421875,358.20416259765625,3535.12939453125,2779.027587890625,11835.8525390625,344.2850341796875,305.7362365722656,1495.9844970703125,814.0367431640625,1488.715087890625,165.22019958496094,3574.017578125,10787.443359375
2024-06-27,2820.71630859375,1437.3643798828125,823.1500244140625,672.8737182617188,2365.654541015625,1190.1927490234375,1478.9195556640625,377.7270202636719,364.658447265625,3497.304931640625,2815.52587890625,11816.931640625,355.69677734375,310.2749938964844,1512.3126220703125,812.73681640625,1483.9195556640625,166.7521514892578,3646.593994140625,11342.736328125
2024-06-28,2856.16064453125,1406.441162109375,817.156494140625,681.0238037109375,2376.12744140625,1170.38720703125,1472.7158203125,377.1057434082031,359.0707092285156,3481.6552734375,2793.79248046875,11676.3369140625,356.8284912109375,309.7135009765625,1546.7474365234375,817.5034790039062,1488.4215087890625,166.60853576660156,3618.787109375,11295.4951171875
2024-07-01,2866.6865234375,1416.1319580078125,827.5420532226562,677.390625,2406.921630859375,1182.3387451171875,1495.322265625,380.7889404296875,360.186279296875,3460.16748046875,2802.759033203125,11748.9150390625,348.71771240234375,308.45013427734375,1541.5599365234375,810.7627563476562,1487.6873779296875,166.66598510742188,3687.424560546875,11524.6884765625
2024-07-02,2864.5322265625,1381.994873046875,839.8687744140625,682.2021484375,2387.753173828125,1161.606201171875,1523.7568359375,377.63824462890625,352.51678466796875,3558.236083984375,2792.330322265625,11684.826171875,349.3307189941406,309.5731201171875,1546.525146484375,795.5480346679688,1491.55322265625,167.11598205566406,3723.759521484375,11475.6064453125
2024-07-03,2864.483154296875,1382.871337890625,858.3346557617188,679.1581420898438,2411.9658203125,1172.33837890625,1529.7257080078125,380.123291015625,360.7041931152344,3546.31494140625,2804.80517578125,11763.470703125,351.4527587890625,313.6439514160156,1533.927001953125,808.8368530273438,1501.2421875,168.86814880371094,3675.42138671875,11493.1767578125
2024-07-04,2873.63818359375,1385.988037109375,838.1945190429688,679.3544311523438,2398.130126953125,1202.9737548828125,1551.5802001953125,380.7889404296875,365.3157958984375,3506.037353515625,2829.023681640625,11730.4296875,351.7356872558594,313.5036315917969,1535.5079345703125,808.2108764648438,1524.6815185546875,168.7915496826172,3727.0498046875,11384.703125
2024-07-05,2874.616943359375,1392.46484375,799.8310546875,686.522705078125,2447.17919921875,1203.364013671875,1548.572265625,384.87152099609375,369.0708923339844,3558.873779296875,2827.94384765625,11744.4501953125,358.196044921875,317.6212463378906,1569.695556640625,827.9033813476562,1534.95751953125,167.2787628173828,3718.568603515625,11317.03515625
2024-07-08,2837.655029296875,1397.7728271484375,793.6434936523438,684.60791015625,2485.755615234375,1204.973876953125,1561.9200439453125,393.7022705078125,369.1705017089844,3563.632568359375,2799.228759765625,11666.3916015625,355.9797058105469,317.6212463378906,1581.824462890625,824.5330200195312,1523.2135009765625,164.9521026611328,3701.328369140625,11213.2080078125
2024-07-09,2844.3623046875,1398.16259765625,794.2015380859375,694.2308959960938,2488.637939453125,1217.8524169921875,1557.68994140625,401.68994140625,368.1047668457031,3597.0908203125,2872.02294921875,12446.6025390625,355.6024475097656,319.2589416503906,1571.3260498046875,829.3959350585938,1551.5950927734375,164.49252319335938,3694.191162109375,11307.0146484375
2024-07-10,2933.9033203125,1407.4150390625,789.1544799804688,680.7782592773438,2508.142578125,1212.92529296875,1549.32421875,400.6693115234375,364.5190124511719,3581.3427734375,2682.06005859375,12393.3330078125,359.70501708984375,323.8445739746094,1565.3480224609375,817.5515747070312,1564.464599609375,160.83502197265625,3623.42138671875,11262.91796875
2024-07-11,2958.968994140625,1400.4998779296875,787.1161499023438,683.72412109375,2506.60546875,1208.291015625,1553.5072021484375,407.0594177246094,367.4373779296875,3552.93798828125,2648.730712890625,12337.4443359375,355.6496276855469,320.8030700683594,1561.815673828125,824.9664306640625,1548.0228271484375,161.7350311279297,3636.908203125,11186.1494140625
2024-07-12,2936.546875,1395.9224853515625,787.50439453125,679.5509033203125,2519.480224609375,1202.876220703125,1609.012939453125,407.4144592285156,365.11663818359375,3580.656005859375,2654.52294921875,12189.28125,355.69677734375,321.0838623046875,1577.6990966796875,827.855224609375,1548.562744140625,161.5148162841797,3878.135986328125,11231.9873046875
2024-07-15,2894.787109375,1400.1590576171875,787.2131958007812,687.4555053710938,2517.606689453125,1199.998046875,1604.5950927734375,411.2751159667969,367.2481384277344,3582.863525390625,2681.127685546875,12268.3125,363.7132873535156,321.7857360839844,1578.1932373046875,848.7033081054688,1557.3006591796875,159.66690063476562,3864.464111328125,11455.955078125
2024-07-16,2912.362548828125,1428.306396484375,786.07275390625,678.3234252929688,2583.085693359375,1209.7056884765625,1622.454833984375,413.1832580566406,359.62847900390625,3568.0966796875,2706.357666015625,12264.0419921875,358.8090515136719,320.4755554199219,1557.4681396484375,848.0773315429688,1550.526611328125,159.96372985839844,3873.038330078125,11286.5888671875
2024-07-18,2870.358154296875,1445.009765625,783.6705322265625,677.4888305664062,2631.077880859375,1219.8526611328125,1652.5341796875,417.3546142578125,363.9014587402344,3587.376953125,2767.91162109375,12268.4091796875,356.26263427734375,319.3525390625,1567.7689208984375,860.451416015625,1565.2039794921875,159.28392028808594,4000.11669921875,11275.50390625
2024-07-19,2884.555419921875,1423.68017578125,780.0307006835938,651.0255737304688,2620.125,1218.24267578125,1685.3394775390625,421.1709289550781,363.2732849121094,3550.38671875,2699.0439453125,12152.216796875,343.9078369140625,310.88330078125,1536.6195068359375,856.4069213867188,1540.0704345703125,151.05929565429688,3997.18994140625,10898.9677734375
2024-07-22,2873.05078125,1427.235107421875,797.1376953125,660.1575927734375,2628.099609375,1210.9254150390625,1702.1651611328125,414.0707702636719,350.50006103515625,3582.71630859375,2753.480224609375,12265.69140625,352.25439453125,316.8725891113281,1482.793701171875,844.3218383789062,1558.4296875,153.50083923339844,3983.2080078125,11148.15234375
2024-07-23,2836.62744140625,1427.5272216796875,785.4176025390625,641.6972045898438,2657.9326171875,1196.8759765625,1726.6517333984375,436.8355712890625,352.7635498046875,3471.450927734375,2769.77685546875,12253.853515625,360.6953430175781,312.8017272949219,1470.1707763671875,831.8997192382812,1572.420166015625,153.21359252929688,3997.14453125,11177.291015625
2024-07-24,2851.99951171875,1417.3006591796875,778.4534912109375,639.8314208984375,2610.564697265625,1193.21728515625,1723.878662109375,438.4774475097656,348.2366027832031,3453.201171875,2754.216796875,12116.2666015625,370.2679443359375,315.515625,1477.8778076171875,820.4404907226562,1589.9449462890625,153.4912567138672,4000.767333984375,11087.8408203125
2024-07-25,2840.837158203125,1411.4083251953125,784.5440673828125,634.8726806640625,2601.100830078125,1168.728515625,1715.3250732421875,434.8387145996094,354.00994873046875,3551.0244140625,2760.0087890625,12137.564453125,369.84356689453125,317.6680908203125,1474.6171875,817.070068359375,1635.4505615234375,150.69546508789062,4015.864501953125,11076.3203125
2024-07-26,2888.569580078125,1474.958984375,785.2962646484375,655.5424194335938,2604.800048828125,1177.802001953125,1766.130859375,445.71075439453125,361.7276916503906,3610.630859375,2835.01220703125,12287.474609375,373.7574768066406,322.1132507324219,1491.044189453125,830.50341796875,1683.017822265625,155.63597106933594,4076.57861328125,11300.4794921875
2024-07-29,2893.02490234375,1442.7696533203125,778.9387817382812,654.8059692382812,2605.328369140625,1183.1680908203125,1758.799072265625,440.2525329589844,357.7491760253906,3703.8916015625,2879.385986328125,12372.71484375,371.49395751953125,320.38201904296875,1501.9871826171875,839.3143920898438,1691.853759765625,155.94235229492188,4070.30712890625,11494.822265625
2024-07-30,2942.32373046875,1432.05615234375,784.0344848632812,648.5706787109375,2585.919921875,1179.9971923828125,1764.4859619140625,434.7943115234375,356.19366455078125,3713.408935546875,2868.685302734375,12491.1875,383.8016662597656,327.3539123535156,1495.119873046875,840.469970703125,1670.5982666015625,157.09132385253906,4055.674560546875,11497.4033203125
2024-07-31,3020.066162109375,1452.7041015625,784.1315307617188,657.5062866210938,2599.611572265625,1185.3145751953125,1756.1201171875,439.63128662109375,360.5411071777344,3743.187744140625,2854.646728515625,12726.142578125,392.33685302734375,325.8565979003906,1487.4869384765625,840.0848388671875,1688.0247802734375,158.2977294921875,4074.25634765625,11576.0400390625
2024-08-01,3034.6552734375,1466.290771484375,795.3178100585938,661.3359375,2609.123779296875,1180.63134765625,1741.4095458984375,438.1668701171875,357.4998779296875,3708.159912109375,2776.697998046875,12962.166015625,399.3631286621094,337.9288330078125,1497.2445068359375,830.696044921875,1683.950439453125,156.12428283691406,4085.17236328125,11670.79296875
2024-08-02,3041.85205078125,1454.8955078125,805.1937255859375,636.3455810546875,2587.025390625,1167.411376953125,1711.8939208984375,434.0843200683594,359.6537170410156,3596.6982421875,2699.387451171875,12464.9462890625,395.8264465332031,335.26171875,1481.4595947265625,816.4441528320312,1700.100830078125,151.4901580810547,3979.212890625,11456.55078125
2024-08-05,3028.82958984375,1427.5272216796875,784.1315307617188,603.2052001953125,2609.459716796875,1144.0445556640625,1646.7532958984375,431.3330078125,353.7108459472656,3461.590087890625,2629.97998046875,11950.1923828125,389.7433166503906,320.8030700683594,1430.0792236328125,781.5850830078125,1689.006591796875,143.4474639892578,3860.29345703125,11118.390625
2024-08-06,3037.00537109375,1405.9542236328125,777.0703125,599.27734375,2642.271728515625,1138.4346923828125,1646.0013427734375,431.5992736816406,353.09259033203125,3508.8828125,2584.82080078125,11881.8759765625,391.3937683105469,318.8846435546875,1438.700439453125,768.15185546875,1676.43994140625,143.9261932373047,3875.29736328125,11028.84765625
2024-08-07,3036.71142578125,1412.0262451171875,787.8926391601562,612.4354248046875,2636.506591796875,1143.898193359375,1684.11767578125,437.2349548339844,354.2891540527344,3569.764892578125,2631.84521484375,12117.3369140625,395.7188415527344,329.4595642089844,1447.3707275390625,778.6962890625,1702.849609375,147.31561279296875,3902.472900390625,11241.0439453125
2024-08-08,2942.666259765625,1421.869140625,797.21044921875,602.9595947265625,2626.08154296875,1136.2393798828125,1638.5284423828125,439.0987548828125,353.5313415527344,3486.6591796875,2633.90673828125,11967.8232421875,387.5440368652344,320.6627197265625,1431.85791015625,778.1184692382812,1705.4024658203125,143.88787841796875,3876.5517578125,10963.3095703125
2024-08-09,2977.1318359375,1433.91552734375,800.8502197265625,615.1561279296875,2639.533203125,1143.0689697265625,1664.4718017578125,440.119384765625,352.9131164550781,3524.4345703125,2698.896484375,11973.0634765625,390.3481750488281,323.7977600097656,1456.73291015625,793.7665405273438,1703.684326171875,145.35279846191406,3928.764892578125,11004.5498046875
2024-08-12,2989.468994140625,1428.5289306640625,805.65478515625,621.5259399414062,2640.974365234375,1154.09033203125,1689.5224609375,438.96563720703125,353.491455078125,3504.712890625,2667.972412109375,12021.10546875,381.0326843261719,319.2589416503906,1443.2208251953125,782.4998779296875,1702.2607421875,145.5921630859375,3898.012939453125,11006.984375
2024-08-13,2960.437744140625,1429.606201171875,778.0409545898438,613.6748046875,2633.96044921875,1149.7113037109375,1689.5693359375,434.883056640625,349.40325927734375,3484.942138671875,2668.365478515625,11926.0986328125,376.612548828125,315.3284606933594,1446.1851806640625,768.0073852539062,1708.396728515625,142.5474395751953,3899.221435546875,10976.1650390625
2024-08-14,2962.689697265625,1441.35888671875,780.2733764648438,613.72412109375,2615.368896484375,1143.1181640625,1713.821044921875,436.8355712890625,348.5755920410156,3478.46630859375,2695.068115234375,11954.89453125,376.755126953125,312.099853515625,1444.4312744140625,773.2555541992188,1709.9185791015625,139.95269775390625,3990.546875,10714.59375
2024-08-16,2984.52392578125,1452.9647216796875,792.0662841796875,626.2662353515625,2640.5419921875,1168.3096923828125,1747.378173828125,446.1101379394531,354.438720703125,3501.180908203125,2788.52783203125,11962.3876953125,378.3710632324219,319.50726318359375,1460.58642578125,782.0184326171875,1710.9984130859375,143.16021728515625,4102.77783203125,11000.0234375
2024-08-19,3012.086669921875,1439.3511962890625,791.7993774414062,650.6591796875,2635.0654296875,1157.140869140625,1752.8773193359375,445.0451354980469,355.24639892578125,3488.131103515625,2714.604248046875,11900.19140625,383.1714172363281,321.11138916015625,1475.65625,783.5592041015625,1715.95654296875,147.41136169433594,4171.48193359375,11019.1572265625
2024-08-20,3038.425048828125,1419.2738037109375,794.783935546875,664.5345458984375,2643.232421875,1160.6341552734375,1759.8330078125,442.6932067871094,360.0924377441406,3505.44873046875,2720.641845703125,11964.0029296875,386.1656799316406,321.30010986328125,1483.1416015625,789.9146728515625,1734.16845703125,147.3826141357422,4202.419921875,11052.609375
2024-08-21,3085.765625,1433.2789306640625,789.0089111328125,677.0765991210938,2681.80859375,1156.1075439453125,1760.3028564453125,448.5508117675781,361.5482177734375,3528.359130859375,2718.7763671875,11969.880859375,388.73223876953125,317.66717529296875,1485.8433837890625,785.3406372070312,1732.4996337890625,145.45811462402344,4228.61962890625,10907.7041015625
2024-08-22,3120.084228515625,1455.706787109375,791.6781005859375,677.0272216796875,2683.34619140625,1172.098388671875,1767.39990234375,447.79644775390625,363.2533264160156,3538.612548828125,2682.99267578125,12024.1416015625,383.4090881347656,315.1666259765625,1485.2979736328125,789.9146728515625,1718.7545166015625,147.5836944580078,4182.63134765625,11013.3642578125
2024-08-23,3088.80078125,1475.686279296875,788.6448974609375,676.5828247070312,2705.252685546875,1184.300537109375,1750.3392333984375,448.9058532714844,362.5553283691406,3530.812255859375,2708.566650390625,12049.55859375,382.0782470703125,317.28973388671875,1487.1322021484375,785.1480102539062,1743.3973388671875,147.64114379882812,4147.2333984375,11044.9150390625
2024-08-26,3105.152587890625,1482.34619140625,795.8758544921875,703.000244140625,2710.5849609375,1193.9442138671875,1763.5458984375,448.81707763671875,361.4585266113281,3573.345947265625,2742.04345703125,11992.2607421875,394.3404846191406,319.1769714355469,1499.649169921875,784.859130859375,1740.157470703125,149.0773468017578,4183.048828125,11040.3388671875
2024-08-27,3100.110107421875,1491.3564453125,794.8082275390625,694.7540893554688,2658.460693359375,1206.7860107421875,1786.05859375,444.2907409667969,359.6337890625,3633.001708984375,2729.96826171875,12240.1611328125,389.3975830078125,316.4404602050781,1487.6031494140625,785.677734375,1756.7987060546875,148.119873046875,4178.12548828125,11004.5498046875
2024-08-28,3060.259521484375,1524.263671875,794.49267578125,696.2848510742188,2656.010986328125,1204.325927734375,1822.7177734375,441.3619384765625,357.230712890625,3619.608642578125,2746.853759765625,12103.6240234375,388.8272705078125,315.59124755859375,1485.4716796875,779.41845703125,1778.839599609375,147.16241455078125,4186.3935546875,10940.716796875
2024-08-29,3050.811279296875,1533.6168212890625,795.1964721679688,691.7913818359375,2676.092041015625,1202.4071044921875,1817.3128662109375,448.2845764160156,354.42877197265625,3614.114013671875,2707.192138671875,12197.9462890625,389.6352233886719,314.5060729980469,1507.90283203125,784.3295288085938,1766.420166015625,146.4634552001953,4191.736328125,10928.251953125
2024-08-30,3061.53271484375,1556.2896728515625,794.3956909179688,692.6307983398438,2669.126220703125,1209.5904541015625,1827.041748046875,445.44451904296875,355.13671875,3634.914794921875,2754.118408203125,12148.1904296875,395.623779296875,318.3749084472656,1496.6995849609375,785.3887939453125,1788.4610595703125,146.26239013671875,4230.70947265625,11006.060546875
2024-09-02,3085.178466796875,1538.9544677734375,789.56689453125,675.3977661132812,2679.7431640625,1210.3284912109375,1846.5933837890625,452.677734375,355.0270080566406,3613.770751953125,2726.237548828125,12172.0888671875,389.73028564453125,316.6291809082031,1503.2679443359375,791.6961669921875,1782.86474609375,146.37730407714844,4200.32958984375,11125.8408203125
2024-09-03,3088.9970703125,1528.4261474609375,794.6140747070312,670.4599609375,2684.787353515625,1227.79541015625,1824.7388916015625,452.1008605957031,355.7349853515625,3620.687744140625,2733.9443359375,12142.41015625,386.3082580566406,315.7799377441406,1496.203857421875,794.2479858398438,1778.495849609375,145.6783447265625,4192.24658203125,11160.80078125
2024-09-04,3164.19384765625,1529.6993408203125,796.773681640625,658.5103759765625,2729.897216796875,1216.62646484375,1807.0670166015625,449.3939514160156,355.7349853515625,3582.07861328125,2699.338623046875,12082.810546875,385.0725402832031,314.1286315917969,1501.5823974609375,786.2554321289062,1799.45703125,144.7495880126953,4161.49462890625,11277.3193359375
2024-09-05,3170.656005859375,1515.3023681640625,798.5450439453125,661.6212158203125,2727.20703125,1216.23291015625,1817.1248779296875,453.69842529296875,354.5683288574219,3555.93017578125,2673.322998046875,12045.9345703125,383.31402587890625,312.5716857910156,1480.192138671875,788.422119140625,1793.22265625,145.26663208007812,4158.4287109375,11240.5087890625
2024-09-06,3205.365966796875,1507.5162353515625,794.419921875,658.8065795898438,2727.687255859375,1188.8763427734375,1787.7034912109375,445.2669982910156,351.8162536621094,3507.460205078125,2648.780029296875,11935.794921875,375.2817687988281,311.20343017578125,1452.2830810546875,753.514892578125,1791.3082275390625,144.78790283203125,4140.59033203125,11133.58203125
2024-09-09,3212.268798828125,1510.84619140625,799.0546264648438,650.3629150390625,2807.29052734375,1215.2979736328125,1780.9356689453125,454.1865234375,357.0013427734375,3510.943359375,2659.33349609375,11896.224609375,370.57647705078125,310.0238952636719,1449.928466796875,755.2000732421875,1788.657470703125,143.11233520507812,4133.9013671875,11193.47265625
2024-09-10,3226.2705078125,1545.3204345703125,800.9229736328125,651.3011474609375,2784.99951171875,1217.5614013671875,1797.5263671875,455.8284606933594,357.2904968261719,3528.457275390625,2640.827880859375,12011.4580078125,376.70758056640625,315.30816650390625,1449.011474609375,753.6593017578125,1802.8931884765625,143.064453125,4188.06591796875,11238.9501953125
2024-09-11,3297.1591796875,1545.271484375,797.7928466796875,639.6478271484375,2790.33203125,1216.62646484375,1795.50537109375,456.49407958984375,356.8218688964844,3470.371826171875,2605.7314453125,11991.0849609375,370.3863525390625,314.4117431640625,1439.072265625,740.1296997070312,1812.07275390625,141.8676300048828,4161.58837890625,11186.75390625
2024-09-12,3312.62939453125,1612.800048828125,808.8092651367188,667.7935180664062,2840.5341796875,1232.174560546875,1833.3865966796875,461.0648193359375,364.4399108886719,3553.82080078125,2690.797607421875,12146.083984375,384.8349304199219,319.1297607421875,1467.1298828125,758.5704345703125,1831.4139404296875,145.28578186035156,4197.21728515625,11403.720703125
2024-09-13,3287.955322265625,1600.7535400390625,808.4937744140625,664.8801879882812,2818.003173828125,1230.403076171875,1827.417724609375,456.0503234863281,363.02398681640625,3544.990234375,2689.030517578125,12063.0263671875,381.5554504394531,318.23333740234375,1460.016357421875,761.5555419921875,1819.9761962890625,146.96133422851562,4201.76904296875,11411.220703125
2024-09-16,3266.169921875,1601.73291015625,810.9202880859375,676.6322631835938,2754.73388671875,1242.7037353515625,1833.1986083984375,453.60968017578125,365.20770263671875,3593.31298828125,2706.995849609375,12036.5322265625,390.7759094238281,319.1769714355469,1458.7523193359375,756.451904296875,1829.008544921875,147.65072631835938,4193.0830078125,11337.8916015625
2024-09-17,3243.650146484375,1627.49072265625,809.876953125,674.5089721679688,2760.88330078125,1247.8699951171875,1835.360595703125,450.636474609375,368.26885986328125,3625.642822265625,2736.692626953125,11994.1708984375,395.7188415527344,317.9030456542969,1459.6942138671875,753.9000854492188,1832.10107421875,146.31983947753906,4186.0224609375,11340.8134765625
2024-09-18,3206.296142578125,1620.781982421875,822.494873046875,676.73095703125,2763.141357421875,1267.796875,1778.5855712890625,450.2814636230469,366.88287353515625,3660.229248046875,2756.867431640625,11953.3759765625,393.67510986328125,315.4496765136719,1450.9197998046875,763.3851928710938,1802.549560546875,144.19427490234375,4037.836669921875,11326.44921875
2024-09-19,3225.095703125,1630.52685546875,829.1435546875,675.6940307617188,2797.63427734375,1271.388671875,1780.5126953125,451.0802307128906,373.3143615722656,3614.359130859375,2746.363037109375,12097.748046875,402.99066162109375,316.015869140625,1457.0916748046875,760.6889038085938,1812.41650390625,143.17935180664062,3991.3837890625,11323.13671875
2024-09-20,3237.921875,1676.4599609375,845.0130004882812,685.7672729492188,2860.903564453125,1317.09765625,1791.3695068359375,456.5384521484375,379.8056335449219,3722.48486328125,2896.909912109375,12355.345703125,402.99066162109375,321.6303405761719,1473.2025146484375,752.7445068359375,1831.7576904296875,145.5538787841797,3980.931884765625,11489.466796875
2024-09-23,3209.03759765625,1714.362060546875,854.0397338867188,681.965087890625,2909.856689453125,1300.8116455078125,1782.6275634765625,458.8016357421875,385.8282775878906,3716.401611328125,2994.05078125,12422.53515625,407.173095703125,321.91339111328125,1480.5887451171875,772.1480712890625,1828.7630615234375,147.44007873535156,3965.69482421875,11648.9306640625
2024-09-24,3180.59423828125,1720.4342041015625,858.0435180664062,708.9256591796875,2834.91357421875,1297.5643310546875,1784.6485595703125,457.2928466796875,381.83978271484375,3720.228271484375,3018.103271484375,12476.8955078125,406.93548583984375,330.31158447265625,1476.6229248046875,768.6814575195312,1834.064697265625,153.70188903808594,3968.29638671875,11453.775390625
2024-09-25,3177.0205078125,1724.1070556640625,863.4060668945312,709.5182495117188,2833.376220703125,1302.7305908203125,1781.546630859375,459.3341064453125,378.4993896484375,3722.43603515625,3034.547119140625,12522.6357421875,414.5399169921875,343.2391052246094,1481.15869140625,763.7222290039062,1836.47021484375,154.78384399414062,3971.501953125,11506.9951171875
2024-09-26,3208.646240234375,1734.5863037109375,865.5171508789062,725.516845703125,2869.070556640625,1307.84765625,1786.19970703125,463.94921875,379.36688232421875,3691.33251953125,3122.950927734375,13108.8408203125,413.1141052246094,344.84326171875,1485.12451171875,772.1480712890625,1863.8126220703125,158.56582641601562,3987.99267578125,11749.185546875
2024-09-27,3241.642822265625,1698.8387451171875,850.5697631835938,737.8614501953125,2849.998291015625,1285.7557373046875,1792.309326171875,463.90484619140625,373.4140319824219,3635.89599609375,3125.4541015625,13218.3427734375,415.3004150390625,334.2747497558594,1513.10791015625,772.91845703125,1913.1961669921875,159.46583557128906,4003.04345703125,11639.4345703125
2024-09-30,3259.60986328125,1674.3052978515625,840.572509765625,746.7988891601562,2842.360107421875,1252.69189453125,1763.029052734375,459.8666687011719,369.7247009277344,3606.36279296875,3038.326416015625,12966.03515625,421.2889709472656,332.9537048339844,1463.9324951171875,758.71484375,1891.596923828125,161.38076782226562,3965.69482421875,11493.0693359375
2024-10-01,3208.940185546875,1663.678955078125,837.7334594726562,752.0823974609375,2809.163818359375,1254.069580078125,1790.0533447265625,458.135986328125,374.8000793457031,3584.727783203125,3107.635986328125,12895.5146484375,418.3421936035156,331.019287109375,1452.2830810546875,767.4296264648438,1884.9700927734375,159.9254150390625,3983.71875,11527.2998046875
2024-10-03,3083.562744140625,1638.9495849609375,816.282958984375,737.8120727539062,2779.95556640625,1236.307373046875,1779.7606201171875,455.0740661621094,363.5125732421875,3431.8115234375,3072.6376953125,12387.51953125,413.8270568847656,324.7442626953125,1394.928466796875,764.6851806640625,1876.035888671875,159.87754821777344,3932.4814453125,11417.8896484375
2024-10-04,3008.365966796875,1607.0706787109375,804.4657592773438,738.6021118164062,2737.103271484375,1219.97216796875,1803.025146484375,446.9089050292969,360.760498046875,3428.180908203125,2962.292236328125,12346.775390625,409.1692810058594,319.7431640625,1374.653564453125,767.1407470703125,1875.25048828125,159.65733337402344,3950.59814453125,11150.52734375
2024-10-07,2998.32958984375,1627.7845458984375,785.12646484375,722.2084350585938,2722.354736328125,1214.215576171875,1818.2059326171875,452.8109130859375,357.02130126953125,3403.063232421875,3004.2607421875,12270.1328125,394.9108581542969,310.4013366699219,1358.98876953125,742.1038208007812,1870.5379638671875,157.36898803710938,3969.736572265625,10936.3828125
2024-10-08,3023.59130859375,1623.2794189453125,801.2627563476562,712.8265991210938,2708.3271484375,1216.8724365234375,1831.6005859375,450.8139953613281,359.6437072753906,3465.9072265625,3107.979736328125,12274.4912109375,400.1389465332031,308.702880859375,1385.3857421875,752.5037841796875,1882.2210693359375,152.73486328125,3951.52685546875,11091.6591796875
2024-10-09,3014.583251953125,1643.503662109375,792.5758666992188,718.505126953125,2660.4306640625,1224.302001953125,1835.5484619140625,436.3918151855469,359.125244140625,3421.460205078125,3095.364501953125,12498.5419921875,397.7625427246094,311.15625,1362.8306884765625,767.8629760742188,1895.6715087890625,152.29443359375,3951.24853515625,11053.046875
2024-10-10,2995.24560546875,1643.503662109375,806.7709350585938,721.0728149414062,2646.7392578125,1223.6624755859375,1803.82421875,436.7024841308594,374.1419677734375,3395.2138671875,3135.909423828125,12678.173828125,401.80242919921875,315.4968566894531,1359.31103515625,767.5740356445312,1853.3568115234375,152.92636108398438,3927.510498046875,11130.85546875
2024-10-11,2973.802978515625,1652.6119384765625,801.238525390625,738.0588989257812,2674.122314453125,1203.489501953125,1818.9580078125,433.2855224609375,375.3983459472656,3416.995849609375,3077.055419921875,12514.1640625,401.6123046875,311.4393005371094,1360.35205078125,770.1259155273438,1867.2978515625,153.8263702392578,3854.858154296875,11122.3349609375
2024-10-14,2975.711669921875,1660.642822265625,819.2432861328125,733.7630615234375,2679.791015625,1212.099853515625,1841.3294677734375,441.0513000488281,381.0620422363281,3488.131103515625,3097.2294921875,12280.26953125,403.5133972167969,312.052734375,1360.7734375,775.3258666992188,1874.955810546875,151.58590698242188,3843.1982421875,11004.501953125
2024-10-15,3003.07861328125,1681.8465576171875,817.3020629882812,717.9125366210938,2672.44091796875,1235.470947265625,1841.7054443359375,442.4713439941406,377.95098876953125,3485.0400390625,3098.11328125,12191.041015625,405.5096130371094,311.2506103515625,1332.5174560546875,774.8444213867188,1863.8616943359375,149.01031494140625,3824.75634765625,11118.05078125
2024-10-16,3017.765625,1698.2022705078125,824.92138671875,723.986083984375,2672.248779296875,1223.3179931640625,1804.8582763671875,437.7231140136719,374.1918029785156,3466.103759765625,3011.918212890625,12129.482421875,403.2757568359375,308.75006103515625,1342.4814453125,775.61474609375,1863.910888671875,148.6369171142578,3804.45654296875,11025.9267578125
2024-10-17,2992.063232421875,1666.0784912109375,811.9879760742188,725.6649780273438,2631.318115234375,1211.60791015625,1849.977294921875,433.90679931640625,371.7388916015625,3503.093994140625,2910.408447265625,11894.265625,397.0971374511719,312.477294921875,1344.811279296875,781.0072631835938,1855.1240234375,145.91769409179688,3817.51025390625,10728.9091796875
2024-10-18,2929.69287109375,1672.6402587890625,816.2101440429688,744.1325073242188,2610.61279296875,1244.327392578125,1766.7889404296875,431.9542541503906,373.1348571777344,3510.45263671875,2910.064697265625,11856.41015625,403.941162109375,313.3265686035156,1347.66162109375,790.010986328125,1875.5450439453125,148.78053283691406,3839.908203125,10779.548828125
2024-10-21,2985.552001953125,1657.6558837890625,838.9466552734375,730.4052734375,2587.98583984375,1238.9644775390625,1741.5504150390625,429.2473449707031,356.8118591308594,3518.10595703125,2943.39404296875,11925.7568359375,403.98870849609375,312.477294921875,1357.4769287109375,783.7999267578125,1862.4381103515625,148.4358367919922,3799.67529296875,10584.7841796875
2024-10-22,2944.08642578125,1657.3619384765625,832.0796508789062,711.2958374023438,2576.60009765625,1247.279541015625,1740.46923828125,427.60540771484375,351.6168518066406,3445.793212890625,2834.42333984375,11678.3447265625,395.19598388671875,304.55096435546875,1331.84814453125,761.1222534179688,1853.160400390625,143.99319458007812,3739.744140625,10541.7900390625
2024-10-23,2927.2939453125,1651.044921875,842.3923950195312,708.1849975585938,2555.078369140625,1231.6331787109375,1760.961181640625,426.31854248046875,352.544189453125,3390.356689453125,2742.435791015625,11710.5703125,388.1143493652344,299.03082275390625,1327.064453125,756.8851928710938,1805.8385009765625,142.45167541503906,3787.009033203125,10471.5771484375
2024-10-24,2909.963623046875,1643.8463134765625,849.1138305664062,682.1132202148438,2406.921630859375,1232.764892578125,1751.51416015625,418.6415100097656,351.4273986816406,3377.8466796875,2774.685546875,11522.0244140625,391.5363464355469,301.1539611816406,1328.3287353515625,765.1185302734375,1815.2144775390625,142.64317321777344,3769.91943359375,10754.521484375
2024-10-25,2896.255859375,1631.653076171875,846.0806884765625,670.3118286132812,2428.97216796875,1235.4217529296875,1750.2923583984375,428.0491943359375,352.7535705566406,3263.784912109375,2671.114013671875,11266.5322265625,379.1790771484375,297.9928283691406,1316.4808349609375,752.0222778320312,1826.5050048828125,139.6558837890625,3778.906494140625,10707.388671875
2024-10-28,2939.190673828125,1629.0577392578125,841.6158447265625,684.285888671875,2474.8505859375,1272.2252197265625,1753.394287109375,429.69110107421875,348.9644775390625,3277.9140625,2730.16455078125,11247.3349609375,383.9318542480469,300.3518981933594,1322.9251708984375,762.7111206054688,1868.230712890625,143.0261688232422,3809.919677734375,10802.23828125
2024-10-29,2930.378662109375,1603.3489990234375,850.1815185546875,684.9771118164062,2447.8037109375,1310.6029052734375,1748.59326171875,433.06365966796875,351.028564453125,3317.259033203125,2696.687744140625,10819.068359375,391.7739562988281,302.4750061035156,1328.52685546875,801.8554077148438,1837.5008544921875,143.67723083496094,3795.390869140625,10821.2275390625
2024-10-30,2934.09912109375,1599.6761474609375,841.8099975585938,679.841796875,2454.81787109375,1291.21728515625,1713.227783203125,436.2586975097656,345.92327880859375,3344.192626953125,2658.204345703125,11025.1953125,388.304443359375,300.4934387207031,1332.3935546875,791.9850463867188,1818.3563232421875,142.63360595703125,3804.1455078125,10911.79296875
2024-10-31,2874.37255859375,1579.35400390625,842.3438110351562,677.5210571289062,2429.164306640625,1271.6346435546875,1670.5897216796875,433.81805419921875,345.22528076171875,3554.115234375,2678.67333984375,10848.8935546875,390.3607482910156,302.7109069824219,1320.64501953125,789.8184204101562,1815.2144775390625,142.24102783203125,3695.92529296875,10775.9951171875
2024-11-01,2878.48486328125,1583.1246337890625,843.120361328125,682.3107299804688,2438.051513671875,1271.19189453125,1674.011962890625,435.1492919921875,347.8776550292969,3558.089111328125,2766.14453125,10881.75390625,393.4212646484375,303.8904113769531,1327.1884765625,790.7813720703125,1824.54150390625,143.3804168701172,3710.593505859375,10854.0458984375
2024-11-04,2854.447265625,1558.4442138671875,831.8612060546875,665.9170532226562,2425.849365234375,1256.82470703125,1676.6739501953125,430.0904541015625,344.87628173828125,3507.165771484375,2831.232666015625,10825.38671875,383.47454833984375,297.66259765625,1291.0009765625,799.1109619140625,1775.943359375,140.69952392578125,3691.92041015625,10713.8642578125
2024-11-05,2827.03173828125,1545.859130859375,853.0933227539062,688.8780517578125,2422.53466796875,1276.013671875,1667.68994140625,426.1853942871094,350.4202880859375,3507.50927734375,2846.44921875,10940.619140625,385.5308837890625,298.7477111816406,1294.1240234375,817.7442016601562,1770.7398681640625,145.8123779296875,3698.6259765625,10883.7958984375
2024-11-06,2836.822998046875,1565.838623046875,851.8316040039062,699.3956909179688,2430.65087890625,1281.5736083984375,1733.7625732421875,426.9841613769531,351.50714111328125,3576.829345703125,2880.90771484375,11120.986328125,391.0780334472656,300.5406188964844,1314.0023193359375,823.13671875,1794.1552734375,147.08580017089844,3855.36865234375,10979.2802734375
2024-11-07,2783.509521484375,1543.312744140625,847.6094360351562,640.0427856445312,2406.156494140625,1258.30078125,1714.1309814453125,424.14410400390625,348.376220703125,3577.90869140625,2838.497314453125,11067.998046875,386.2003173828125,295.3035888671875,1294.4710693359375,827.7589111328125,1758.3203125,144.5293731689453,3865.845458984375,10761.533203125
2024-11-08,2711.6416015625,1537.534423828125,851.4432983398438,642.3636474609375,2437.45458984375,1238.7674560546875,1739.704345703125,424.2772216796875,348.1568298339844,3591.399658203125,2920.52001953125,11070.7890625,380.318359375,298.4174499511719,1272.7584228515625,811.9182739257812,1776.6304931640625,141.29315185546875,3862.21337890625,10754.2783203125
2024-11-11,2490.016357421875,1528.377197265625,857.1942138671875,647.2026977539062,2421.27099609375,1249.0509033203125,1768.367431640625,423.30096435546875,347.7978515625,3560.5419921875,2877.030029296875,11165.501953125,375.4406433105469,311.20343017578125,1261.802978515625,816.2516479492188,1761.90380859375,138.84202575683594,3910.36328125,10683.287109375
2024-11-12,2423.19091796875,1523.5782470703125,833.8509521484375,643.5487060546875,2392.548828125,1250.330078125,1776.6383056640625,419.6621398925781,343.29083251953125,3523.747802734375,2845.565673828125,10914.173828125,363.724609375,304.5037841796875,1263.33984375,796.0775756835938,1768.0399169921875,138.0377655029297,3909.15234375,10606.8896484375
2024-11-13,2418.931884765625,1518.4853515625,815.967529296875,618.8101196289062,2395.902099609375,1233.6995849609375,1776.2581787109375,419.08526611328125,336.6001281738281,3481.16455078125,2747.786376953125,10822.5947265625,364.7288513183594,300.0688171386719,1241.3299560546875,778.6962890625,1746.5880126953125,133.2504425048828,3865.333740234375,10499.9638671875
2024-11-14,2431.317626953125,1518.5343017578125,821.5,619.5507202148438,2322.27392578125,1236.897705078125,1772.5980224609375,413.5382995605469,340.5986022949219,3459.873291015625,2755.885498046875,10779.9384765625,356.2645263671875,298.7287902832031,1256.746826171875,774.459228515625,1735.98486328125,132.11105346679688,3861.18896484375,10447.669921875
2024-11-18,2431.856201171875,1505.3126220703125,827.4934692382812,642.9561157226562,2355.02978515625,1233.45361328125,1722.11669921875,414.0707702636719,343.56005859375,3475.473876953125,2794.859619140625,10866.0341796875,350.7173156738281,298.680908203125,1249.9554443359375,784.136962890625,1715.9073486328125,135.20367431640625,3743.469482421875,10352.625
2024-11-19,2436.024658203125,1494.0496826171875,845.5225830078125,632.0435180664062,2342.83154296875,1229.173095703125,1734.7607421875,414.7807922363281,344.55718994140625,3439.906005859375,2895.04443359375,10734.1494140625,350.7173156738281,301.5523681640625,1231.0189208984375,773.2555541992188,1744.869873046875,133.52810668945312,3762.142333984375,10487.64453125
2024-11-21,2381.540771484375,1493.70703125,845.0130004882812,639.993408203125,2316.05322265625,1230.5999755859375,1743.6021728515625,405.7281494140625,346.4218444824219,3417.927734375,2882.576416015625,10638.310546875,340.627197265625,311.93756103515625,1212.5286865234375,751.8296508789062,1747.56982421875,134.2557830810547,3793.15576171875,10668.09375
2024-11-22,2424.745361328125,1536.94677734375,847.1483764648438,643.9930419921875,2376.75390625,1257.6612548828125,1808.438720703125,421.25970458984375,351.27783203125,3535.6689453125,2957.87451171875,10836.306640625,349.5218200683594,322.5141296386719,1254.5655517578125,785.8220825195312,1762.591064453125,136.70689392089844,3953.11083984375,11077.5390625
2024-11-25,2412.4853515625,1546.201904296875,866.560546875,651.646728515625,2402.219970703125,1280.1959228515625,1796.5076904296875,423.1678161621094,357.1210021972656,3682.35498046875,2989.927978515625,10798.6474609375,352.34326171875,328.0656433105469,1275.9805908203125,813.1701049804688,1766.12548828125,137.5590362548828,4018.76953125,11157.5380859375
2024-11-26,2456.915771484375,1544.7327880859375,866.5363159179688,657.8190307617188,2409.7529296875,1284.132080078125,1829.2586669921875,423.3453674316406,355.69512939453125,3632.90380859375,2930.631591796875,10719.115234375,345.8874206542969,324.28485107421875,1284.606201171875,808.3071899414062,1729.505126953125,138.32501220703125,4053.78759765625,10829.9443359375
2024-11-27,2444.06689453125,1545.1246337890625,879.5182495117188,652.8812255859375,2417.237060546875,1279.9498291015625,1829.591552734375,423.30096435546875,355.6153564453125,3629.076904296875,2949.873779296875,10831.1640625,353.20404052734375,324.7156066894531,1282.1275634765625,803.2034912109375,1717.576416015625,138.3824462890625,4035.021240234375,10848.30078125
2024-11-28,2410.866943359375,1528.230224609375,870.224609375,642.1660766601562,2393.229248046875,1265.8287353515625,1765.0875244140625,421.4815673828125,350.8291320800781,3597.041748046875,2845.712890625,10724.8935546875,346.27001953125,319.3554992675781,1259.91943359375,807.7775268554688,1702.6534423828125,137.2909393310547,3953.390380859375,10709.9208984375
2024-11-29,2432.00341796875,1593.6041259765625,871.632080078125,648.0421142578125,2426.22802734375,1279.3594970703125,1766.2283935546875,423.12347412109375,352.03564453125,3654.685791015625,2911.881103515625,10846.689453125,347.80023193359375,315.2876281738281,1281.1361083984375,807.8739013671875,1748.4534912109375,138.3920135498047,3977.55810546875,10908.921875
2024-12-02,2431.4638671875,1609.7149658203125,875.8298950195312,654.362548828125,2409.7041015625,1283.8369140625,1787.0960693359375,423.5228576660156,349.7821350097656,3634.326171875,2961.261474609375,11008.3974609375,342.58782958984375,313.80401611328125,1297.941162109375,805.4183959960938,1775.599609375,140.1824951171875,3982.960205078125,11343.6357421875
2024-12-03,2421.9990234375,1587.1402587890625,886.3125610351562,659.2509765625,2413.30078125,1287.527099609375,1798.789306640625,419.39593505859375,348.9744873046875,3715.763916015625,2971.96240234375,11047.5263671875,351.4346923828125,315.5268859863281,1311.9698486328125,822.3182373046875,1767.2545166015625,140.30694580078125,4007.267578125,11542.1015625
2024-12-04,2412.239990234375,1551.441650390625,902.7157592773438,654.8069458007812,2395.46484375,1295.0550537109375,1796.079833984375,414.5589294433594,350.4901123046875,3718.560302734375,2976.3310546875,10901.1953125,356.503662109375,311.1239318847656,1297.74267578125,827.855224609375,1767.4017333984375,139.6463165283203,4055.37060546875,11458.791015625
2024-12-05,2405.12939453125,1582.04736328125,905.4577026367188,662.510009765625,2424.721923828125,1315.1788330078125,1839.4310302734375,414.9139404296875,354.00994873046875,3759.426513671875,3015.45263671875,10952.5185546875,353.060546875,314.2825927734375,1310.7305908203125,833.3922729492188,1780.410400390625,140.81442260742188,4157.4912109375,11620.4462890625
2024-12-06,2383.06103515625,1564.9080810546875,900.6531982421875,661.8187255859375,2414.22412109375,1307.552490234375,1827.5950927734375,418.15338134765625,354.36895751953125,3793.91455078125,3016.826904296875,11085.4326171875,353.3952941894531,314.80902099609375,1300.3204345703125,831.6589965820312,1771.967041015625,141.98252868652344,4140.21484375,11538.3515625
2024-12-09,2345.93798828125,1569.51123046875,907.520263671875,662.5593872070312,2333.50048828125,1301.205322265625,1828.783447265625,412.6507568359375,356.2236022949219,3872.99755859375,2995.474365234375,11048.0654296875,353.73004150390625,315.0004577636719,1284.0609130859375,826.266357421875,1773.7342529296875,143.50489807128906,4146.40771484375,11505.5341796875
2024-12-10,2343.044189453125,1546.10400390625,906.59814453125,660.584228515625,2330.196044921875,1309.2252197265625,1852.4554443359375,413.0945129394531,357.9087219238281,3849.3017578125,3010.838134765625,10968.142578125,353.060546875,313.8518371582031,1273.8489990234375,835.3663330078125,1776.9742431640625,143.9261932373047,4128.154296875,11438.3408203125
2024-12-11,2370.89892578125,1553.3023681640625,904.1716918945312,662.1643676757812,2334.083740234375,1306.3223876953125,1876.79296875,412.9169921875,357.9087219238281,3843.0224609375,3015.894287109375,11046.056640625,349.56964111328125,313.5168762207031,1267.2559814453125,829.684814453125,1780.950439453125,144.19427490234375,4123.404296875,11587.04296875
2024-12-12,2343.681884765625,1577.346435546875,902.30322265625,660.38671875,2279.263671875,1308.04443359375,1889.00927734375,408.7900390625,352.7236633300781,3787.242431640625,3011.378173828125,10937.974609375,340.1011657714844,315.0961608886719,1252.0870361328125,822.0775146484375,1772.55615234375,144.36660766601562,4149.01611328125,11546.5810546875
2024-12-13,2361.434326171875,1647.078369140625,908.3695678710938,653.8687133789062,2323.148681640625,1323.44482421875,1901.0828857421875,417.1327209472656,360.0924377441406,3813.83251953125,3025.0732421875,11040.9638671875,341.5835876464844,319.5469665527344,1261.951904296875,829.63671875,1780.410400390625,142.61444091796875,4166.6640625,11767.591796875
2024-12-16,2356.137939453125,1628.2742919921875,905.1907958984375,645.3756713867188,2299.869384765625,1324.6256103515625,1882.402099609375,417.2214660644531,359.8531188964844,3804.854736328125,3028.460205078125,11045.3232421875,337.518798828125,320.6476745605469,1257.44091796875,829.0589599609375,1776.8270263671875,141.5037841796875,4111.99560546875,11629.8916015625
2024-12-17,2310.776123046875,1581.9984130859375,889.6853637695312,631.5003662109375,2297.051025390625,1312.47265625,1879.1221923828125,416.73333740234375,355.78485107421875,3735.534423828125,2985.902587890625,10880.333984375,333.8366394042969,315.6704406738281,1234.6376953125,819.044189453125,1756.455078125,139.48353576660156,4031.24951171875,11466.7275390625
2024-12-18,2300.428466796875,1568.874755859375,878.74169921875,625.1305541992188,2293.1142578125,1293.1854248046875,1881.54638671875,417.57647705078125,354.9771728515625,3687.407958984375,2995.42529296875,10776.4130859375,326.8547668457031,307.7738952636719,1242.5196533203125,807.103515625,1768.236328125,138.31544494628906,4049.270263671875,11456.015625
2024-12-19,2247.857177734375,1567.3076171875,870.3944702148438,621.5259399414062,2293.746337890625,1266.3701171875,1850.2213134765625,414.0707702636719,351.407470703125,3646.394775390625,2959.54345703125,10730.2802734375,322.6943664550781,307.86962890625,1219.914794921875,801.95166015625,1790.0810546875,137.16647338867188,3978.5361328125,11365.3037109375
2024-12-20,2238.53955078125,1545.5653076171875,859.7177734375,614.9092407226562,2268.52294921875,1267.84619140625,1827.357421875,412.384521484375,347.7080993652344,3561.523193359375,2853.22314453125,10677.0966796875,318.72528076171875,302.2702331542969,1194.980224609375,781.922119140625,1775.8941650390625,134.69619750976562,3883.913330078125,11123.794921875
2024-12-23,2235.449951171875,1554.1839599609375,874.0343017578125,626.2662353515625,2273.383056640625,1276.1121826171875,1829.4013671875,420.9046936035156,348.06707763671875,3571.972412109375,2856.119140625,10599.669921875,319.1078186035156,301.7916564941406,1211.834716796875,790.7332763671875,1781.5394287109375,135.68240356445312,3872.7373046875,11172.291015625
2024-12-24,2240.15771484375,1551.2457275390625,872.6268310546875,619.6495361328125,2270.126708984375,1276.5550537109375,1814.9034423828125,424.63226318359375,348.804931640625,3571.236572265625,2875.16455078125,10516.0244140625,320.6859130859375,296.8144836425781,1212.28076171875,781.9702758789062,1785.859375,134.40896606445312,3892.48193359375,11092.1943359375
2024-12-26,2218.972412109375,1566.524169921875,869.0598754882812,620.933349609375,2267.4052734375,1276.6533203125,1813.3348388671875,423.30096435546875,349.55279541015625,3561.1796875,2921.25634765625,10672.150390625,320.0642395019531,297.005859375,1206.1339111328125,782.35546875,1807.802001953125,134.3898162841797,3882.79638671875,11160.6552734375
2024-12-27,2227.7998046875,1566.8668212890625,872.6996459960938,609.7244873046875,2275.667236328125,1286.6907958984375,1822.2237548828125,424.765380859375,350.96875,3540.1826171875,2993.707275390625,10716.2744140625,320.3990173339844,296.1444091796875,1210.595458984375,770.0296630859375,1827.3394775390625,133.0015106201172,3878.837890625,11107.970703125
2024-12-30,2244.326416015625,1554.1839599609375,862.82373046875,593.6270751953125,2277.854248046875,1273.9964599609375,1812.0037841796875,423.3453674316406,347.1397705078125,3511.5810546875,2948.00830078125,10577.09375,316.9559020996094,294.3736572265625,1200.333984375,759.1000366210938,1849.5767822265625,131.057861328125,3873.203125,10992.8642578125
2024-12-31,2237.558837890625,1555.016357421875,860.3729248046875,594.9603271484375,2261.670654296875,1261.203857421875,1787.2860107421875,429.2473449707031,356.1836853027344,3539.74072265625,2952.131591796875,10635.322265625,318.8209228515625,295.4744873046875,1205.043212890625,765.5037231445312,1851.982177734375,132.17808532714844,3813.59814453125,11127.2529296875
2025-01-01,2260.411376953125,1562.802490234375,865.1774291992188,585.5784301757812,2257.0537109375,1263.1719970703125,1789.662841796875,429.51361083984375,356.6523132324219,3598.464111328125,3025.662353515625,10978.0341796875,319.1078186035156,297.10162353515625,1210.7935791015625,763.8185424804688,1855.5164794921875,130.92381286621094,3830.036376953125,11147.3623046875
2025-01-02,2298.2705078125,1576.5137939453125,870.5158081054688,591.55322265625,2303.611572265625,1270.0111083984375,1861.296875,434.0399169921875,366.37432861328125,3643.598388671875,3152.402587890625,11598.029296875,323.26824951171875,301.6480712890625,1231.167724609375,771.522216796875,1843.7843017578125,132.3025360107422,3888.9892578125,11488.8828125
2025-01-03,2291.11083984375,1565.887451171875,848.8954467773438,583.8008422851562,2338.84619140625,1244.86865234375,1843.1387939453125,427.4279479980469,366.6734924316406,3591.007080078125,3132.228271484375,11689.0703125,325.03765869140625,302.509521484375,1240.437744140625,764.0111694335938,1815.9508056640625,132.47488403320312,3818.34814453125,11477.4892578125
2025-01-06,2223.63134765625,1555.701904296875,830.1141357421875,566.9627685546875,2309.637939453125,1243.933837890625,1842.283203125,407.98931884765625,354.9073791503906,3535.37451171875,3048.92919921875,11514.1396484375,313.2258605957031,292.8901062011719,1207.5714111328125,747.6408081054688,1813.741943359375,126.55774688720703,3813.78466796875,11202.48046875
2025-01-07,2248.5927734375,1558.052490234375,831.5215454101562,577.2334594726562,2323.829345703125,1258.8421630859375,1835.6282958984375,406.5606994628906,353.3917541503906,3574.7197265625,3052.021728515625,11480.4951171875,314.2779235839844,291.9808044433594,1230.2257080078125,749.9037475585938,1819.632568359375,127.70672607421875,3751.665283203125,11314.421875
2025-01-08,2289.54150390625,1566.230224609375,822.252197265625,579.3568115234375,2333.743408203125,1243.58935546875,1837.81494140625,414.3490295410156,352.7137145996094,3528.653564453125,3029.6875,11579.1259765625,311.2174072265625,293.51226806640625,1254.664794921875,742.5853271484375,1804.2677001953125,126.9981918334961,3826.26416015625,11105.0498046875
2025-01-09,2305.087158203125,1573.91845703125,809.3916625976562,581.9244384765625,2367.1796875,1242.260986328125,1822.7467041015625,414.8559875488281,357.0113220214844,3461.491943359375,3069.34912109375,11499.349609375,306.3875427246094,292.1722717285156,1244.0067138671875,732.2816162109375,1793.0753173828125,124.40345764160156,3761.49072265625,10965.0625
2025-01-10,2276.20263671875,1582.5860595703125,804.0289916992188,567.3084716796875,2373.643798828125,1229.9111328125,1869.947998046875,410.0631408691406,350.2308349609375,3469.586669921875,3036.314208984375,11392.1474609375,294.8149108886719,286.86004638671875,1231.266845703125,715.71875,1752.282470703125,122.00980377197266,3972.71533203125,10580.7919921875
2025-01-13,2209.409423828125,1564.271484375,791.4596557617188,556.741455078125,2382.343017578125,1210.1318359375,1865.4322509765625,404.6712341308594,346.68109130859375,3399.08935546875,2944.817626953125,11261.4892578125,285.20294189453125,275.2784118652344,1229.234375,702.4780883789062,1715.072998046875,117.70120239257812,3996.417724609375,10337.287109375
2025-01-14,2196.953369140625,1567.1116943359375,799.1030883789062,583.553955078125,2301.619140625,1220.5135498046875,1844.374755859375,402.4130859375,349.11407470703125,3397.421142578125,2993.75634765625,11499.9375,296.8711853027344,277.8149108886719,1228.143798828125,720.437255859375,1738.586669921875,121.53106689453125,3942.354248046875,10209.326171875
2025-01-15,2186.900146484375,1574.3101806640625,797.3803100585938,584.19580078125,2306.528076171875,1218.49609375,1853.501220703125,403.1043395996094,356.89166259765625,3435.49072265625,2906.137939453125,11701.9501953125,307.3439025878906,285.8550109863281,1241.478515625,725.7816772460938,1724.8416748046875,121.14807891845703,3957.76806640625,10246.234375
2025-01-16,2173.07080078125,1596.5911865234375,801.7481079101562,595.1084594726562,2279.312255859375,1229.173095703125,1833.3466796875,398.95672607421875,360.0724792480469,3441.868408203125,2926.1162109375,11843.873046875,311.31304931640625,284.89788818359375,1255.6065673828125,737.9149169921875,1731.174072265625,122.3736343383789,3917.441162109375,10357.78515625
2025-01-17,2217.599365234375,1593.9468994140625,794.3228759765625,609.3294677734375,2288.06005859375,1205.9002685546875,1725.9193115234375,405.731201171875,350.70947265625,3501.474853515625,2864.022216796875,11887.017578125,311.9347229003906,289.6357727050781,1291.19921875,735.79638671875,1754.0006103515625,124.73857879638672,3911.750244140625,10303.0576171875
2025-01-20,2236.774169921875,1607.3154296875,801.3598022460938,610.4652099609375,2279.506591796875,1213.28076171875,1723.8756103515625,403.4269104003906,382.9964294433594,3525.36669921875,2835.306884765625,11773.1064453125,321.4032287597656,293.12939453125,1294.272705078125,750.38525390625,1745.8516845703125,126.05988311767578,3867.647216796875,10346.34375
2025-01-21,2216.9619140625,1592.6246337890625,797.0648803710938,607.304931640625,2274.938232421875,1177.0677490234375,1711.896728515625,403.2886962890625,377.57208251953125,3474.443603515625,2769.727783203125,11639.55859375,310.1653137207031,289.396484375,1262.7945556640625,730.9334716796875,1730.5848388671875,124.18324279785156,3827.859375,10388.55859375
2025-01-22,2218.678466796875,1598.1092529296875,808.5423583984375,605.8236083984375,2277.319580078125,1181.299072265625,1764.8974609375,402.78173828125,382.3981628417969,3451.974609375,2774.78369140625,11773.400390625,308.3481140136719,284.8021240234375,1266.1654052734375,725.5409545898438,1766.174560546875,123.4364242553711,3942.385986328125,10413.830078125
2025-01-23,2232.65478515625,1602.271728515625,807.9842529296875,600.6882934570312,2256.66455078125,1182.5784912109375,1773.4534912109375,405.731201171875,377.88116455078125,3437.30615234375,2833.686767578125,11798.2802734375,309.543701171875,281.7392578125,1252.83056640625,718.2706298828125,1800.1932373046875,124.82474517822266,3931.81103515625,11121.9453125
2025-01-24,2218.972412109375,1610.8902587890625,800.6561279296875,599.3551025390625,2301.76513671875,1189.90966796875,1782.96044921875,407.0215759277344,376.1561279296875,3393.10400390625,2750.191650390625,11722.029296875,309.543701171875,283.17498779296875,1235.6292724609375,716.58544921875,1789.0008544921875,124.22154998779297,3938.35498046875,10990.4296875
2025-01-27,2208.281982421875,1569.5601806640625,790.9500732421875,579.6036987304688,2325.82177734375,1208.3604736328125,1732.146484375,405.6390075683594,375.19891357421875,3392.564453125,2779.83984375,11747.4453125,308.15692138671875,274.7041320800781,1218.82421875,721.4483642578125,1754.2950439453125,120.99488830566406,3855.648681640625,10945.2939453125
2025-01-28,2198.76806640625,1584.9854736328125,810.6534423828125,566.7158813476562,2321.933837890625,1227.0081787109375,1739.51416015625,401.3531188964844,376.46527099609375,3349.637939453125,2818.126953125,11874.6767578125,304.3790283203125,271.7847900390625,1223.8311767578125,724.5298461914062,1674.42724609375,123.14917755126953,3832.079345703125,11000.6552734375
2025-01-29,2180.47607421875,1567.4544677734375,814.0020141601562,576.8384399414062,2317.1708984375,1231.6824951171875,1788.474365234375,399.41754150390625,382.966552734375,3384.763916015625,2870.894287109375,11731.82421875,307.2483215332031,275.5177307128906,1224.921630859375,730.355712890625,1703.7332763671875,125.23645782470703,3888.5126953125,11242.650390625
2025-01-30,2206.66357421875,1606.9237060546875,820.8933715820312,580.5418701171875,2341.2763671875,1235.5693359375,1768.2247314453125,402.0444030761719,379.20733642578125,3356.55517578125,2917.133056640625,11753.46875,308.9220275878906,282.6963806152344,1242.3214111328125,734.3519897460938,1707.4150390625,125.54283905029297,3888.750244140625,11178.9150390625
2025-01-31,2256.635498046875,1592.7716064453125,824.4118041992188,586.91162109375,2399.644287109375,1232.814208984375,1787.0960693359375,412.4595947265625,379.16748046875,3500.248291015625,2935.197021484375,12057.7373046875,312.29559326171875,288.7264709472656,1254.2681884765625,744.2705078125,1712.1766357421875,128.8939666748047,3900.4638671875,11186.75390625
2025-02-01,2306.018798828125,1589.7845458984375,820.6264038085938,579.1593017578125,2435.850830078125,1235.520263671875,1760.0489501953125,426.33111572265625,379.52642822265625,3382.60546875,3020.50830078125,12651.140625,306.2231750488281,277.4320068359375,1253.7724609375,737.6260375976562,1710.4583740234375,127.31415557861328,3863.236328125,10964.4296875
2025-02-03,2248.24951171875,1618.2845458984375,814.3417358398438,566.9133911132812,2373.54638671875,1233.0108642578125,1771.40966796875,418.7732238769531,375.8171081542969,3227.285400390625,3115.29345703125,12870.0,300.0061950683594,271.6412048339844,1235.232666015625,732.7631225585938,1708.8876953125,126.21308135986328,3858.968505859375,10882.1416015625
2025-02-04,2309.15771484375,1627.1968994140625,835.1613159179688,576.6903686523438,2369.755615234375,1247.9683837890625,1805.1590576171875,419.51055908203125,384.59185791015625,3374.412353515625,3130.755615234375,12840.6162109375,307.5726318359375,273.4119567871094,1274.196044921875,750.3370971679688,1733.088623046875,127.74501037597656,3895.389404296875,11217.6240234375
2025-02-05,2231.526611328125,1626.217529296875,843.363037109375,593.13330078125,2324.072265625,1247.476318359375,1803.4952392578125,413.0586853027344,381.2514953613281,3319.515625,3120.643798828125,12817.94140625,308.0545654296875,272.98126220703125,1267.2559814453125,737.6741943359375,1720.8162841796875,128.68333435058594,3880.26171875,11282.431640625
2025-02-06,2219.953369140625,1586.356689453125,846.299072265625,588.04736328125,2306.236083984375,1252.101318359375,1821.177978515625,406.5606994628906,382.08905029296875,3289.63916015625,3082.55322265625,12805.404296875,301.5001525878906,269.1047668457031,1270.577392578125,724.3853759765625,1720.5693359375,126.90243530273438,3872.341552734375,11176.9169921875
2025-02-07,2227.407470703125,1642.1815185546875,840.9122314453125,599.8488159179688,2297.634033203125,1236.8487548828125,1809.7696533203125,397.1133117675781,384.74139404296875,3274.08740234375,3139.983642578125,12781.408203125,305.5002746582031,269.3468322753906,1255.8544921875,709.8928833007812,1728.2734375,132.42701721191406,3821.7412109375,11335.89453125
2025-02-10,2226.573974609375,1658.1455078125,832.6619873046875,588.590576171875,2295.301513671875,1242.4576416015625,1787.5712890625,393.7491149902344,390.9036560058594,3265.99267578125,3079.902587890625,12635.7138671875,299.28326416015625,260.1959228515625,1242.916259765625,709.5076904296875,1710.791259765625,128.33863830566406,3828.902099609375,11230.4287109375
2025-02-11,2197.83642578125,1661.7691650390625,825.6978759765625,588.4423828125,2250.395751953125,1232.764892578125,1783.150634765625,385.5459899902344,382.6175537109375,3178.66796875,3029.5400390625,12462.9375,294.5602722167969,253.17539978027344,1224.2772216796875,704.0187377929688,1678.839111328125,124.5758056640625,3759.28466796875,11004.404296875
2025-02-12,2185.47802734375,1676.2640380859375,828.3185424804688,591.4545288085938,2267.162109375,1231.8299560546875,1771.2672119140625,383.7671203613281,387.6729736328125,3227.726806640625,2932.59521484375,12395.5517578125,295.1867980957031,248.9146270751953,1206.1339111328125,705.992919921875,1673.01171875,126.65350341796875,3746.575439453125,11178.037109375
2025-02-13,2193.4716796875,1679.251220703125,823.9022216796875,595.0097045898438,2256.470458984375,1228.976318359375,1752.3485107421875,383.57989501953125,393.4263916015625,3202.216064453125,2923.563232421875,12410.978515625,295.6205749511719,250.9481658935547,1205.687744140625,700.6965942382812,1724.8658447265625,130.45465087890625,3708.63671875,11244.208984375
2025-02-14,2188.4697265625,1681.650634765625,822.5191040039062,598.6637573242188,2253.40869140625,1239.99755859375,1764.8499755859375,384.0948486328125,389.3581237792969,3176.70556640625,2888.810546875,12419.744140625,289.49993896484375,249.2051544189453,1206.827880859375,695.400390625,1679.5799560546875,128.75035095214844,3732.06396484375,10969.005859375
2025-02-17,2207.644287109375,1641.00634765625,833.4384765625,603.255859375,2264.149169921875,1231.1904296875,1751.4451904296875,382.5500183105469,387.9421691894531,3161.203125,2780.18310546875,12500.6962890625,291.427734375,254.8699951171875,1214.412353515625,700.7447509765625,1693.111328125,128.5780029296875,3703.2783203125,11189.333984375
2025-02-18,2194.648681640625,1634.493408203125,836.2047119140625,603.8485107421875,2231.684814453125,1223.2196044921875,1760.619384765625,379.4136047363281,391.5418395996094,3159.534912109375,2739.049072265625,12523.517578125,299.9580078125,258.5013427734375,1214.908203125,698.9151000976562,1680.6663818359375,128.81736755371094,3673.591552734375,11012.876953125
2025-02-19,2196.119873046875,1611.281982421875,838.2186889648438,618.5138549804688,2187.362060546875,1241.52294921875,1721.498779296875,380.49029541015625,395.859375,3214.2353515625,2706.995849609375,12425.5234375,303.4279479980469,254.72471618652344,1216.9405517578125,700.3595581054688,1655.973876953125,129.9854736328125,3589.083251953125,10995.9814453125
2025-02-20,2205.87890625,1609.6170654296875,818.7579956054688,630.8584594726562,2185.077880859375,1230.009521484375,1735.14111328125,376.4176025390625,392.9776611328125,3214.137451171875,2787.5458984375,12185.0673828125,313.404052734375,257.33929443359375,1222.4429931640625,702.6707153320312,1648.763671875,132.1685028076172,3584.625,10992.134765625
2025-02-21,2214.264892578125,1605.4547119140625,821.3786010742188,645.425048828125,2178.857177734375,1213.28076171875,1725.4915771484375,375.3409423828125,389.48773193359375,3252.69775390625,2620.555419921875,12070.2744140625,314.46429443359375,253.61114501953125,1217.634521484375,695.255859375,1623.5279541015625,134.77281188964844,3590.885009765625,10865.197265625
2025-02-24,2203.083251953125,1568.287109375,813.9049682617188,633.919921875,2178.66259765625,1198.9136962890625,1677.1016845703125,376.2771911621094,392.0902404785156,3196.378173828125,2659.6767578125,12091.5771484375,308.5364685058594,250.9481658935547,1204.1510009765625,689.8633422851562,1619.330322265625,131.7950897216797,3486.1748046875,10753.5966796875
2025-02-25,2182.045166015625,1607.560302734375,816.4527587890625,611.7490234375,2196.0126953125,1204.6212158203125,1680.5242919921875,379.03912353515625,392.3196105957031,3165.176513671875,2727.072021484375,12220.0322265625,307.1870422363281,247.65579223632812,1193.6912841796875,684.5670776367188,1593.7489013671875,131.23977661132812,3442.498291015625,10677.1513671875
2025-02-27,2171.158203125,1616.374755859375,825.3580932617188,624.0936279296875,2182.064453125,1202.9482421875,1677.2919921875,375.9963073730469,388.3908996582031,3149.08544921875,2676.7099609375,12126.25,304.2954406738281,248.13995361328125,1196.7647705078125,677.8263549804688,1627.23193359375,132.7908477783203,3426.373779296875,10174.171875
2025-02-28,2137.908935546875,1537.828125,840.7423095703125,626.4637451171875,2128.89697265625,1184.8909912109375,1604.469482421875,369.8171081542969,379.49652099609375,3104.294921875,2537.845703125,11700.431640625,300.198974609375,242.91087341308594,1189.82470703125,663.28564453125,1573.6494140625,131.36424255371094,3303.7373046875,9863.3271484375
2025-03-03,2124.815185546875,1562.9005126953125,825.7706909179688,628.6364135742188,2115.872314453125,1186.9573974609375,1624.3388671875,372.11090087890625,381.8198547363281,3137.115234375,2564.155517578125,11533.6796875,303.0423583984375,244.50863647460938,1161.2216796875,669.544921875,1565.5994873046875,132.6759796142578,3313.032958984375,10070.1181640625
2025-03-04,2091.173828125,1542.8720703125,829.8715209960938,633.6730346679688,2096.918701171875,1191.0904541015625,1605.0400390625,369.6766662597656,380.4637145996094,3152.519775390625,2565.5791015625,11377.603515625,302.4158630371094,245.96116638183594,1151.9517822265625,689.5262451171875,1547.2283935546875,133.4132080078125,3350.022705078125,10098.650390625
2025-03-05,2122.608154296875,1584.8875732421875,820.1654052734375,649.1777954101562,2109.651611328125,1196.305908203125,1627.0958251953125,379.2263488769531,385.5091857910156,3178.66796875,2676.7587890625,11378.6806640625,314.4161071777344,256.0320129394531,1165.5345458984375,703.2965698242188,1562.9820556640625,139.88568115234375,3364.249267578125,10190.2890625
2025-03-06,2224.170654296875,1593.3592529296875,820.7477416992188,673.4720458984375,2156.79296875,1198.6185302734375,1631.2313232421875,379.8349304199219,383.2357482910156,3198.53662109375,2692.27001953125,11426.7236328125,325.6934509277344,258.2108154296875,1199.243408203125,704.93359375,1594.14404296875,144.04107666015625,3415.988525390625,10218.8203125
2025-03-07,2226.4267578125,1597.080810546875,819.8014526367188,682.755126953125,2142.79638671875,1195.17431640625,1602.853271484375,378.149658203125,385.9678649902344,3183.623046875,2677.986328125,11424.51953125,317.64508056640625,254.96682739257812,1239.0992431640625,705.6077270507812,1589.501953125,145.11343383789062,3425.09375,10305.3935546875
2025-03-10,2234.861572265625,1597.32568359375,818.9521484375,680.58251953125,2184.786376953125,1195.469482421875,1617.5413818359375,379.1795654296875,383.2457275390625,3117.884033203125,2653.19775390625,11348.0234375,317.50048828125,262.7136535644531,1227.7967529296875,701.9003295898438,1591.6748046875,144.62513732910156,3404.654296875,10244.724609375
2025-03-11,2243.49267578125,1628.666015625,817.9815063476562,686.8535766601562,2154.848876953125,1225.5321044921875,1579.656494140625,380.3030700683594,385.9280090332031,3135.300048828125,2597.23974609375,11407.6728515625,318.36798095703125,258.8402404785156,1236.62060546875,702.8150634765625,1634.9359130859375,144.337890625,3391.043701171875,10165.9912109375
2025-03-12,2208.085693359375,1608.9803466796875,830.4296264648438,681.2738037109375,2131.47265625,1224.105224609375,1512.395751953125,386.1077575683594,395.37078857421875,3133.53369140625,2604.798828125,11400.962890625,318.223388671875,258.64654541015625,1246.287109375,696.2670288085938,1656.220947265625,143.9070281982422,3325.504638671875,10245.0166015625
2025-03-13,2188.4697265625,1598.84375,828.221435546875,668.9291381835938,2113.8798828125,1230.10791015625,1501.938232421875,385.7800598144531,395.8793029785156,3127.303466796875,2595.177978515625,11277.2578125,319.91021728515625,259.1791687011719,1237.215576171875,700.88916015625,1662.7396240234375,144.46237182617188,3330.10498046875,10178.50390625
2025-03-17,2176.945068359375,1605.356689453125,830.065673828125,672.2869262695312,2110.42919921875,1248.7557373046875,1511.6353759765625,381.9414978027344,397.4747314453125,3113.714111328125,2655.700927734375,11316.3388671875,319.66925048828125,258.888671875,1228.2427978515625,696.3633422851562,1683.333251953125,145.35279846191406,3317.442626953125,10271.0185546875
2025-03-18,2176.945068359375,1605.356689453125,830.065673828125,672.2869262695312,2110.42919921875,1248.7557373046875,1511.6353759765625,383.0181884765625,397.4747314453125,3113.714111328125,2655.700927734375,11316.3388671875,319.66925048828125,258.888671875,1228.2427978515625,696.3633422851562,1683.333251953125,145.35279846191406,3317.442626953125,10271.0185546875
2025-03-19,2236.921142578125,1603.3978271484375,846.42041015625,689.8656616210938,2138.422607421875,1292.1519775390625,1508.307861328125,377.35382080078125,403.14837646484375,3257.06396484375,2738.116455078125,11376.91796875,328.97064208984375,268.4269104003906,1236.471923828125,717.5001831054688,1711.0380859375,151.85400390625,3316.8740234375,10647.060546875
2025-03-20,2243.296630859375,1670.093994140625,858.3831787109375,697.1736450195312,2179.586181640625,1300.6148681640625,1535.8778076171875,378.1965026855469,405.96026611328125,3287.970947265625,2776.403564453125,11489.2119140625,329.40435791015625,271.47723388671875,1258.2835693359375,721.7853393554688,1728.7178955078125,152.27528381347656,3379.519775390625,10661.5703125
2025-03-21,2256.242919921875,1690.22021484375,859.15966796875,686.7054443359375,2183.27978515625,1321.673583984375,1514.011962890625,379.6944580078125,414.6053466796875,3351.6494140625,2750.633544921875,11491.7587890625,338.6093444824219,274.14019775390625,1265.4217529296875,725.3001708984375,1762.5465087890625,150.5901336669922,3393.69970703125,10689.421875
2025-03-24,2277.918701171875,1683.3646240234375,873.5489501953125,692.7789916992188,2192.99951171875,1336.4835205078125,1514.2021484375,384.703369140625,433.97955322265625,3416.30908203125,2723.9794921875,11677.3173828125,353.69403076171875,282.61328125,1290.9512939453125,751.8778076171875,1762.8428955078125,151.681640625,3441.928955078125,10761.9228515625
2025-03-25,2286.010498046875,1694.8233642578125,883.958740234375,684.8290405273438,2207.6767578125,1322.263916015625,1548.141357421875,383.67352294921875,432.7530517578125,3404.28955078125,2685.9873046875,11625.0634765625,353.69403076171875,281.7901611328125,1274.4439697265625,744.2222900390625,1743.0394287109375,150.06353759765625,3469.244384765625,11122.2373046875
2025-03-26,2278.55615234375,1702.7073974609375,876.7277221679688,682.705810546875,2183.03662109375,1314.58837890625,1520.5716552734375,381.3797302246094,427.74749755859375,3379.95654296875,2692.123046875,11493.228515625,341.8383483886719,281.6448974609375,1262.150146484375,735.7001342773438,1737.3109130859375,149.1826629638672,3448.42578125,11103.63671875
2025-03-27,2293.219482421875,1689.142822265625,885.8514404296875,684.730224609375,2181.773193359375,1315.326416015625,1524.469482421875,383.3458557128906,424.5068664550781,3435.687255859375,2683.041748046875,11481.1318359375,347.62164306640625,286.14776611328125,1267.2559814453125,743.6926879882812,1710.1490478515625,148.8092498779297,3463.031982421875,11295.9677734375
2025-03-28,2295.720458984375,1697.6636962890625,887.2344970703125,673.9658203125,2195.5751953125,1326.8397216796875,1493.1920166015625,383.626708984375,432.99237060546875,3426.562255859375,2617.0703125,11285.4375,344.68182373046875,281.1607360839844,1264.1824951171875,742.92236328125,1713.359130859375,147.679443359375,3420.3037109375,11208.2744140625
2025-04-01,2271.543701171875,1688.604248046875,857.9463500976562,655.498291015625,2171.27587890625,1297.416748046875,1451.21923828125,380.724365234375,427.9468994140625,3372.10693359375,2589.68017578125,11245.2294921875,339.42864990234375,280.1439208984375,1241.8751220703125,743.1149291992188,1677.456298828125,146.60707092285156,3367.80615234375,11080.8017578125
2025-04-02,2262.373291015625,1718.426513671875,872.0444946289062,652.97998046875,2175.212158203125,1310.0125732421875,1473.7030029296875,382.9713439941406,429.68194580078125,3355.52490234375,2589.336669921875,11475.4013671875,339.04315185546875,277.6746520996094,1240.437744140625,747.20751953125,1692.568115234375,148.1103057861328,3361.30908203125,10956.4443359375
2025-04-03,2304.302490234375,1710.00390625,871.0496826171875,644.5363159179688,2181.676025390625,1308.3397216796875,1422.6986083984375,383.29901123046875,425.2945556640625,3355.77001953125,2563.7138671875,11447.9765625,345.9347839355469,289.6337890625,1238.0086669921875,750.3370971679688,1748.2249755859375,147.08580017089844,3227.76513671875,11302.783203125
2025-04-04,2310.824951171875,1707.50634765625,881.9447631835938,592.491455078125,2181.676025390625,1313.998046875,1380.060546875,383.57989501953125,425.16497802734375,3198.78173828125,2549.086181640625,11246.111328125,337.74188232421875,284.598388671875,1194.38525390625,739.0223999023438,1688.3209228515625,134.41854858398438,3129.3623046875,11197.6611328125
2025-04-07,2296.4072265625,1651.87744140625,853.0205078125,554.815673828125,2186.389892578125,1267.009765625,1327.8680419921875,380.16259765625,406.3990173339844,3010.73974609375,2445.7109375,11096.9892578125,337.1635437011719,280.24078369140625,1155.7191162109375,719.2335815429688,1645.849853515625,123.97259521484375,3105.319091796875,10898.6474609375
2025-04-08,2348.24267578125,1684.931640625,858.5773315429688,561.2843017578125,2225.123779296875,1279.1627197265625,1358.3375244140625,386.2481689453125,409.84906005859375,3101.5966796875,2477.518798828125,11223.486328125,340.1997985839844,279.8050537109375,1172.0780029296875,740.1296997070312,1667.5792236328125,124.73857879638672,3123.244873046875,10975.43359375
2025-04-09,2364.8671875,1680.181640625,856.5632934570312,556.9884033203125,2284.171875,1280.04833984375,1334.4752197265625,389.75909423828125,409.3605041503906,2996.65966796875,2476.97900390625,11222.017578125,336.7298583984375,284.11419677734375,1175.2010498046875,714.7076416015625,1631.8740234375,121.77043151855469,3079.28369140625,11098.7197265625
2025-04-11,2347.654296875,1720.38525390625,876.8247680664062,592.8370971679688,2299.869384765625,1290.7252197265625,1339.9417724609375,394.6744079589844,421.02685546875,3057.29638671875,2533.182373046875,11360.755859375,347.09149169921875,294.4755554199219,1208.5133056640625,725.9260864257812,1666.789306640625,127.74501037597656,3064.9619140625,11201.556640625
2025-04-15,2369.330078125,1761.71533203125,905.0452270507812,609.9219360351562,2295.35009765625,1328.66015625,1355.675537109375,393.59771728515625,422.8216857910156,3196.2802734375,2597.63232421875,11611.4482421875,349.4047546386719,294.91131591796875,1229.4822998046875,735.2186279296875,1684.0245361328125,130.60784912109375,3080.801025390625,11412.2421875
2025-04-16,2412.681396484375,1785.024658203125,911.4027099609375,602.3177490234375,2300.30712890625,1334.7613525390625,1343.4117431640625,397.3895568847656,423.4598388671875,3166.94287109375,2586.440673828125,11424.3720703125,346.32037353515625,296.0733337402344,1228.689208984375,743.1630859375,1672.27099609375,131.14401245117188,3105.081787109375,11421.0068359375
2025-04-17,2420.527587890625,1850.1536865234375,925.3309326171875,601.9226684570312,2308.471923828125,1384.2587890625,1349.4959716796875,400.0110168457031,436.3626708984375,3186.174072265625,2630.421630859375,11454.7353515625,350.8505859375,299.2204895019531,1263.5877685546875,767.9111328125,1729.9525146484375,131.30677795410156,3128.888427734375,11589.478515625
2025-04-21,2398.067626953125,1844.5711669921875,935.2311401367188,614.2672729492188,2285.14404296875,1387.3095703125,1379.442626953125,395.8915100097656,446.9920654296875,3218.7490234375,2713.47509765625,11503.7080078125,351.3807373046875,309.8723449707031,1284.4078369140625,786.447998046875,1723.43359375,133.260009765625,3150.41845703125,11621.6142578125
2025-04-22,2385.317138671875,1814.014404296875,952.0227661132812,612.390869140625,2331.508056640625,1393.902587890625,1352.6334228515625,405.9561767578125,452.4563293457031,3196.4765625,2765.604736328125,11492.9345703125,347.236083984375,302.6581115722656,1280.144775390625,791.9369506835938,1725.9029541015625,132.2834014892578,3143.58935546875,11645.9599609375
2025-04-23,2406.011962890625,1842.8082275390625,933.67822265625,621.279052734375,2355.905029296875,1401.676513671875,1402.1639404296875,403.3815002441406,444.12030029296875,3238.863037109375,2864.4638671875,11662.3798828125,350.6578063964844,304.982177734375,1288.869384765625,783.3184204101562,1766.793701171875,135.15579223632812,3237.108154296875,11636.2216796875
2025-04-24,2417.09521484375,1807.5504150390625,930.2325439453125,620.538330078125,2260.1640625,1380.3226318359375,1398.8365478515625,402.6324768066406,443.3226013183594,3238.470703125,2848.363525390625,11649.6474609375,350.0794982910156,304.4495544433594,1290.4556884765625,783.2703247070312,1781.7078857421875,135.50048828125,3226.295654296875,11840.724609375
2025-04-25,2384.924560546875,1779.73583984375,927.5148315429688,614.3660888671875,2266.87060546875,1382.38916015625,1407.2025146484375,400.52593994140625,439.6133117675781,3210.50732421875,2811.843505859375,11457.673828125,343.5733642578125,296.7995910644531,1289.2659912109375,769.0667114257812,1765.4107666015625,132.9440460205078,3270.30419921875,11916.68359375
2025-04-28,2405.12939453125,1784.2412109375,931.882568359375,620.8346557617188,2253.65185546875,1406.00634765625,1409.0087890625,401.4621887207031,443.84112548828125,3264.668212890625,2877.030029296875,11602.6337890625,348.44091796875,298.78472900390625,1357.0804443359375,787.073974609375,1818.944091796875,136.027099609375,3266.0361328125,11796.90234375
2025-04-29,2404.050537109375,1786.1998291015625,926.35009765625,614.8104858398438,2256.66455078125,1406.9903564453125,1423.6495361328125,398.8407287597656,439.7329406738281,3259.76220703125,2856.413818359375,11597.736328125,344.0552978515625,293.3619689941406,1387.7156982421875,782.4517211914062,1783.2882080078125,135.48133850097656,3293.54150390625,11558.31640625
2025-04-30,2379.137939453125,1826.060791015625,934.2120361328125,616.8843383789062,2276.493408203125,1404.235107421875,1426.1212158203125,398.6534729003906,440.3511657714844,3278.110107421875,2875.262939453125,12005.189453125,341.741943359375,297.71954345703125,1392.9703369140625,759.4371337890625,1809.7584228515625,134.12173461914062,3275.710205078125,11336.2841796875
2025-05-02,2363.7392578125,1810.0968017578125,932.7075805664062,622.6616821289062,2253.65185546875,1407.2855224609375,1432.5859375,402.1175537109375,435.0863342285156,3272.125,2863.874755859375,12150.1494140625,336.1033020019531,293.4587707519531,1407.6436767578125,767.1888427734375,1802.1531982421875,135.38558959960938,3254.180419921875,11309.0166015625
2025-05-05,2390.122802734375,1827.5299072265625,939.9386596679688,625.525634765625,2282.811279296875,1406.5968017578125,1434.2020263671875,409.0926208496094,415.781982421875,3267.513427734375,2966.26806640625,12202.060546875,336.0069274902344,298.4458312988281,1419.0452880859375,760.737060546875,1814.0054931640625,136.0366668701172,3276.279541015625,11364.525390625
2025-05-06,2371.585693359375,1861.8082275390625,937.4635620117188,622.2172241210938,2315.081298828125,1408.7615966796875,1436.9588623046875,407.7818298339844,413.60821533203125,3271.241943359375,3012.310791015625,12322.533203125,329.4525451660156,297.86480712890625,1408.7342529296875,745.4259643554688,1796.7208251953125,138.29629516601562,3281.68603515625,11386.9228515625
2025-05-07,2289.296142578125,1857.6949462890625,944.2093505859375,628.3895263671875,2304.3896484375,1412.5010986328125,1433.9168701171875,403.662353515625,417.7762451171875,3258.879150390625,3062.869384765625,12373.46484375,329.6935119628906,301.2540283203125,1393.9617919921875,747.3518676757812,1759.385986328125,139.78993225097656,3267.5537109375,11352.83984375
2025-05-08,2258.40087890625,1836.2464599609375,935.91064453125,612.4896850585938,2288.934814453125,1412.5994873046875,1436.864013671875,403.1474609375,421.3060607910156,3261.33203125,2977.656494140625,12137.416015625,327.71759033203125,298.4942321777344,1394.9532470703125,740.5149536132812,1745.4593505859375,137.5590362548828,3271.15771484375,11326.5458984375
2025-05-09,2255.458740234375,1810.292724609375,917.0807495117188,619.353271484375,2267.551025390625,1366.742919921875,1433.2513427734375,396.5469055175781,419.4114990234375,3379.072998046875,2927.588623046875,11998.3330078125,322.6571960449219,289.8274230957031,1365.4083251953125,750.38525390625,1723.3349609375,136.70689392089844,3263.001220703125,11066.53515625
2025-05-12,2311.168212890625,1832.23095703125,949.8388671875,643.844970703125,2315.76171875,1425.39208984375,1546.66796875,407.73504638671875,427.7674255371094,3519.67578125,3047.947265625,12356.814453125,335.95867919921875,299.2688903808594,1424.2005615234375,771.9555053710938,1665.4556884765625,145.18045043945312,3433.819091796875,11428.7978515625
2025-05-13,2279.978515625,1783.0657958984375,933.0473022460938,626.8588256835938,2293.891845703125,1407.777587890625,1491.2430419921875,400.6195983886719,421.9043273925781,3499.85595703125,2997.97802734375,12225.56640625,329.16339111328125,289.00439453125,1403.57861328125,772.0518188476562,1679.0860595703125,143.0740203857422,3333.851318359375,11355.7607421875
2025-05-14,2238.490478515625,1796.3853759765625,927.2236938476562,642.4623413085938,2284.657958984375,1403.44775390625,1513.869384765625,401.7430725097656,417.2776794433594,3505.84130859375,3045.1005859375,12409.705078125,326.3199462890625,286.5835266113281,1412.204345703125,771.0407104492188,1687.18505859375,148.70391845703125,3365.814697265625,11366.47265625
2025-05-15,2285.1767578125,1828.7049560546875,938.4827270507812,653.1281127929688,2289.226318359375,1427.6553955078125,1533.453369140625,405.0667419433594,420.0696105957031,3550.092041015625,3086.823486328125,12685.9111328125,329.5971374511719,290.1664123535156,1441.7491455078125,777.82958984375,1718.692626953125,150.65716552734375,3395.406494140625,11582.6611328125
2025-05-16,2308.421875,1776.6019287109375,938.9194946289062,649.3753051757812,2314.6923828125,1430.8043212890625,1511.49267578125,407.92230224609375,420.4285888671875,3536.84619140625,3078.28271484375,12728.0283203125,330.7055969238281,290.6990051269531,1443.9302978515625,778.0751342773438,1713.556884765625,150.84866333007812,3377.76513671875,11593.373046875
2025-05-19,2286.64794921875,1780.813232421875,940.8607177734375,650.1654052734375,2315.9560546875,1425.8841552734375,1482.8770751953125,407.5946044921875,421.02685546875,3532.43115234375,3070.821533203125,12722.150390625,332.6815185546875,294.4271545410156,1428.4638671875,780.9237670898438,1708.91455078125,150.86781311035156,3337.455810546875,11616.74609375
2025-05-20,2251.53515625,1771.6070556640625,929.3104858398438,654.5106811523438,2275.521728515625,1415.25634765625,1483.6375732421875,407.17327880859375,416.8189697265625,3500.640869140625,3007.50048828125,12378.3623046875,330.2236633300781,288.4718017578125,1412.4024658203125,771.7393798828125,1686.7901611328125,151.94015502929688,3318.012451171875,11390.818359375
2025-05-21,2268.0126953125,1784.9267578125,935.0856323242188,654.757568359375,2297.682373046875,1421.6527099609375,1491.14794921875,405.3944396972656,413.0697937011719,3521.44189453125,3034.203125,12355.8349609375,333.64544677734375,286.77716064453125,1416.9630126953125,773.1636352539062,1710.494873046875,154.76467895507812,3344.0947265625,11360.6298828125
2025-05-22,2255.066162109375,1793.643310546875,931.7369995117188,641.4747924804688,2265.412841796875,1419.0941162109375,1471.1834716796875,398.934326171875,411.97296142578125,3484.549560546875,2951.34619140625,12189.3271484375,329.0670166015625,281.69329833984375,1397.332763671875,771.346435546875,1697.555908203125,154.4295654296875,3297.8095703125,11374.263671875
2025-05-23,2271.05322265625,1793.93701171875,938.3856811523438,642.0179443359375,2293.1142578125,1426.67138671875,1487.6304931640625,408.4840393066406,418.9528503417969,3532.13671875,2957.629150390625,12197.162109375,332.15142822265625,288.66546630859375,1414.5838623046875,776.5034790039062,1662.8878173828125,156.03811645507812,3333.47216796875,11438.53515625
2025-05-26,2282.528564453125,1809.313232421875,941.5886840820312,653.2268676757812,2327.03662109375,1437.2989501953125,1502.55615234375,414.66326904296875,416.659423828125,3580.01806640625,3023.895263671875,12165.8203125,331.0911865234375,287.30975341796875,1422.5152587890625,780.33447265625,1655.4801025390625,155.59767150878906,3355.002197265625,11383.0283203125
2025-05-27,2282.921142578125,1805.78759765625,934.8429565429688,651.2517700195312,2313.526123046875,1423.3255615234375,1492.669189453125,406.2370300292969,414.2862854003906,3571.48193359375,2984.23388671875,12158.9638671875,326.3199462890625,285.227783203125,1409.9239501953125,779.6468505859375,1662.690185546875,154.78384399414062,3318.391357421875,11122.04296875
2025-05-28,2258.989501953125,1817.833984375,933.4840698242188,641.869873046875,2295.8359375,1430.6075439453125,1494.2852783203125,400.65911865234375,413.6680603027344,3577.663330078125,2943.00146484375,12077.6689453125,327.7657775878906,281.9353942871094,1400.8028564453125,782.4463500976562,1645.8994140625,154.3817138671875,3317.442626953125,10943.8330078125
2025-05-29,2250.260009765625,1825.1793212890625,935.42529296875,641.9192504882812,2300.404296875,1433.264404296875,1507.40478515625,399.2765197753906,415.1239013671875,3586.494140625,2953.99658203125,12137.416015625,327.091064453125,283.8236999511719,1405.660888671875,783.232177734375,1678.888427734375,156.18173217773438,3317.822509765625,10974.021484375
2025-05-30,2215.73583984375,1817.9317626953125,943.86962890625,625.6243286132812,2282.519775390625,1422.7352294921875,1506.5369873046875,398.60906982421875,413.7478332519531,3605.92138671875,2922.385498046875,12065.916015625,321.8379211425781,280.5797424316406,1408.7342529296875,797.91748046875,1656.961669921875,154.17105102539062,3284.910400390625,10916.5654296875
2025-06-02,2223.18994140625,1815.8751220703125,937.65771484375,623.254150390625,2305.167236328125,1427.3602294921875,1497.9569091796875,399.8009338378906,411.5342102050781,3610.336669921875,2970.587890625,12037.51171875,320.53668212890625,283.7752685546875,1401.5958251953125,799.2435913085938,1653.99853515625,152.27528381347656,3272.01123046875,10901.9580078125
2025-06-03,2212.401123046875,1803.3392333984375,934.0179443359375,624.1430053710938,2286.40771484375,1414.961181640625,1487.5450439453125,397.5602722167969,407.7251892089844,3609.54443359375,2990.811279296875,11878.83984375,316.3920593261719,279.127197265625,1393.466064453125,795.4617309570312,1646.98583984375,150.65716552734375,3229.7099609375,10746.1474609375
2025-06-04,2205.82958984375,1836.736083984375,942.073974609375,627.9451293945312,2298.265869140625,1408.1712646484375,1495.4503173828125,397.60791015625,408.08416748046875,3591.42138671875,2997.5849609375,11913.12109375,317.3559265136719,279.4176940917969,1411.3118896484375,792.2201538085938,1644.41796875,151.45184326171875,3235.1640625,10744.19921875
2025-06-05,2200.435302734375,1840.06591796875,946.1505126953125,629.3277587890625,2309.83251953125,1431.591552734375,1498.43896484375,399.6102600097656,406.8078308105469,3607.36572265625,2986.0009765625,11876.880859375,316.7776184082031,284.93731689453125,1430.0501708984375,791.72900390625,1662.3939208984375,151.25079345703125,3225.786865234375,10866.9013671875
2025-06-06,2202.1025390625,1831.6431884765625,960.27294921875,642.0673828125,2322.857421875,1436.413330078125,1507.5975341796875,401.4695739746094,413.4885559082031,3620.93310546875,3049.71435546875,12205.978515625,320.8258972167969,286.4382629394531,1431.140625,798.6541748046875,1658.5418701171875,154.30775451660156,3238.322021484375,10958.4404296875
2025-06-09,2204.750732421875,1826.6483154296875,960.3699951171875,642.709228515625,2326.161865234375,1411.9107666015625,1516.3704833984375,403.3765563964844,426.4113464355469,3643.314453125,3030.963623046875,12377.3828125,324.9223327636719,290.989501953125,1436.3953857421875,805.5302734375,1673.554931640625,154.1411895751953,3274.39697265625,10965.2568359375
2025-06-10,2196.386474609375,1818.8133544921875,953.7698974609375,650.1654052734375,2328.10595703125,1400.200439453125,1538.6402587890625,407.14288330078125,428.9839172363281,3644.205810546875,3011.427490234375,12262.787109375,326.9465026855469,291.5220642089844,1426.1834716796875,802.5833740234375,1668.02392578125,152.5343017578125,3313.62939453125,11092.828125
2025-06-11,2186.38916015625,1821.849365234375,946.538818359375,647.0545654296875,2309.83251953125,1408.1712646484375,1572.478759765625,406.3323974609375,427.8272705078125,3649.157470703125,3024.38623046875,12196.1826171875,325.88623046875,286.09930419921875,1436.4945068359375,800.6187744140625,1669.8016357421875,153.24957275390625,3322.241455078125,11163.9169921875
2025-06-12,2196.881591796875,1806.17919921875,943.1417236328125,642.9561157226562,2267.356689453125,1402.4637451171875,1550.787353515625,401.4219055175781,424.13787841796875,3569.039794921875,2964.01025390625,12135.45703125,321.6451721191406,279.8534240722656,1429.2569580078125,791.679931640625,1666.64111328125,149.80068969726562,3286.16650390625,11026.607421875
2025-06-13,2191.734375,1802.4576416015625,930.6207885742188,633.8211669921875,2254.04052734375,1393.5089111328125,1544.424560546875,394.6520690917969,420.26904296875,3552.699462890625,2951.051513671875,12153.087890625,319.95843505859375,276.4642639160156,1415.67431640625,778.3206787109375,1667.0361328125,149.05604553222656,3297.170654296875,10930.19921875
2025-06-16,2222.023681640625,1822.9267578125,939.2592163085938,641.5241088867188,2262.204833984375,1404.13671875,1565.441162109375,398.7521057128906,426.57086181640625,3593.599853515625,2968.330078125,12272.5810546875,321.6451721191406,279.5145263671875,1425.489501953125,778.4680786132812,1664.56689453125,151.05482482910156,3345.58984375,11194.10546875
2025-06-17,2241.821044921875,1816.560791015625,936.4444580078125,633.722412109375,2263.37158203125,1400.49560546875,1580.9625244140625,397.98931884765625,426.13214111328125,3587.261962890625,2952.2294921875,12336.2451171875,323.09100341796875,279.4176940917969,1418.9459228515625,778.2716064453125,1629.8985595703125,149.5165557861328,3363.770751953125,11085.037109375
2025-06-18,2258.25244140625,1827.4320068359375,938.5313110351562,637.3269653320312,2232.9482421875,1390.064697265625,1574.214111328125,396.5590515136719,425.2546691894531,3566.6630859375,2985.510009765625,12486.1025390625,320.3921203613281,278.2072448730469,1417.85546875,777.8787231445312,1627.7257080078125,149.0364532470703,3302.625244140625,11107.4345703125
2025-06-19,2244.98828125,1838.3031005859375,939.210693359375,633.376708984375,2229.93505859375,1388.78564453125,1560.2352294921875,396.6544189453125,428.046630859375,3586.07373046875,3038.228271484375,12542.9111328125,318.12701416015625,277.3841857910156,1421.028076171875,771.1990356445312,1627.3306884765625,147.94888305664062,3276.40625,11121.0693359375
2025-06-20,2262.5087890625,1896.772216796875,953.4786987304688,641.0797729492188,2241.59912109375,1404.33349609375,1564.573486328125,399.0858154296875,432.71319580078125,3626.577880859375,3126.1904296875,12528.21875,323.09100341796875,283.8236999511719,1453.6463623046875,782.053466796875,1644.6153564453125,148.89927673339844,3287.60205078125,11158.07421875
2025-06-23,2241.1279296875,1896.380615234375,945.5681762695312,653.177490234375,2234.62548828125,1397.4451904296875,1527.071533203125,394.6520690917969,435.5649719238281,3549.03515625,3077.693603515625,12438.1083984375,320.5849304199219,281.06390380859375,1444.326904296875,776.2088012695312,1642.04736328125,149.3499755859375,3247.31689453125,11149.310546875
2025-06-24,2252.21435546875,1893.7362060546875,951.634521484375,661.0780639648438,2222.839111328125,1401.38134765625,1524.7576904296875,395.0811462402344,443.4422912597656,3569.93115234375,3092.517578125,12351.9169921875,318.0306701660156,276.8999938964844,1438.378173828125,781.3167114257812,1641.2572021484375,151.66229248046875,3244.25439453125,11275.9072265625
2025-06-25,2256.767578125,1925.0765380859375,961.0009155273438,664.2876586914062,2238.1611328125,1403.05419921875,1556.8609619140625,396.9881591796875,438.3968200683594,3584.7861328125,3156.721923828125,12504.712890625,318.89813232421875,281.257568359375,1454.737060546875,785.8843383789062,1649.06005859375,153.22996520996094,3296.309814453125,11425.8759765625
2025-06-26,2266.567138671875,1972.7724609375,981.1896362304688,682.0144653320312,2240.223876953125,1416.1419677734375,1557.92138671875,400.7544250488281,439.51361083984375,3624.201171875,3157.0166015625,12453.7802734375,324.97052001953125,284.2110290527344,1482.4971923828125,782.9375,1649.2576904296875,157.29611206054688,3293.439453125,11638.169921875
2025-06-27,2334.76806640625,1985.30859375,988.5983276367188,688.6805419921875,2265.859375,1438.8734130859375,1550.208984375,399.18115234375,440.311279296875,3643.611572265625,3144.744873046875,12382.2802734375,326.0789794921875,289.779052734375,1502.425048828125,791.1396484375,1666.838623046875,158.18772888183594,3292.76953125,11893.310546875
2025-06-30,2317.346923828125,1968.1693115234375,982.023681640625,684.2365112304688,2253.778564453125,1422.7352294921875,1544.2318115234375,397.08349609375,431.4568176269531,3634.302490234375,3125.012451171875,12145.2509765625,322.8017883300781,290.4084777832031,1487.7518310546875,805.824951171875,1655.0849609375,156.53187561035156,3312.768310546875,11776.4521484375
2025-07-01,2345.458740234375,1977.767333984375,987.2244873046875,685.66845703125,2254.662353515625,1409.1552734375,1549.05224609375,395.7962646484375,435.46527099609375,3631.232421875,3118.042236328125,12186.388671875,320.5849304199219,288.13287353515625,1515.3138427734375,805.7758178710938,1646.689453125,156.8258056640625,3281.86083984375,11890.3896484375
2025-07-02,2394.85205078125,1991.380859375,974.418701171875,689.6680908203125,2266.05615234375,1405.0223388671875,1552.619140625,393.74627685546875,432.5735778808594,3562.008544921875,3107.34130859375,12362.6904296875,321.693359375,285.518310546875,1505.796142578125,798.5068969726562,1656.86279296875,162.52821350097656,3275.736572265625,12110.4736328125
2025-07-03,2406.235595703125,1977.66943359375,974.9583740234375,684.2365112304688,2272.243896484375,1403.152587890625,1560.5244140625,394.1276550292969,424.0980224609375,3548.242919921875,3116.373291015625,12490.0205078125,322.5126647949219,284.4047546386719,1504.8045654296875,792.8095092773438,1659.0357666015625,162.5576171875,3254.20654296875,12073.46875
2025-07-04,2399.603515625,1975.6126708984375,976.037841796875,690.7544555664062,2297.68310546875,1419.7830810546875,1581.733642578125,393.3648376464844,424.7361755371094,3559.830078125,3129.634033203125,12386.197265625,323.38018798828125,284.6951904296875,1514.223388671875,797.4754028320312,1655.6776123046875,159.71620178222656,3272.387451171875,12178.6416015625
2025-07-07,2418.014892578125,1991.9683837890625,975.1055908203125,683.4957885742188,2367.518310546875,1412.796142578125,1568.5262451171875,396.79742431640625,428.72467041015625,3546.757568359375,3127.35791015625,12262.787109375,325.2597351074219,286.5350646972656,1528.3016357421875,792.56396484375,1664.6953125,159.1185302734375,3264.63671875,12021.85546875
2025-07-08,2459.390869140625,1988.1488037109375,981.974609375,677.0765991210938,2350.133056640625,1418.9957275390625,1579.8055419921875,397.7986145019531,443.6217346191406,3571.515625,3125.081787109375,12158.9638671875,330.8019714355469,288.3265380859375,1524.43505859375,798.2612915039062,1657.3623046875,158.6972198486328,3259.37353515625,12119.23828125
2025-07-09,2473.545654296875,1978.06103515625,986.7828979492188,665.5714721679688,2380.286865234375,1409.0570068359375,1574.9853515625,399.9440002441406,444.5789794921875,3545.073974609375,3143.290771484375,12213.8134765625,331.5730895996094,290.1664123535156,1505.9942626953125,796.5913696289062,1654.290283203125,155.7872314453125,3237.939208984375,12233.17578125
2025-07-10,2426.32958984375,1923.9991455078125,984.3296508789062,666.6577758789062,2365.553955078125,1401.38134765625,1557.728759765625,397.46490478515625,439.49365234375,3540.122314453125,3129.53515625,12390.115234375,329.115234375,289.779052734375,1504.209716796875,793.693603515625,1647.4527587890625,157.4136962890625,3236.216796875,12188.3798828125
2025-07-11,2414.451416015625,1882.2774658203125,973.2901611328125,662.6087646484375,2474.775634765625,1399.2164306640625,1537.5797119140625,397.4172058105469,442.843994140625,3506.352294921875,3041.26220703125,12315.677734375,330.320068359375,289.1011962890625,1482.3980712890625,794.3321533203125,1656.8668212890625,156.61026000976562,3125.217041015625,12167.9296875
2025-07-14,2377.233154296875,1881.298095703125,972.94677734375,658.214111328125,2471.8291015625,1400.2989501953125,1513.8638916015625,399.8962707519531,439.49365234375,3462.08447265625,3059.9658203125,12256.91015625,329.7417297363281,288.7623291015625,1470.9964599609375,794.528564453125,1667.370849609375,157.19813537597656,3083.78369140625,12188.3798828125
2025-07-15,2369.215087890625,1894.3238525390625,979.079833984375,662.510009765625,2481.94580078125,1407.9744873046875,1528.614013671875,402.4707336425781,436.3626708984375,3460.202880859375,3096.08642578125,12278.45703125,329.64532470703125,288.6170349121094,1472.6820068359375,801.9940185546875,1711.864501953125,155.7872314453125,3112.107666015625,12174.7470703125
2025-07-16,2386.042724609375,1896.67431640625,979.4723510742188,658.4609985351562,2472.811279296875,1403.6446533203125,1550.1126708984375,404.8544616699219,434.6276550292969,3469.908203125,3163.28076171875,12305.8818359375,330.0791015625,287.6486511230469,1472.8802490234375,816.9739990234375,1685.6043701171875,154.15097045898438,3104.234619140625,12127.0283203125
2025-07-17,2374.560302734375,1890.112548828125,974.8602905273438,666.1639404296875,2465.14990234375,1396.0675048828125,1526.589599609375,404.2347106933594,432.91259765625,3440.396484375,3161.79638671875,12219.6904296875,330.2718505859375,287.21295166015625,1463.759033203125,814.32177734375,1687.9825439453125,156.66903686523438,3081.287109375,12167.9296875
2025-07-18,2358.2275390625,1877.372802734375,960.3862915039062,667.4971923828125,2445.309326171875,1403.05419921875,1529.095947265625,403.09051513671875,427.3621826171875,3431.285400390625,3159.223388671875,12163.861328125,329.7417297363281,284.8404541015625,1463.3624267578125,808.7717895507812,1678.271240234375,159.08912658691406,3062.756103515625,12170.8505859375
2025-07-21,2351.298583984375,1885.4708251953125,981.5330200195312,674.212646484375,2421.048828125,1442.4161376953125,1527.36083984375,400.5637512207031,432.2936706542969,3468.91796875,3212.958984375,12150.1494140625,329.21160888671875,287.6002502441406,1416.3682861328125,809.6068115234375,1676.983154296875,159.72601318359375,3032.31982421875,12247.783203125
2025-07-22,2341.2021484375,1883.100830078125,984.771240234375,681.4713134765625,2435.58544921875,1450.0916748046875,1514.4423828125,396.6544189453125,431.29541015625,3431.08740234375,3223.349853515625,12235.3623046875,328.5368957519531,288.37493896484375,1400.70361328125,800.5697021484375,1662.8125,159.74559020996094,3033.6640625,12126.0556640625
2025-07-23,2351.298583984375,1919.640869140625,993.2103881835938,686.7548217773438,2406.806640625,1464.852294921875,1517.9129638671875,395.65325927734375,433.3318786621094,3451.19091796875,3234.82958984375,12367.5888671875,330.6573791503906,289.779052734375,1412.4024658203125,806.1196899414062,1667.2718505859375,159.48106384277344,3052.38671875,12048.1484375
2025-07-24,2328.2353515625,1912.0364990234375,988.2548217773438,686.9523315429688,2394.430908203125,1459.7353515625,1496.70361328125,390.8857727050781,427.681640625,3443.862548828125,3227.011474609375,12299.0263671875,326.6573181152344,289.8758850097656,1390.8883056640625,801.25732421875,1676.685791015625,160.17669677734375,3022.5263671875,11981.9287109375
2025-07-25,2312.496337890625,1913.814208984375,985.9922485351562,684.8290405273438,2372.42919921875,1453.5357666015625,1461.2261962890625,390.361328125,424.18768310546875,3409.59716796875,3212.662109375,12149.169921875,321.16326904296875,282.8553771972656,1379.7841796875,792.269287109375,1683.622314453125,158.16812133789062,3010.812744140625,12004.958984375
2025-07-28,2335.6591796875,1866.805908203125,987.9105224609375,680.7799682617188,2398.163330078125,1464.6556396484375,1461.515380859375,390.83807373046875,392.6421203613281,3389.097412109375,3176.442626953125,12086.484375,320.9222717285156,282.6616516113281,1375.7193603515625,783.0357666015625,1686.79345703125,156.4534912109375,2956.564697265625,11995.1591796875
2025-07-29,2377.1337890625,1894.4578857421875,994.3539428710938,684.08837890625,2409.949951171875,1462.4906005859375,1459.2979736328125,389.45550537109375,393.86004638671875,3461.78759765625,3166.150634765625,12212.833984375,322.5126647949219,283.8236999511719,1404.966796875,785.0494384765625,1695.018310546875,158.42288208007812,2934.193359375,11976.5390625
2025-07-30,2391.288818359375,1908.580078125,996.4197998046875,680.2368774414062,2394.037841796875,1458.7513427734375,1464.40771484375,388.6450500488281,391.2644958496094,3629.64794921875,3175.5517578125,12358.7724609375,326.5609130859375,279.8050537109375,1398.0267333984375,787.4560546875,1718.107421875,158.09954833984375,2931.88916015625,12022.599609375
2025-07-31,2371.788818359375,1890.507568359375,992.6815795898438,674.558349609375,2476.34716796875,1457.767333984375,1454.76708984375,392.79278564453125,395.0379943847656,3601.324462890625,3169.812255859375,12348.978515625,322.17529296875,281.7901611328125,1378.2969970703125,782.4463500976562,1691.2525634765625,154.7486572265625,2915.7587890625,12003.9794921875
2025-08-01,2406.33447265625,1860.9791259765625,989.7304077148438,664.0901489257812,2508.26904296875,1448.12353515625,1416.782958984375,397.08349609375,397.7932434082031,3552.6005859375,3126.467529296875,12179.6787109375,318.9463195800781,282.0322265625,1381.76708984375,779.9415283203125,1614.9495849609375,149.9182586669922,2883.305908203125,11870.7001953125
2025-08-04,2424.94384765625,1890.8037109375,979.7947387695312,679.1505126953125,2498.44677734375,1439.8575439453125,1427.291259765625,397.46490478515625,398.7116394042969,3595.976806640625,3166.9423828125,12242.052734375,320.006591796875,278.8367004394531,1399.4146728515625,781.6113891601562,1626.7418212890625,156.33590698242188,2951.859619140625,12011.8193359375
2025-08-05,2412.07568359375,1907.7900390625,972.7118530273438,678.5579833984375,2489.60693359375,1421.357421875,1407.8172607421875,394.89044189453125,399.9095764160156,3617.26904296875,3178.817626953125,12412.341796875,321.5487976074219,276.94842529296875,1379.7841796875,786.4246215820312,1617.327880859375,156.3946990966797,2941.7783203125,12051.9990234375
2025-08-06,2465.923828125,1905.716064453125,976.499267578125,676.3359375,2490.490966796875,1420.5703125,1385.0654296875,392.8404235839844,399.789794921875,3593.302734375,3193.958740234375,12399.4716796875,320.10302734375,275.7863464355469,1380.8748779296875,790.8941040039062,1580.7618408203125,155.4541015625,2911.438232421875,11981.439453125
2025-08-07,2481.068603515625,1898.704345703125,981.4671020507812,678.2616577148438,2472.712890625,1417.322998046875,1385.2581787109375,394.36602783203125,397.73333740234375,3606.375244140625,3177.729248046875,12506.3974609375,317.837890625,276.51263427734375,1377.50390625,790.8941040039062,1583.9329833984375,156.44369506835938,2925.552001953125,12027.4990234375
2025-08-08,2450.482177734375,1835.499755859375,970.8920288085938,669.2586669921875,2454.1494140625,1412.9931640625,1371.9542236328125,395.22418212890625,389.8669128417969,3572.7041015625,3111.524169921875,12464.8154296875,322.6571960449219,275.8348083496094,1356.0888671875,790.0591430664062,1572.537109375,154.75843811035156,2915.37451171875,11913.8193359375
2025-08-11,2463.84521484375,1834.314697265625,981.5654296875,669.3580932617188,2473.5966796875,1413.681884765625,1376.870849609375,397.46490478515625,394.4989013671875,3632.916015625,3153.087890625,12471.74609375,324.00665283203125,275.8348083496094,1374.331298828125,808.8700561523438,1593.8424072265625,155.3169403076172,2919.59912109375,12156.8583984375
2025-08-12,2453.15478515625,1827.302978515625,968.924560546875,663.5882568359375,2439.612548828125,1410.112060546875,1372.9183349609375,396.9881591796875,391.1247253417969,3650.44482421875,3202.864990234375,12712.3291015625,327.81402587890625,275.64111328125,1368.5810546875,806.0704956054688,1607.5174560546875,156.92379760742188,2914.414306640625,12199.978515625
2025-08-13,2474.832275390625,1844.1904296875,974.0399169921875,696.8646240234375,2450.711669921875,1408.922119140625,1375.3284912109375,394.8427734375,396.8548583984375,3657.97119140625,3248.090087890625,12706.388671875,327.66943359375,279.0787658691406,1370.7620849609375,807.29833984375,1624.958251953125,156.94337463378906,2915.1826171875,12152.9384765625
2025-08-14,2503.043212890625,1850.5108642578125,979.35205078125,691.6419067382812,2436.469482421875,1415.3677978515625,1395.6700439453125,392.3160095214844,394.9581298828125,3641.432861328125,3231.464599609375,12807.375,327.091064453125,279.5629577636719,1367.4774169921875,811.9151611328125,1626.5438232421875,152.16200256347656,2901.83642578125,12070.619140625
2025-08-18,2561.147705078125,1868.781005859375,985.5003662109375,710.44384765625,2522.4130859375,1422.606689453125,1384.19775390625,387.4054870605469,399.5901184082031,3599.938232421875,3347.941650390625,13928.119140625,323.9102783203125,281.1607360839844,1375.3409423828125,812.9957275390625,1617.9224853515625,154.76824951171875,2891.1787109375,12509.6572265625
2025-08-19,2553.228759765625,1885.964599609375,979.35205078125,703.032470703125,2558.4599609375,1424.29248046875,1388.2469482421875,390.0753173828125,405.2803039550781,3578.052001953125,3319.14404296875,14108.3095703125,322.9463806152344,280.0909423828125,1413.564208984375,815.697021484375,1611.877685546875,156.0125732421875,2895.9794921875,12605.697265625
2025-08-20,2544.023193359375,1904.4322509765625,977.9256591796875,697.2128295898438,2622.3037109375,1418.64013671875,1442.427001953125,387.1671142578125,402.8045654296875,3557.55224609375,3360.311767578125,14079.59765625,329.64532470703125,280.4799499511719,1406.4969482421875,814.272705078125,1618.31884765625,158.64822387695312,2975.095458984375,12616.4775390625
2025-08-21,2540.558837890625,1905.9136962890625,979.4012451171875,703.6293334960938,2600.891357421875,1433.911376953125,1442.619873046875,386.69036865234375,402.8644714355469,3577.65576171875,3340.02490234375,14138.01171875,326.5609130859375,276.2007751464844,1418.24267578125,811.0802612304688,1625.3544921875,158.2465057373047,2978.936279296875,12612.5576171875
2025-08-22,2479.0888671875,1909.2713623046875,966.317626953125,700.5454711914062,2583.11328125,1424.3917236328125,1434.0396728515625,379.77752685546875,396.63525390625,3561.018310546875,3367.634765625,14206.3251953125,324.8259582519531,275.5686340332031,1402.71435546875,801.7975463867188,1626.940185546875,155.34632873535156,2932.27294921875,12337.177734375
2025-08-25,2467.6064453125,1906.70361328125,966.0717163085938,712.1349487304688,2584.783203125,1421.2183837890625,1477.0367431640625,380.7787170410156,395.97637939453125,3568.247802734375,3363.577392578125,14308.30078125,325.645263671875,276.3466796875,1406.0987548828125,801.9940185546875,1641.7052001953125,156.40451049804688,3015.421630859375,12353.837890625
2025-08-26,2456.22314453125,1881.0267333984375,957.5625,702.0376586914062,2644.697998046875,1404.7572021484375,1474.6265869140625,384.5926818847656,392.46246337890625,3507.04541015625,3296.18505859375,14567.6962890625,321.16326904296875,272.21337890625,1378.5262451171875,793.5462646484375,1585.8157958984375,151.89744567871094,3031.359619140625,12357.7578125
2025-08-28,2463.74609375,1857.7200927734375,942.2162475585938,697.760009765625,2607.177490234375,1387.4034423828125,1446.1868896484375,382.2566223144531,388.2696838378906,3525.66357421875,3261.05419921875,14605.318359375,318.84991455078125,266.9130554199219,1379.521728515625,787.750732421875,1571.3477783203125,150.52574157714844,2970.390869140625,12270.5380859375
2025-08-29,2493.0458984375,1865.324462890625,936.1171264648438,700.2967529296875,2612.4814453125,1386.1143798828125,1416.782958984375,390.695068359375,391.3843078613281,3566.16796875,3166.24951171875,14643.9306640625,315.71734619140625,267.6910705566406,1350.9537353515625,788.291015625,1580.0682373046875,151.35855102539062,2961.749267578125,12387.158203125
2025-09-01,2544.122314453125,1876.977783203125,935.1333618164062,715.865478515625,2602.36474609375,1399.2039794921875,1445.5120849609375,386.9764404296875,393.04144287109375,3563.593017578125,3280.945068359375,14738.9755859375,318.7535705566406,272.1647644042969,1347.6689453125,791.7781372070312,1549.150634765625,153.01441955566406,2988.537353515625,12569.4375
2025-09-02,2514.228515625,1863.7442626953125,929.1326904296875,717.2085571289062,2629.37548828125,1382.54443359375,1444.837158203125,387.8345947265625,387.8304443359375,3540.3203125,3200.885986328125,14694.4228515625,324.1512451171875,278.8266296386719,1360.2109375,789.666259765625,1551.0333251953125,155.18955993652344,2987.481201171875,12475.357421875
2025-09-03,2527.987548828125,1860.4853515625,938.9207763671875,739.0943603515625,2617.294189453125,1385.321044921875,1425.9415283203125,392.6020812988281,391.3643493652344,3565.969970703125,3251.8505859375,14778.578125,322.17529296875,278.1944580078125,1366.2828369140625,797.7701416015625,1564.4111328125,164.4584197998047,2974.0390625,12478.2978515625
2025-09-04,2542.53857421875,1857.0289306640625,945.610107421875,735.214599609375,2619.16064453125,1393.75,1410.4202880859375,396.5590515136719,389.2679443359375,3557.849365234375,3445.319091796875,14516.212890625,321.34771728515625,274.0611877441406,1353.0440673828125,795.06884765625,1567.9786376953125,163.43942260742188,2972.310791015625,12397.9384765625
2025-09-05,2553.723876953125,1871.74365234375,947.7251586914062,739.93994140625,2586.55078125,1391.0726318359375,1392.681396484375,388.40667724609375,388.4294128417969,3519.2265625,3524.289794921875,14746.896484375,320.0333251953125,277.5137023925781,1368.671875,792.318359375,1579.17626953125,164.29183959960938,2926.80029296875,12348.9384765625
2025-09-08,2505.1220703125,1864.238037109375,950.2828369140625,734.9161376953125,2577.219970703125,1390.973388671875,1381.402099609375,388.5973815917969,389.3478088378906,3495.458740234375,3524.289794921875,15106.287109375,318.0860595703125,275.0337219238281,1372.15576171875,794.4794311523438,1566.6904296875,165.4088134765625,2898.66796875,12410.677734375
2025-09-09,2511.55615234375,1870.1634521484375,949.4467163085938,739.0446166992188,2594.998046875,1391.9649658203125,1450.2359619140625,390.9811096191406,391.40423583984375,3490.903076171875,3657.88671875,15212.22265625,315.5545959472656,276.0549011230469,1369.8662109375,794.528564453125,1577.2935791015625,165.7321319580078,2927.856201171875,12320.5185546875
2025-09-10,2517.4951171875,1867.8922119140625,950.1845092773438,739.2933349609375,2596.471435546875,1392.163330078125,1477.518798828125,393.8415832519531,393.9798278808594,3515.661376953125,3566.941650390625,14957.7783203125,317.063720703125,275.17962646484375,1370.66259765625,803.7130126953125,1578.978271484375,166.0064697265625,2986.041015625,12228.3984375
2025-09-11,2529.96728515625,1889.2236328125,952.0535278320312,738.7958984375,2575.35400390625,1389.882568359375,1455.4417724609375,395.74859619140625,393.7801513671875,3505.4609375,3558.33203125,14944.9072265625,322.32135009765625,278.92388916015625,1376.9337158203125,809.0665283203125,1595.130615234375,165.9868927001953,2999.675048828125,12144.119140625
2025-09-12,2520.46484375,1878.952880859375,951.5617065429688,754.115966796875,2534.592041015625,1405.847900390625,1470.7703857421875,394.5090637207031,393.7801513671875,3545.173095703125,3552.59228515625,15172.62109375,322.9542236328125,279.7505187988281,1388.579833984375,808.96826171875,1601.96826171875,166.3494110107422,3008.508056640625,12122.55859375
2025-09-15,2477.208251953125,1880.829345703125,951.3157348632812,749.7388305664062,2535.083251953125,1407.5338134765625,1454.1885986328125,393.4601745605469,393.4806823730469,3551.510986328125,3493.61181640625,15113.216796875,322.37005615234375,278.3890075683594,1392.8599853515625,810.1470336914062,1587.500244140625,165.81051635742188,2987.865234375,12186.2587890625
2025-09-16,2455.72802734375,1915.394287109375,951.1190185546875,752.0269165039062,2534.985107421875,1409.71533203125,1456.9844970703125,393.8892822265625,403.64312744140625,3632.32177734375,3570.50439453125,15418.154296875,326.21588134765625,280.43133544921875,1398.8323974609375,816.82666015625,1595.92333984375,168.54415893554688,3020.31787109375,12326.3984375
2025-09-17,2468.29931640625,1917.1719970703125,950.7747192382812,746.2072143554688,2523.984130859375,1407.33544921875,1467.685546875,390.2659912109375,409.353271484375,3649.8505859375,3595.4423828125,15643.8876953125,327.5302734375,279.2642517089844,1407.2933349609375,841.973388671875,1605.53564453125,167.89749145507812,3046.338134765625,12466.5380859375
2025-09-18,2453.550537109375,1916.974365234375,961.0055541992188,746.2570190429688,2540.780029296875,1409.814453125,1485.2313232421875,392.4113464355469,410.2117919921875,3650.345703125,3604.348876953125,15659.728515625,328.0658264160156,281.1607360839844,1408.4876708984375,839.222900390625,1633.6785888671875,168.55393981933594,3050.08251953125,12373.4384765625
2025-09-19,2456.52001953125,1938.009765625,951.168212890625,739.4425048828125,2514.06396484375,1390.4775390625,1484.845703125,391.55322265625,405.49993896484375,3639.84814453125,3554.769775390625,15706.26171875,329.7209777832031,278.34039306640625,1400.9227294921875,847.081298828125,1641.0115966796875,168.0150604248047,3042.88134765625,12257.798828125
2025-09-22,2457.510009765625,1931.88671875,948.5121459960938,741.830078125,2526.43994140625,1389.783447265625,1445.6083984375,388.0252990722656,403.64312744140625,3609.2470703125,3547.54541015625,15658.73828125,330.2565002441406,278.7779846191406,1384.199951171875,840.1069946289062,1629.1202392578125,167.9268798828125,2951.283935546875,12396.9580078125
2025-09-23,2422.072998046875,1914.604248046875,941.6260375976562,742.029052734375,2477.329345703125,1382.6436767578125,1443.6802978515625,384.4496765136719,408.83416748046875,3622.220458984375,3577.035888671875,15936.9443359375,333.956298828125,280.6744689941406,1383.40380859375,855.1851806640625,1616.43603515625,169.78848266601562,2940.338134765625,12152.9384765625
2025-09-24,2432.268798828125,1907.0986328125,935.5761108398438,737.2041625976562,2504.143798828125,1371.1405029296875,1440.884521484375,382.35198974609375,405.5598449707031,3638.263916015625,3537.748291015625,16087.43359375,338.43499755859375,285.245361328125,1376.635009765625,850.8631591796875,1612.3731689453125,169.1712188720703,2914.414306640625,11969.6796875
2025-09-25,2379.6083984375,1911.542724609375,934.3955688476562,741.7803344726562,2493.14306640625,1364.29833984375,1431.436767578125,381.49383544921875,402.0059814453125,3609.14794921875,3493.31494140625,16107.234375,331.5221862792969,276.58978271484375,1366.0838623046875,845.902587890625,1612.6705322265625,168.89688110351562,2839.523193359375,11898.1396484375
2025-09-26,2319.029541015625,1892.7789306640625,929.6737060546875,739.9896240234375,2467.1142578125,1348.233642578125,1396.8270263671875,386.2613220214844,398.27239990234375,3693.425048828125,3361.202392578125,16124.0654296875,328.9907531738281,274.49884033203125,1371.2598876953125,841.7769165039062,1572.3387451171875,164.01748657226562,2783.547119140625,11828.5595703125
2025-09-29,2318.83154296875,1878.557861328125,934.8382568359375,749.8880004882812,2453.46142578125,1336.829833984375,1389.982177734375,388.3113098144531,397.6335144042969,3652.722412109375,3382.577880859375,15825.068359375,331.9603271484375,272.8941650390625,1366.48193359375,855.3325805664062,1574.915283203125,165.56556701660156,2780.66650390625,11800.1396484375
2025-09-30,2326.156494140625,1855.0537109375,935.5269165039062,757.9957275390625,2469.66796875,1336.730712890625,1389.982177734375,382.87640380859375,397.8531494140625,3623.60693359375,3391.38525390625,15869.62109375,331.4735107421875,272.5537414550781,1357.722412109375,857.0025024414062,1579.8701171875,165.3598175048828,2773.273193359375,11977.51953125
2025-10-01,2312.1005859375,1844.387939453125,949.5450439453125,761.9749755859375,2491.080322265625,1360.530029296875,1393.83837890625,386.7380676269531,411.94879150390625,3634.797607421875,3427.406982421875,15806.2568359375,331.2787780761719,272.9427795410156,1362.4007568359375,848.80029296875,1621.3907470703125,164.12527465820312,2798.04541015625,11853.0595703125
2025-10-03,2333.877197265625,1873.126220703125,949.4467163085938,776.3002319335938,2499.62548828125,1353.786865234375,1394.609619140625,385.4985046386719,419.3759765625,3696.990234375,3426.021728515625,15648.837890625,332.9826354980469,281.7442626953125,1357.125244140625,851.9436645507812,1616.43603515625,169.71011352539062,2786.2353515625,11778.580078125
2025-10-06,2330.90771484375,1879.4466552734375,957.6116333007812,772.669189453125,2496.580810546875,1352.001953125,1422.9530029296875,382.11358642578125,428.4602966308594,3700.8525390625,3435.917724609375,15838.9287109375,330.15911865234375,279.0211181640625,1368.671875,858.5741577148438,1639.7232666015625,166.62374877929688,2869.28759765625,11813.8603515625
2025-10-07,2328.927978515625,1905.0247802734375,966.514404296875,763.8153686523438,2472.418212890625,1364.3974609375,1406.0819091796875,381.2077941894531,424.6468811035156,3693.623046875,3456.50146484375,15947.8349609375,329.088134765625,281.0634460449219,1378.4267578125,849.3897094726562,1638.1378173828125,167.966064453125,2855.173583984375,11940.279296875
2025-10-08,2304.87451171875,1919.3446044921875,962.7762451171875,764.2133178710938,2455.62255859375,1358.8443603515625,1441.2701416015625,381.16009521484375,422.83001708984375,3693.72216796875,3390.890625,15852.7900390625,324.99884033203125,277.4650573730469,1361.1068115234375,843.0538940429688,1616.83251953125,168.46575927734375,2906.541259765625,11751.140625
2025-10-09,2312.6943359375,1917.86328125,961.2022094726562,770.0826416015625,2472.811279296875,1364.69482421875,1455.0562744140625,381.3031311035156,428.1807861328125,3732.740966796875,3407.1201171875,15826.05859375,326.9947814941406,278.2917175292969,1371.458984375,846.835693359375,1643.489013671875,172.85523986816406,2939.666015625,11948.119140625
2025-10-10,2316.455810546875,1915.789306640625,964.9404296875,769.9334716796875,2483.91015625,1368.7607421875,1460.4549560546875,384.0682373046875,429.27886962890625,3747.397705078125,3418.995361328125,16103.2744140625,330.7432861328125,281.2093505859375,1375.3409423828125,865.0573120117188,1655.7767333984375,170.3469696044922,2907.59716796875,12035.3388671875
2025-10-13,2318.732666015625,1930.6029052734375,961.1038818359375,766.2029418945312,2448.452392578125,1367.8681640625,1439.5347900390625,380.683349609375,429.6781921386719,3733.0380859375,3423.745361328125,16160.697265625,332.6905517578125,278.2917175292969,1368.671875,867.3165893554688,1653.2994384765625,169.5337371826172,2887.33837890625,11928.51953125
2025-10-14,2294.580322265625,1922.406005859375,961.25146484375,756.1553344726562,2457.783447265625,1372.52880859375,1436.353515625,378.3472900390625,429.6182861328125,3708.081787109375,3423.844482421875,16099.3134765625,327.7737121582031,279.60467529296875,1369.5677490234375,861.4227905273438,1639.426025390625,167.0646514892578,2842.307861328125,11828.5595703125
2025-10-15,2351.001953125,1944.0338134765625,962.3335571289062,760.2838134765625,2474.186279296875,1386.7093505859375,1421.41064453125,381.3031311035156,429.1790466308594,3791.665283203125,3460.855712890625,16050.80078125,330.30517578125,282.9599304199219,1367.97509765625,870.4107666015625,1640.11962890625,169.739501953125,2862.06396484375,12064.7392578125
2025-10-16,2385.250732421875,1942.947509765625,978.1715698242188,776.051513671875,2515.93017578125,1405.451416015625,1418.61474609375,386.3089599609375,440.3197937011719,3824.4453125,3523.794921875,16135.9462890625,332.4958190917969,283.8352355957031,1391.8646240234375,871.2457275390625,1643.9844970703125,170.48414611816406,2862.931396484375,12110.798828125
2025-10-17,2482.35546875,1986.9931640625,986.2381591796875,768.7894287109375,2557.37939453125,1424.5899658203125,1389.307373046875,392.98345947265625,440.3996887207031,3802.261962890625,3609.296875,16237.921875,332.0090026855469,281.7928771972656,1410.279541015625,873.4067993164062,1663.9024658203125,168.7401123046875,2854.739501953125,12122.55859375
2025-10-20,2490.471923828125,2026.0023193359375,986.6316528320312,782.2691040039062,2548.24462890625,1378.6771240234375,1408.395751953125,393.8415832519531,441.9969177246094,3835.23974609375,3561.697021484375,16260.693359375,332.9339599609375,280.2854309082031,1460.04931640625,891.431884765625,1673.3165283203125,168.47555541992188,2905.81689453125,12099.0390625
2025-10-21,2479.187744140625,2018.1016845703125,991.3043823242188,780.8764038085938,2545.593017578125,1370.4464111328125,1419.482421875,393.6509094238281,438.6427001953125,3850.58984375,3583.567138671875,16232.9716796875,332.9826354980469,280.6744689941406,1458.4566650390625,891.775634765625,1675.1993408203125,169.28878784179688,2897.62548828125,12095.119140625
2025-10-23,2477.010009765625,1982.9442138671875,992.386474609375,788.2877197265625,2555.31689453125,1352.2994384765625,1473.566162109375,396.60675048828125,444.35284423828125,3880.794921875,3585.9423828125,16230.0009765625,333.6155090332031,281.69561767578125,1441.7340087890625,895.41015625,1674.604736328125,170.6409149169922,2961.712890625,11902.0595703125
2025-10-24,2476.21826171875,2004.0782470703125,978.5650634765625,820.17138671875,2471.63232421875,1366.182373046875,1470.57763671875,397.4172058105469,436.6461486816406,3867.128173828125,3587.32763671875,16112.1845703125,330.64593505859375,280.5771789550781,1444.9193115234375,888.4849853515625,1683.622314453125,170.91525268554688,2952.07568359375,11679.6005859375
2025-10-27,2493.243896484375,2054.246826171875,986.6316528320312,836.4862670898438,2467.1142578125,1366.083251953125,1472.633056640625,401.0881652832031,428.9794006347656,3885.845703125,3574.067138671875,16225.05078125,332.7392272949219,283.0571594238281,1477.2696533203125,906.411865234375,1678.271240234375,173.09039306640625,2972.98828125,11774.66015625
2025-10-28,2483.840087890625,2064.22119140625,987.2218627929688,844.5442504882812,2452.676025390625,1351.7044677734375,1468.4241943359375,398.466064453125,431.4151916503906,3934.37158203125,3541.90478515625,16148.81640625,330.2077941894531,280.3340759277344,1480.056884765625,913.779052734375,1671.73095703125,178.13632202148438,2946.968017578125,11692.3408203125
2025-10-29,2512.94189453125,2074.4921875,991.451904296875,851.8063354492188,2443.8359375,1358.9434814453125,1478.408203125,401.9940185546875,429.3587341308594,3919.81396484375,3497.966064453125,15977.537109375,338.3376159667969,287.23907470703125,1497.277099609375,923.11083984375,1700.369384765625,181.44802856445312,2946.678955078125,11758.98046875
2025-10-30,2497.896240234375,2040.618408203125,981.9097900390625,856.8798828125,2425.6650390625,1351.0103759765625,1462.1597900390625,399.2765197753906,426.70330810546875,3948.929443359375,3465.705078125,16044.8603515625,336.049560546875,283.49481201171875,1481.6494140625,917.8064575195312,1687.9825439453125,180.62501525878906,2925.187744140625,11811.900390625
2025-10-31,2485.324951171875,2028.9649658203125,971.2362670898438,843.449951171875,2421.637939453125,1334.0533447265625,1450.9034423828125,400.8021240234375,419.71539306640625,3991.909423828125,3450.959716796875,16025.0595703125,328.0658264160156,280.23681640625,1479.5592041015625,920.4095458984375,1675.3974609375,179.1455078125,2947.064208984375,11708.0205078125
2025-11-03,2486.710693359375,2048.22265625,976.499267578125,842.8033447265625,2416.23583984375,1335.14404296875,1454.0355224609375,394.69976806640625,421.97149658203125,3941.9970703125,3512.018310546875,15495.37890625,326.3619384765625,280.0909423828125,1477.866943359375,932.8847045898438,1690.9554443359375,178.9789581298828,2907.35888671875,11710.9599609375
2025-11-04,2461.46923828125,2087.0341796875,969.2196655273438,827.0853271484375,2402.190185546875,1325.7235107421875,1436.808349609375,389.88458251953125,418.5973205566406,3886.439697265625,3543.98291015625,15221.1337890625,321.8832092285156,271.38671875,1466.3203125,940.644775390625,1674.703857421875,175.667236328125,2881.72412109375,11582.5810546875
2025-11-06,2576.490478515625,2068.86279296875,968.6294555664062,784.3084716796875,2392.662841796875,1309.3614501953125,1435.6336669921875,388.5497131347656,415.92193603515625,3844.053955078125,3580.895263671875,15298.357421875,318.037353515625,262.7797546386719,1489.2144775390625,943.739013671875,1670.6409912109375,173.6880645751953,2901.673095703125,11671.7607421875
2025-11-07,2587.27978515625,1976.327392578125,966.317626953125,786.298095703125,2389.693115234375,1331.7724609375,1445.5198974609375,385.2601318359375,416.940185546875,3844.945068359375,3651.85009765625,15325.08984375,320.19757080078125,264.53033447265625,1471.19775390625,938.92578125,1676.0911865234375,177.70521545410156,2883.26611328125,11611.98046875
2025-11-10,2623.508544921875,1994.6962890625,968.4818725585938,781.1251220703125,2384.54541015625,1336.730712890625,1481.4425048828125,386.69036865234375,417.81866455078125,3880.596923828125,3625.8232421875,15428.0556640625,319.559326171875,265.2225646972656,1482.44580078125,934.3090209960938,1682.433349609375,177.81298828125,2915.4541015625,11493.4013671875
2025-11-11,2630.239501953125,2016.9166259765625,975.564697265625,789.6307373046875,2403.05712890625,1346.944580078125,1497.88671875,387.929931640625,416.6606750488281,3916.74365234375,3710.13818359375,15489.4384765625,320.7375793457031,264.67864990234375,1486.5269775390625,936.4209594726562,1700.567626953125,177.3818817138672,2936.46337890625,11588.4609375
2025-11-12,2741.697265625,2048.025146484375,973.4005126953125,790.27734375,2400.08740234375,1347.53955078125,1518.8333740234375,388.07293701171875,416.1814880371094,3916.34765625,3715.283935546875,15539.931640625,321.2285461425781,264.134765625,1504.5435791015625,940.2028198242188,1716.4228515625,175.00099182128906,3018.18701171875,11682.5400390625
2025-11-13,2850.184814453125,2065.801513671875,970.596923828125,807.7362670898438,2383.357666015625,1374.3138427734375,1509.14306640625,386.8334045410156,414.32470703125,3963.7841796875,3661.053466796875,15592.404296875,321.0321960449219,266.854248046875,1503.9464111328125,937.1085815429688,1721.6749267578125,173.08058166503906,2993.033935546875,11695.2802734375
2025-11-14,2876.9111328125,2074.5908203125,973.4988403320312,799.4793701171875,2403.255126953125,1361.521728515625,1470.9691162109375,389.1694641113281,415.22314453125,3965.665771484375,3660.162841796875,15528.05078125,322.5050354003906,268.2881164550781,1511.9095458984375,950.7133178710938,1741.196533203125,170.73887634277344,2993.322998046875,11636.48046875
2025-11-17,2858.5986328125,2085.94775390625,980.3357543945312,802.961181640625,2400.582275390625,1367.4715576171875,1475.66748046875,388.1683044433594,419.8551330566406,3988.740478515625,3696.08544921875,15720.1220703125,324.2233581542969,270.5131530761719,1511.3123779296875,956.1159057617188,1747.93505859375,169.67091369628906,2989.660888671875,11542.4013671875
2025-11-18,2881.00439453125,2122.488037109375,976.302490234375,793.0130615234375,2379.793701171875,1361.9183349609375,1454.91650390625,386.9764404296875,417.8985290527344,3960.912353515625,3656.40234375,15771.60546875,322.5050354003906,271.15594482421875,1512.4072265625,955.2318725585938,1742.8812255859375,168.9654541015625,2975.10888671875,11472.8212890625
2025-11-19,2868.81005859375,2132.956298828125,978.41748046875,786.8452758789062,2417.015380859375,1371.5372314453125,1508.4578857421875,384.78338623046875,420.4541015625,3980.718994140625,3683.814453125,15611.2158203125,320.6885070800781,272.09539794921875,1511.9095458984375,965.3494873046875,1767.9521484375,169.71011352539062,3033.51025390625,11432.6416015625
2025-11-20,2835.201904296875,2131.474853515625,992.4356689453125,795.6492919921875,2403.947998046875,1371.4381103515625,1503.955322265625,386.59503173828125,419.0165710449219,3998.3466796875,3678.07470703125,15643.8876953125,320.6885070800781,274.1226501464844,1541.9705810546875,964.1707153320312,1761.3128662109375,168.9752655029297,3030.7158203125,11517.9013671875
2025-11-21,2851.857421875,2135.820068359375,981.8114013671875,773.6640014648438,2409.19482421875,1358.0509033203125,1512.2752685546875,388.8834228515625,416.84033203125,3985.967529296875,3710.6328125,15818.1376953125,320.7375793457031,274.5181884765625,1539.4820556640625,955.3792114257812,1763.5919189453125,164.60537719726562,3036.304931640625,11494.380859375
2025-11-24,2854.434814453125,2125.35205078125,982.8934936523438,770.6298828125,2399.790283203125,1356.960205078125,1515.2117919921875,384.78338623046875,416.7405090332031,3974.47998046875,3652.44384765625,15799.326171875,317.5955505371094,272.7381591796875,1528.831298828125,953.4146118164062,1764.68212890625,162.0187225341797,3027.24609375,11352.28125
2025-11-25,2851.064208984375,2134.73388671875,973.6956176757812,785.2535400390625,2389.792236328125,1346.4488525390625,1498.1802978515625,382.1612854003906,413.26654052734375,3958.040283203125,3631.167236328125,15731.0126953125,317.84100341796875,270.4142761230469,1532.61376953125,966.1844482421875,1760.71826171875,162.9691162109375,3006.044189453125,11348.361328125
2025-11-26,2849.27978515625,2100.366455078125,987.5662231445312,796.6441040039062,2400.7802734375,1363.5050048828125,1524.902099609375,383.5915222167969,420.03485107421875,4022.708740234375,3648.089599609375,15995.357421875,320.19757080078125,271.9964904785156,1562.6748046875,966.4791870117188,1788.56396484375,166.2416229248047,3048.15869140625,11523.78125
2025-11-27,2854.3359375,2089.3056640625,993.0750732421875,803.3590698242188,2427.013427734375,1380.5611572265625,1533.2220458984375,385.4985046386719,421.3126220703125,4041.822021484375,3642.943603515625,15744.873046875,321.4249267578125,270.6614990234375,1556.2047119140625,955.624755859375,1793.9150390625,164.73275756835938,3022.81298828125,11384.62109375
2025-11-28,2849.676025390625,2075.479736328125,991.2059936523438,804.2047119140625,2441.763671875,1377.189697265625,1527.055419921875,385.4508361816406,424.1477355957031,4030.2353515625,3718.252685546875,15741.9033203125,320.5412292480469,266.953125,1560.285888671875,961.6658935546875,1815.022216796875,164.56619262695312,3023.68017578125,11367.9619140625
2025-12-01,2842.934814453125,2063.7275390625,985.7954711914062,806.5922241210938,2439.6845703125,1378.478759765625,1530.872802734375,385.4508361816406,428.77972412109375,4033.80029296875,3702.716064453125,15936.9443359375,321.179443359375,266.65643310546875,1558.892333984375,955.870361328125,1791.041259765625,165.22265625,3019.728759765625,11428.7216796875
2025-12-02,2928.988037109375,2077.849853515625,973.6956176757812,802.6627197265625,2452.850830078125,1361.521728515625,1527.9364013671875,382.3043212890625,427.7415466308594,3991.513427734375,3677.876708984375,16077.5322265625,322.6523132324219,264.48089599609375,1539.1834716796875,950.1730346679688,1783.2127685546875,164.3898162841797,3021.945556640625,11432.6416015625
2025-12-03,2928.095947265625,2060.073486328125,984.2214965820312,812.0636596679688,2423.350830078125,1379.8670654296875,1545.261474609375,381.8752136230469,428.4802551269531,3949.424560546875,3611.473876953125,15922.09375,317.1045837402344,265.46978759765625,1531.718017578125,934.2107543945312,1790.3475341796875,163.5471954345703,3064.638427734375,11359.1416015625
2025-12-04,2931.763916015625,2077.65234375,980.9752197265625,806.5922241210938,2437.40771484375,1375.1070556640625,1563.7611083984375,384.3066101074219,426.34393310546875,3945.067138671875,3633.443359375,15834.96875,317.1045837402344,266.1125793457031,1528.53271484375,931.31298828125,1801.8427734375,163.40023803710938,3112.053466796875,11375.8017578125
2025-12-05,2942.966796875,2082.590087890625,986.9759521484375,818.9776000976562,2315.052490234375,1380.858642578125,1581.9671630859375,386.1182861328125,430.23724365234375,3999.138916015625,3678.470703125,16120.10546875,317.4482116699219,266.8047790527344,1533.5096435546875,954.2987060546875,1788.9603271484375,163.7333526611328,3120.72705078125,11365.021484375
2025-12-08,2903.112548828125,2060.27099609375,986.7791748046875,815.1973266601562,2290.699951171875,1377.98291015625,1576.681640625,383.5915222167969,425.58526611328125,3958.040283203125,3643.4384765625,16026.0498046875,313.7170104980469,262.255859375,1535.898681640625,939.466064453125,1779.942626953125,160.1669158935547,3119.0888671875,11309.162109375
2025-12-09,2771.95068359375,2063.7275390625,980.8768310546875,808.6813354492188,2283.275634765625,1363.7032470703125,1565.1314697265625,382.3996276855469,424.8066101074219,3958.832763671875,3598.1142578125,15860.7099609375,314.0606689453125,261.6130676269531,1522.3612060546875,942.3638305664062,1759.9254150390625,157.42349243164062,3091.911865234375,11185.681640625
2025-12-10,2780.37744140625,2041.3095703125,973.6956176757812,817.4854125976562,2278.52392578125,1352.2001953125,1551.2322998046875,384.4019775390625,425.16595458984375,3952.692626953125,3592.275634765625,15859.7197265625,315.77899169921875,262.5525207519531,1529.8267822265625,942.7567749023438,1769.3394775390625,158.95196533203125,3073.5048828125,11090.6220703125
2025-12-11,2755.4931640625,2027.68115234375,984.0247802734375,820.0718994140625,2282.384765625,1348.63037109375,1564.1527099609375,384.16363525390625,435.28851318359375,3965.170654296875,3627.10986328125,16086.443359375,316.7608947753906,261.86029052734375,1537.889404296875,946.1947631835938,1790.843017578125,163.0181121826172,3076.106689453125,11242.521484375
2025-12-12,2741.01904296875,2057.505615234375,985.2052612304688,847.6778564453125,2237.837890625,1354.5802001953125,1564.348388671875,381.49383544921875,434.5697326660156,4034.69189453125,3641.3603515625,16357.71875,319.1665344238281,260.6736145019531,1549.3365478515625,946.0965576171875,1777.26708984375,168.41677856445312,3103.669189453125,11488.5009765625
2025-12-15,2756.286376953125,2043.97607421875,979.89306640625,843.449951171875,2270.406494140625,1353.786865234375,1572.766357421875,383.5915222167969,435.50811767578125,4052.7158203125,3570.50439453125,16251.7822265625,318.0864562988281,259.2891845703125,1549.037841796875,950.1239624023438,1780.83447265625,169.37696838378906,3113.017333984375,11493.4013671875
2025-12-16,2766.894287109375,2075.87451171875,978.1223754882812,832.8054809570312,2258.13134765625,1354.5802001953125,1559.1607666015625,383.0194091796875,435.7277526855469,4024.491455078125,3583.369140625,16191.388671875,315.18988037109375,257.459716796875,1535.201904296875,944.1319580078125,1765.1776123046875,166.39840698242188,3088.828125,11297.4013671875
2025-12-17,2761.739013671875,2081.800048828125,967.989990234375,844.39501953125,2252.686767578125,1341.0938720703125,1568.0679931640625,381.2077941894531,433.89093017578125,4023.104736328125,3575.25439453125,16234.951171875,315.4353332519531,258.2013854980469,1537.292236328125,958.5716552734375,1776.672607421875,166.89808654785156,3101.0673828125,11309.162109375
2025-12-18,2735.962646484375,2065.9990234375,963.7599487304688,852.2540283203125,2242.6884765625,1345.4571533203125,1592.3427734375,381.7798767089844,432.17388916015625,3992.107666015625,3549.326904296875,16166.6376953125,312.735107421875,255.0863494873047,1537.292236328125,960.2415771484375,1730.097900390625,164.7229461669922,3161.781982421875,11231.7421875
2025-12-19,2775.81689453125,2071.6279296875,969.465576171875,847.5784301757812,2257.04248046875,1342.7796630859375,1603.9906005859375,382.3996276855469,431.1556396484375,4034.097412109375,3566.150146484375,16250.79296875,314.1097717285156,260.5252990722656,1557.8968505859375,962.94287109375,1729.10693359375,165.28143310546875,3162.938232421875,11266.0419921875
2025-12-22,2783.450927734375,2120.907958984375,971.6298217773438,860.0632934570312,2266.44677734375,1357.059326171875,1653.8125,383.9729309082031,429.1990051269531,4033.008056640625,3579.11376953125,16483.455078125,314.89532470703125,262.0580749511719,1568.1495361328125,957.0491333007812,1753.7816162109375,165.80072021484375,3204.281982421875,11301.3212890625
2025-12-23,2783.649169921875,2096.5146484375,980.3849487304688,859.3668823242188,2279.414794921875,1351.605224609375,1632.9637451171875,388.40667724609375,431.7945251464844,4019.539794921875,3587.4267578125,16420.091796875,317.3991394042969,264.0358581542969,1563.4710693359375,954.691650390625,1740.0074462890625,167.44677734375,3189.92236328125,11444.4013671875
2025-12-24,2761.540771484375,2097.304931640625,980.9752197265625,859.9638061523438,2259.22021484375,1348.43212890625,1628.16748046875,387.6915588378906,431.9941711425781,4014.39013671875,3598.906005859375,16536.91796875,316.7117919921875,265.0741882324219,1551.0286865234375,951.7938842773438,1721.278564453125,166.63356018066406,3198.595947265625,11528.6806640625
2025-12-26,2722.87646484375,2079.232177734375,975.9581909179688,868.3699951171875,2262.387939453125,1339.110595703125,1621.0220947265625,385.35546875,432.0940246582031,4008.15087890625,3585.447509765625,16430.982421875,318.2337646484375,262.5030822753906,1552.0240478515625,949.1907348632812,1703.936767578125,165.70274353027344,3161.010986328125,11558.0810546875
2025-12-29,2751.527587890625,2055.728271484375,975.564697265625,860.5109252929688,2270.20849609375,1332.070068359375,1609.863525390625,383.8775634765625,430.9759521484375,3999.634033203125,3554.769775390625,16377.51953125,319.6084289550781,257.7069396972656,1538.4866943359375,947.962890625,1701.65771484375,168.81849670410156,3133.54443359375,11562.98046875
2025-12-30,2734.574951171875,2073.701904296875,974.7777709960938,879.5615844726562,2267.1396484375,1331.276611328125,1587.2528076171875,381.9705810546875,429.7979736328125,4012.805419921875,3622.260986328125,16481.4765625,319.019287109375,257.459716796875,1532.71337890625,956.2141723632812,1704.6304931640625,172.24777221679688,3129.01513671875,11470.861328125
2025-12-31,2745.678466796875,2079.429931640625,975.0728759765625,882.0983276367188,2292.580810546875,1331.67333984375,1581.1842041015625,384.25897216796875,439.4613037109375,4044.000732421875,3670.652587890625,16530.978515625,323.5850830078125,261.66253662109375,1563.172607421875,964.8092651367188,1704.135009765625,176.4412841796875,3089.887939453125,11548.28125
