Date,Baseline Minimum Variance,Baseline Maximum Sharpe,Baseline Equal Weight,Quarterly Minimum Variance,Quarterly Maximum Sharpe,Quarterly Equal Weight,Risk Parity
2023-01-02,1.001233632253713,1.0095290415633233,1.0076379264774398,1.000742110159378,1.0121660064867044,1.0076379264774398,1.0059330095758305
2023-01-03,1.0036549057591262,1.0069403132727754,1.0065369815547889,1.0032728833590063,1.0121081518488733,1.0065369815547889,1.0055918098515098
2023-01-04,0.9949611572926123,0.993765124980514,0.9963411220362927,0.9958744424405063,0.9982236229017606,0.9963411220362927,0.9960752985947917
2023-01-05,0.9989155382130301,0.9920860970028327,0.9986812309772343,1.0014535372882254,0.9996924967896816,0.9986812309772343,0.9986344817691277
2023-01-06,0.9903791902632376,0.9890044084097651,0.9920645590108715,0.9928214776374352,0.9929010259827372,0.9920645590108715,0.9915654920491485
2023-01-09,1.0042428531109686,1.0086813695958847,1.0063059578521032,1.0070194236779397,1.0094766403521347,1.0063059578521032,1.0060138402685774
2023-01-10,0.9979904291035848,1.0016992120535213,0.9985640118555589,1.0021604293956494,1.0093592425891336,0.9985640118555589,0.9982299660177629
2023-01-11,0.9966152927635588,0.9916328717395763,0.9993943109292773,0.9998583598873347,1.0129298972850282,0.9993943109292773,0.9981047519783627
2023-01-12,0.9969036580839782,0.9873233078605719,0.9988019817796538,0.9997563647749231,1.0157938266405537,0.9988019817796538,0.9978166935891263
2023-01-13,1.0023932793301762,0.9934845098224585,1.0054361758788746,1.005150660409857,1.0234532237338856,1.0054361758788746,1.0041829173601657
2023-01-16,1.0028180630191341,0.9908187459504241,1.003328023036709,1.0058412590332069,1.0268523450459908,1.003328023036709,1.0028892951353459
2023-01-17,1.015461003066722,1.0021534517013904,1.0124699365506764,1.0182293868687036,1.0305201966704989,1.0124699365506764,1.012966390627653
2023-01-18,1.022888016620987,1.0075862203864743,1.0200271684664373,1.0249716150518744,1.0383908425294233,1.0200271684664373,1.0198944599661555
2023-01-19,1.0171889046478513,1.0054393688450172,1.0155033543002512,1.0186336002291188,1.0374344912408715,1.0155033543002512,1.0149854392087605
2023-01-20,1.0096464372919467,0.9976222528815206,1.0093063110507003,1.009600170874683,1.0308367028170649,1.0093063110507003,1.0084507368326114
2023-01-23,1.0204668530158196,1.0037376798904227,1.0127808145290527,1.020421581086593,1.0404828119162486,1.0127808145290527,1.013108794913786
2023-01-24,1.0213926669482132,1.0007669279415758,1.0106983554964741,1.0199476856017755,1.0344579350578091,1.0106983554964741,1.0117004031024517
2023-01-25,1.016997930436536,0.9956017088548877,1.0035034940352765,1.0175154848686816,1.0303151871081297,1.0035034940352765,1.0051984023298104
2023-01-27,1.0130799591529485,0.9882351657111026,0.9932757677650305,1.0155337201796613,1.0265248704846937,0.9932757677650305,0.9966345423674513
2023-01-30,1.0094889363041821,0.9841964908080416,0.9938680954132166,1.0111965147728792,1.0271340845558212,0.9938680954132166,0.9970946330212387
2023-01-31,1.0092674701201945,0.9914660218566083,0.9996314932920842,1.0110640905579764,1.031037463881619,0.9996314932920842,1.001848428171667
2023-02-01,1.014982299906016,0.9893953858378614,1.0007031634468828,1.0149408715757595,1.0293930996013463,1.0007031634468828,1.0037032138216868
2023-02-02,1.021579255119484,0.9901662410648302,1.0035489071782557,1.0212501593250798,1.0262732217816328,1.0035489071782557,1.007588321042829
2023-02-03,1.0355429925150579,1.0009396092511749,1.0154331565378556,1.0339273026855524,1.0414978180911538,1.0154331565378556,1.0198280672511078
2023-02-06,1.033752724581323,0.9958086074180701,1.0084828609284813,1.0333171714368987,1.0316858672624805,1.0084828609284813,1.0139894663938336
2023-02-07,1.026974727412087,0.98932262868231,1.0000786585017447,1.025760530996931,1.0168002053663578,1.0000786585017447,1.0066704762662202
2023-02-08,1.0302721483373103,0.9940123887290117,1.00513263669534,1.029012449533282,1.0256236265267433,1.00513263669534,1.011563463872606
2023-02-09,1.0326105484149801,0.9955284831551343,1.0074042745742136,1.0310885655224902,1.0294878933599503,1.0074042745742136,1.0139132697556426
2023-02-10,1.0317098619065108,0.99362034322772,1.0042728996904893,1.0300431460655954,1.0243188865411175,1.0042728996904893,1.0115185953145562
2023-02-13,1.0315612252702018,0.9894365523096728,1.0017459950522731,1.0312593487535304,1.019790469324343,1.0017459950522731,1.0094787389114765
2023-02-14,1.035982429679154,0.9979130937583909,1.0068480596742948,1.033863075385179,1.0224508023777947,1.0068480596742946,1.0142647388773258
2023-02-15,1.0348610787573111,1.0061115102592086,1.0100031157827285,1.0322904415969287,1.0235268934017754,1.0100031157827283,1.0168519610267457
2023-02-16,1.0359040607520746,1.0051711973527921,1.0111190938176844,1.0338229819295437,1.0259887283662439,1.0111190938176842,1.0179968923418379
2023-02-17,1.0306457372812654,1.000352722206497,1.0075361254569786,1.028901651562849,1.0181142518718609,1.0075361254569783,1.014262623593192
2023-02-20,1.029973671719299,1.0004729200878624,1.0062404299442333,1.0288379701488288,1.0210949041048827,1.0062404299442331,1.013143592408744
2023-02-21,1.0292624999732287,1.0032677242400034,1.0062548404403997,1.0281920955339883,1.0183228462915703,1.0062548404403995,1.0131024904876587
2023-02-22,1.0192014272743632,0.9888779469032289,0.9937508751353223,1.0189980861648107,1.0061419360915986,0.9937508751353221,1.000943038044265
2023-02-23,1.0155386160173587,0.982928120901369,0.9916879383104783,1.0155321418014638,1.0028423848981076,0.9916879383104781,0.9981497932038442
2023-02-24,1.0145417093859606,0.9809080814331145,0.9863935258441032,1.0154993100254073,0.997046615095937,0.986393525844103,0.9944244201997369
2023-02-27,1.0112353300324413,0.9757248045569655,0.9828759229670627,1.0128738230674632,0.9843266868011796,0.9828759229670625,0.9908495339456757
2023-02-28,1.0102116349458963,0.9706750355536673,0.9786102157839123,1.0122622194250426,0.9811398799355168,0.978610215783912,0.987391265504142
2023-03-01,1.0145091875117915,0.9742408645923338,0.9867502034303552,1.0168198535878692,0.9841403198638009,0.986750203430355,0.9945077291539033
2023-03-02,1.0081129001328557,0.9664099415902446,0.9795475038308302,1.0115085590524386,0.9789973695136674,0.97954750383083,0.9872564689567529
2023-03-03,1.0189114004303848,0.9825443590526898,0.9935502873821864,1.021258632217645,0.9869522355272597,0.9935502873821862,1.0002558930983945
2023-03-06,1.0290988011565625,0.9921147656278186,0.9984630457421494,1.0314339189743804,0.9929483503083889,0.9984630457421492,1.006706146041108
2023-03-08,1.0312335818699905,0.9945854197783754,1.0014526912982866,1.0340259251288388,0.9927517016742541,1.0014526912982864,1.0096078383109655
2023-03-09,1.023862860179085,0.9837103948697655,0.9943722543408859,1.026272590248653,0.9857121767657894,0.9943722543408857,1.0020803860122018
2023-03-10,1.0209376417865206,0.9784241702102461,0.9882096512520323,1.0256603172569811,0.9821364295416519,0.9882096512520321,0.996801176539871
2023-03-13,1.0112987520014267,0.9654754666072624,0.9747098915166186,1.0172517156005887,0.9687028649255306,0.9747098915166184,0.9838607002236447
2023-03-14,1.0037737604605494,0.9606246223970477,0.9689549070248641,1.0095871999644062,0.9609357612240294,0.9689549070248639,0.9775259055007501
2023-03-15,1.0014902426620569,0.9561952993362538,0.9690973149551595,1.0084199591730552,0.9664825202089962,0.9690973149551593,0.9772777402300151
2023-03-16,1.0106889149754594,0.9558635249320447,0.9685715448197605,1.0193025096277744,0.9677076984670414,0.9685715448197603,0.9790279180386432
2023-03-17,1.0070190433833996,0.9575670804314194,0.9728719097570357,1.012973917823233,0.9692382977637337,0.9728719097570355,0.9814050890905377
2023-03-20,1.0078628752551677,0.9519265501964461,0.9670805619599343,1.0147488489550807,0.9619517738178577,0.9670805619599341,0.9770591898836748
2023-03-21,1.0002904243134219,0.9528147576698237,0.9689390963344863,1.0055286071574028,0.955281256958262,0.968939096334486,0.9770961183517135
2023-03-22,1.0035726145993342,0.9550137849964213,0.9715602428375187,1.0097000102844687,0.9601204410622322,0.9715602428375185,0.9796471008054127
2023-03-23,1.001916943086749,0.9516012462449331,0.9696627286198185,1.0089922113138154,0.9572668828551916,0.9696627286198183,0.977529480188277
2023-03-24,1.00001520552977,0.9447989023405774,0.9624694163479001,1.0066063974795565,0.9513488365643092,0.9624694163478998,0.9716994614584092
2023-03-27,1.0019793118296203,0.946581576907653,0.9645492963743598,1.008088652532728,0.9527405068972719,0.9645492963743596,0.9737506287233098
2023-03-28,1.001026466793564,0.9439446459249433,0.9626736529418098,1.0069507440613954,0.9508174498145808,0.9626736529418096,0.9717292049345133
2023-03-29,1.0079632504788956,0.9459675241966216,0.9700287979877401,1.0140941150728124,0.9571789848653292,0.9700287979877399,0.9788726173242146
2023-03-31,1.0180447202310725,0.9648755244382836,0.9818146940109211,1.0225896909855787,0.966897826835314,0.9818146940109209,0.9905753605002059
2023-04-03,1.0154341236445796,0.9665392181005269,0.9839279261928807,1.0200202431733996,0.963749322978507,0.9839279261928805,0.991978500870489
2023-04-05,1.0292563034602884,0.9691879716215807,0.9911228553186497,1.032991790090432,0.9728545804865523,0.9911228553186495,1.0001530927672004
2023-04-06,1.029478601098533,0.9718926607279796,0.9934784022314028,1.0333255904554566,0.9786499380729705,0.9934784022314026,1.0021340809584456
2023-04-10,1.0310924173660567,0.9752192357442535,0.9964530207145229,1.0354005609374997,0.9850644693069714,0.9964530207145227,1.0049837479935735
2023-04-11,1.0333278422148282,0.9804922450640334,1.004308469608257,1.0383952111541888,0.9946112485487186,1.0043084696082567,1.0114957676583767
2023-04-12,1.0334564375197954,0.9794212272359581,1.0043925250791454,1.0369472675800067,0.9957648199138631,1.0043925250791452,1.011532996575518
2023-04-13,1.032190870376619,0.9801767528795359,1.0040610627509452,1.0359463300191334,0.9919969689446883,1.004061062750945,1.0104432814368958
2023-04-17,1.0283765879569355,0.9753424768273599,1.0014195556976713,1.035123533276777,0.987228522210761,1.001419555697671,1.0063219489961877
2023-04-18,1.0237653012993717,0.9674917279623573,0.9988240671501616,1.0300189035593819,0.9852267592882726,0.9988240671501614,1.003152648378215
2023-04-19,1.0177315619971625,0.9672852890537921,0.994710546610289,1.024298125725897,0.9842235339528442,0.9947105466102888,0.9982926547473393
2023-04-20,1.018525369611369,0.9678946888354307,0.9962520733509296,1.0251514919578042,0.9836364239131525,0.9962520733509294,0.9997475249978878
2023-04-21,1.0254430869189906,0.96609303795177,0.9945788932193421,1.031882705361753,0.9841782391427667,0.9945788932193419,0.999973759939181
2023-04-24,1.0269329340415974,0.9656769687020709,0.9983492306136482,1.0330321489236627,0.9825627681217418,0.998349230613648,1.0029352823391577
2023-04-25,1.0262910976136295,0.9707100962441739,1.0009157599887424,1.0343250067279925,0.9844299246014573,1.0009157599887422,1.004927819376949
2023-04-26,1.0325378190937438,0.9751940504232426,1.0034489584195807,1.0404468755961824,0.9870287735177975,1.0034489584195805,1.0081730758069474
2023-04-27,1.031969424437403,0.9793098185807677,1.008675357050175,1.0402128669493145,0.9948700316143907,1.0086753570501747,1.0125197469256353
2023-04-28,1.0389332348577334,0.9880476743917506,1.0181480930700053,1.0487875017474828,1.0046737683981855,1.018148093070005,1.0216302688327552
2023-05-02,1.0397111086518147,0.994899021657118,1.0227465365973032,1.049521596413814,1.009710072953675,1.022746536597303,1.025554358644311
2023-05-03,1.0404868636832865,0.9906682412775162,1.0209727884604771,1.0496845912819932,1.0064190411755376,1.020972788460477,1.024240123936905
2023-05-04,1.0487528220364188,0.9966488653554431,1.027565014041551,1.0565989817592847,1.0088553812603922,1.0275650140415509,1.030832456133638
2023-05-05,1.04297400956353,0.9936871225305943,1.0228286270819285,1.0561810525710924,1.0028319363363418,1.0228286270819282,1.0267992181827972
2023-05-08,1.05028823438004,1.0047908708385902,1.0327361717669226,1.063181017194723,1.008999654133193,1.0327361717669223,1.0360907806149176
2023-05-09,1.048897101539693,1.0061840210407966,1.0312126028580646,1.0612659405906146,1.0066505519161093,1.0312126028580644,1.0348867089097487
2023-05-10,1.0529617439294197,1.0116532563306297,1.033081811052659,1.0654978138794962,1.0070869535784412,1.0330818110526587,1.0373081518250988
2023-05-11,1.0603607605753396,1.0117810419016053,1.032401634017558,1.0713236274688236,1.002172470011844,1.0324016340175577,1.0383878265524453
2023-05-12,1.057364708731493,1.00893456243827,1.0278370957921452,1.0671402818373268,0.9987727688857512,1.027837095792145,1.0341304353029566
2023-05-15,1.063491627848881,1.0148982819777788,1.0337403827325213,1.073708990025446,1.0069034636157241,1.0337403827325211,1.039965948160353
2023-05-16,1.0601810803523661,1.0057643679392008,1.0287546007204538,1.0694481416102386,0.9974931377098389,1.0287546007204535,1.0350697461055052
2023-05-17,1.0534764484904071,1.0014104491648248,1.0228404228828794,1.0634459454555074,0.9941738908568084,1.0228404228828791,1.0289485573868202
2023-05-18,1.0473831977003893,0.9970375785792202,1.017447172420638,1.0560999522109689,0.983241683715625,1.0174471724206378,1.0234852332358335
2023-05-19,1.0482951287273206,1.0010706212344622,1.020220328373277,1.0566779144244736,0.9852445812448142,1.0202203283732767,1.0261601365098063
2023-05-22,1.0550810100953525,1.004691880456769,1.0253376428437468,1.0639927450647968,0.9939174658105047,1.0253376428437466,1.0319249668538972
2023-05-23,1.0555850507062445,1.0053412105099686,1.0261298415283067,1.0646132900461154,0.9962576431925755,1.0261298415283064,1.0325089923616966
2023-05-24,1.0572440965021406,1.0055802979896662,1.0258601826415705,1.0673945758231644,1.0033982557971048,1.0258601826415703,1.032884128170744
2023-05-25,1.0598262258774669,1.0120162426370398,1.0282060373929467,1.0712350745947947,1.0066677777283914,1.0282060373929465,1.035605127785251
2023-05-26,1.0689807491954528,1.021227844470615,1.0384200583367786,1.0811613245743483,1.0176502031598593,1.0384200583367784,1.0454847992715144
2023-05-29,1.0706523558117238,1.025281398803944,1.045102901918399,1.0826038334292079,1.030389877348421,1.0451029019183988,1.0508881431753194
2023-05-30,1.0739816647641331,1.025669998651996,1.0458336042384266,1.0862335418572735,1.0314802892024901,1.0458336042384264,1.0525441974873935
2023-05-31,1.0735243270242805,1.0254936383769542,1.0441003669032096,1.0865751825141299,1.0282251722223543,1.0441003669032094,1.0513634849418736
2023-06-01,1.075619305518684,1.0208594890426201,1.0414530489059945,1.0883068756548304,1.0282278071465856,1.0414530489059943,1.049348845615664
2023-06-02,1.07974297508233,1.027017692600923,1.0493162266662244,1.0929840105736879,1.0409275677825136,1.0493162266662241,1.0559946597630232
2023-06-05,1.0769046654547993,1.0341435340665588,1.0530868539070353,1.0908837088277024,1.0538200205379473,1.053086853907035,1.0586616804111406
2023-06-06,1.0740010476992348,1.0324227205808665,1.054666643448745,1.0892060145155456,1.055982822937842,1.0546666434487448,1.059668101130479
2023-06-07,1.0832690165545151,1.0428950407992197,1.062376408534664,1.09895604971621,1.0628171521421268,1.0623764085346639,1.0674580109100136
2023-06-08,1.077579032304432,1.0392425406764505,1.0571240638498336,1.093531709780212,1.052503083688981,1.0571240638498334,1.0622267725974661
2023-06-09,1.072798983800781,1.0350422573640994,1.0522559177081743,1.0888904006989972,1.0448922641943927,1.052255917708174,1.0575585372638983
2023-06-12,1.0747347370799127,1.036564459719602,1.0546437201550256,1.0905229495075752,1.0475691198502448,1.0546437201550254,1.0602119774587013
2023-06-13,1.081902661197753,1.0427024623271515,1.06009356394631,1.0988731233750517,1.055039358899271,1.0600935639463098,1.0658248691253314
2023-06-14,1.085952954159493,1.0495234049785194,1.0646790959972452,1.1036243754480484,1.060204954927381,1.064679095997245,1.0702369276175707
2023-06-15,1.0842766783035644,1.0498457940648882,1.0620371460797102,1.1035214919039693,1.0636008386805473,1.06203714607971,1.0679225077909436
2023-06-16,1.0892026809054913,1.0566212355991036,1.0682636463196806,1.1083525055893493,1.0700048937995412,1.0682636463196804,1.0737797964781368
2023-06-19,1.0880440781281078,1.048768946521356,1.0638873870146506,1.1063538964604487,1.0710691272985309,1.0638873870146504,1.0697935742339624
2023-06-20,1.0921350446496696,1.0547112157245442,1.0668036056308041,1.1105171689336366,1.0707286108885998,1.066803605630804,1.0731143780764658
2023-06-21,1.0999963858733832,1.0622904771388888,1.0679031873038933,1.11731650102078,1.0662561155349612,1.067903187303893,1.0755903191724001
2023-06-22,1.0924132115211909,1.0544112164198818,1.0630567401860698,1.1091095447333488,1.0658804839805707,1.0630567401860695,1.0697418720333693
2023-06-23,1.0899184138733606,1.0493259607850394,1.0574319748588417,1.1061836313885796,1.0582133438201096,1.0574319748588414,1.064963790451227
2023-06-26,1.0881448150082498,1.049260861043942,1.059483673388602,1.1044927183221935,1.0637648715946997,1.0594836733886017,1.066109727588791
2023-06-27,1.0934621618645568,1.0546865940018948,1.0661084382733115,1.1089303028684416,1.0684060637906103,1.0661084382733113,1.0723201526328578
2023-06-28,1.1023298604694949,1.0618862438157752,1.0741071872006027,1.118120943581434,1.076916743099933,1.0741071872006025,1.0805818668373512
2023-06-30,1.1186293990709584,1.0797013732113012,1.0881329417356962,1.1338076622979423,1.1004220949530923,1.088132941735696,1.0955512137586256
2023-07-03,1.1195032057683194,1.0840385616830723,1.0932779592242128,1.1365997632187943,1.1079753037034439,1.0932779592242126,1.0995652672423386
2023-07-04,1.1239674842739202,1.0781240981454205,1.095061654114405,1.1394490983054217,1.1102285793153588,1.0950616541144047,1.1019210293573067
2023-07-05,1.129074670977165,1.0853638825014669,1.0996417449375622,1.1475934159550643,1.1203866520101498,1.099641744937562,1.1070096261091207
2023-07-06,1.1360317406403442,1.103705335247157,1.1078699279345354,1.1542133483335004,1.130104029690381,1.1078699279345352,1.1153226082122762
2023-07-07,1.1216616299293243,1.0945873588510515,1.0978678928014072,1.1405680703734005,1.11842037174228,1.097867892801407,1.1044352081966524
2023-07-10,1.1132915178714253,1.1014884805220975,1.0993630655023567,1.1352186349792073,1.119607009716728,1.0993630655023565,1.1039577049920692
2023-07-11,1.1238257342046496,1.1135107030564269,1.106742955928651,1.14700972666025,1.1315706994816948,1.1067429559286506,1.1125394061205678
2023-07-12,1.1199938779594913,1.1100934639860842,1.1035276839337693,1.1435547226048834,1.1299891930918706,1.1035276839337689,1.1091019876925574
2023-07-13,1.1177861785719987,1.1006719316297533,1.1024521732220496,1.1394748647477522,1.1255356981244713,1.1024521732220491,1.1074463751522001
2023-07-14,1.1295791931742851,1.1050344519424335,1.1105114774381626,1.1490485711953333,1.130669183436733,1.1105114774381621,1.116229396159594
2023-07-17,1.1325566330654684,1.1094800664135325,1.116251166683503,1.1526699064592787,1.135302483846661,1.1162511666835027,1.1211645449107015
2023-07-18,1.1351897849889119,1.115418738347078,1.117240722324812,1.1548680231992943,1.1348448629242431,1.1172407223248115,1.1232234027778591
2023-07-19,1.1393691719781593,1.11819672230867,1.1226188653656808,1.1591373791889923,1.1437452982197398,1.1226188653656803,1.128752144336085
2023-07-20,1.148416383636036,1.1219312426114945,1.1303767661481197,1.1694516115504527,1.1559008840491005,1.1303767661481192,1.1363447427529227
2023-07-21,1.1313925328704562,1.0989304593113267,1.1208159320629814,1.1516480332794519,1.1550209372522604,1.120815932062981,1.1245169318542891
2023-07-24,1.129367888694206,1.0980416973823937,1.11812444422263,1.1464716519059752,1.1475085612875768,1.1181244442226295,1.1219325185025348
2023-07-25,1.126614244342707,1.1016932542685787,1.1207374787435782,1.1433531714508796,1.1421197772157166,1.1207374787435778,1.1229135116120519
2023-07-26,1.1313947263740662,1.1071034108297801,1.1267220165248313,1.149865656777004,1.1524528686655837,1.1267220165248308,1.1289734235199187
2023-07-27,1.129761689904062,1.0984112168179778,1.1221991052849987,1.147755038990891,1.1433889932925358,1.1221991052849982,1.124918568471962
2023-07-28,1.1346228207665914,1.1079288771326499,1.1269185291516641,1.1533723951791923,1.1524342102542189,1.1269185291516637,1.1300482520499342
2023-07-31,1.1429336090013085,1.1181947019469614,1.136582167863909,1.1604057854830316,1.1604093523145182,1.1365821678639085,1.1394855903938745
2023-08-01,1.1378774992062484,1.1048786401334647,1.1335673002937126,1.154248053976045,1.1519575036867025,1.133567300293712,1.1360912078890366
2023-08-02,1.1307467288643742,1.0940522769549021,1.12177386843941,1.147256882071648,1.1381240181579062,1.1217738684394096,1.1255057855076251
2023-08-03,1.125297331719865,1.0899438879914947,1.1148447853304768,1.141695015561323,1.130095130610825,1.1148447853304764,1.1192041132071928
2023-08-04,1.1290299286090366,1.0969273140024904,1.117911329321992,1.1451458873735014,1.1284480208977057,1.1179113293219916,1.1224909645827934
2023-08-07,1.135622972933448,1.1063990595770672,1.124775680861913,1.1519340652468872,1.1344959593011656,1.1247756808619125,1.1294108085463541
2023-08-08,1.131388523201108,1.0994816377111245,1.1202934837443015,1.147544621184213,1.1294010698093586,1.120293483744301,1.1250556413671036
2023-08-09,1.1313193533365928,1.1027201587421538,1.1249171603967998,1.1477009349464846,1.138705160084501,1.1249171603967993,1.128418876365292
2023-08-10,1.1228791285039765,1.101688244627375,1.118904552237994,1.1398559628148728,1.1309651486140322,1.1189045522379935,1.121948163798858
2023-08-11,1.1157737993478287,1.1014280919908306,1.1136226186124074,1.1332644205449434,1.126451509350068,1.113622618612407,1.1164879596152573
2023-08-14,1.118994173571309,1.1058617448067622,1.1127295904883985,1.137098241839767,1.1239049562825656,1.112729590488398,1.1171463773328894
2023-08-16,1.12477158608142,1.1105692066279602,1.1176064198673556,1.1430018603637637,1.1270559598029488,1.1176064198673552,1.123005393064065
2023-08-17,1.116110457655849,1.1021780817080926,1.111767662483338,1.1338779640195626,1.1187660316298147,1.1117676624833375,1.1162042479855738
2023-08-18,1.1092457827442748,1.0985181000289974,1.1066501673242772,1.1292842217473724,1.1140576500380157,1.1066501673242768,1.110720362297178
2023-08-21,1.1200959422221657,1.1059422920415352,1.1140720883953341,1.1386903041684924,1.1233699776705834,1.1140720883953337,1.1187552576466728
2023-08-22,1.12193182264286,1.1088919146580594,1.1165052595514748,1.1412683887570203,1.1292362671546055,1.1165052595514744,1.1212197520726068
2023-08-23,1.1218354236409653,1.109847624080324,1.1209057097159332,1.1411142756018764,1.1310620716300133,1.1209057097159327,1.1243510133431602
2023-08-24,1.1210322798001118,1.1046914158830596,1.1190439077437457,1.1396046112916725,1.1300888575287806,1.1190439077437453,1.1228614359905171
2023-08-25,1.11257828803697,1.0975232700146784,1.1098241452642106,1.1310753327876943,1.1175687608004838,1.1098241452642101,1.113935146247059
2023-08-28,1.1172303922089046,1.1021773143851235,1.1148480785474542,1.134381279661173,1.125481469271779,1.1148480785474537,1.1189432644345183
2023-08-29,1.1171970993144735,1.1000045328112147,1.1180044732283094,1.132581764448195,1.1310950071139487,1.118004473228309,1.1211228778630937
2023-08-30,1.116982150106684,1.1019323978308049,1.1202078784031695,1.1337264022265703,1.1351808161311971,1.120207878403169,1.123040897455632
2023-08-31,1.1088145290905793,1.0977966854500494,1.117266165646607,1.1268465787421407,1.1296813682131608,1.1172661656466065,1.1190467403211395
2023-09-01,1.1184574521703032,1.1119976038868773,1.1307838922377373,1.1365442284242255,1.1426811489802164,1.130783892237737,1.1316958076860986
2023-09-04,1.1229743334188724,1.116606781254173,1.1394759066621096,1.1402883859360353,1.1478458565635912,1.1394759066621092,1.1392970110367737
2023-09-05,1.1260478150250548,1.1174905708181329,1.1403589400700438,1.1436497114169377,1.152570782924267,1.1403589400700433,1.1407838753875024
2023-09-06,1.1316128033854547,1.1212682365943358,1.1405083706652124,1.1489987037404836,1.1530327488772303,1.140508370665212,1.1421645627139225
2023-09-07,1.1336885094956277,1.1211948787839914,1.1453708082489251,1.1502037709885344,1.158875029640076,1.1453708082489247,1.1464788303513882
2023-09-08,1.1364170224732895,1.1272853620752046,1.1498494308944365,1.1528977236220774,1.1590175819389614,1.149849430894436,1.1508307277744592
2023-09-11,1.1478458677310324,1.1402465252414904,1.1610432657915488,1.1647803315976637,1.17068546286682,1.1610432657915484,1.1619578828898
2023-09-12,1.1459047196209549,1.1267719345533402,1.1584612455398173,1.1616819685002944,1.1672094370379305,1.1584612455398169,1.1596527624101525
2023-09-13,1.151521352547733,1.1344336584717982,1.1632502937495035,1.1676020980791584,1.1703533407849567,1.163250293749503,1.1644374174727483
2023-09-14,1.1500320817013452,1.1401408103742243,1.1670373734632857,1.166173972219722,1.1728402078183455,1.1670373734632853,1.1669410474897748
2023-09-15,1.1500775835767099,1.1458279299318426,1.1696025326960477,1.165960957911667,1.172721588257796,1.1696025326960473,1.168948645180553
2023-09-18,1.1544222808014217,1.1480550957994475,1.16914818631729,1.1696870571112656,1.180378244897501,1.1691481863172895,1.1698849963912579
2023-09-20,1.1508679363632666,1.141692874069646,1.160883582857319,1.1650625246614141,1.1793581835309628,1.1608835828573185,1.163063845340567
2023-09-21,1.1459703125804765,1.1355073881633635,1.1517415424210116,1.1598797686421414,1.1681096106804718,1.1517415424210111,1.154801384317815
2023-09-22,1.1413562501233085,1.1329503641800152,1.1505343587526553,1.1564882321318142,1.1659440056106236,1.1505343587526549,1.1530974061977097
2023-09-25,1.1397953083888617,1.1282764932403433,1.1489622320529274,1.1548501556628603,1.1652442241045127,1.148962232052927,1.151605676864935
2023-09-26,1.1396134627388157,1.1279536931064011,1.1488642927625097,1.1545940903052936,1.1660631657835183,1.1488642927625092,1.1511449987359976
2023-09-27,1.145257364129135,1.1348265283088863,1.153302183966533,1.1620824559135858,1.1719869256594035,1.1533021839665325,1.1561371784193302
2023-09-28,1.13215563308128,1.1251811257029631,1.141541068594021,1.1483509778665224,1.1583123008398064,1.1415410685940206,1.1438492234217037
2023-09-29,1.1367190761058632,1.1264909691819311,1.1518946205999503,1.153487865481954,1.166728029284395,1.1518946205999498,1.1524296251662467
2023-10-03,1.1306466855112063,1.1200888281983563,1.144614100495548,1.1459568982569357,1.1619983825981743,1.1446141004955475,1.1456329783421584
2023-10-04,1.132705326393461,1.1182256963967356,1.1358247881332346,1.1448002203478411,1.1442873638938393,1.1358247881332342,1.1389791065461354
2023-10-05,1.13623439899488,1.1205101679441098,1.1415763358547406,1.148078129232725,1.1490399017593145,1.1415763358547402,1.1445126591053996
2023-10-06,1.139419125989186,1.1227827945414808,1.1459900442699757,1.151497976945765,1.1561215998048242,1.1459900442699753,1.148866721662364
2023-10-09,1.1363221002201092,1.1156036249642585,1.1376383349377648,1.1482078701909755,1.1495332023586926,1.1376383349377643,1.1416300893153093
2023-10-10,1.142304096876865,1.1282967741924257,1.1483770326383702,1.1551570917512735,1.1565378497402072,1.1483770326383698,1.1514290909696454
2023-10-11,1.1490794227233196,1.1375218659406996,1.1555037644450838,1.1630835947882678,1.1630788983686178,1.1555037644450834,1.1586789550419383
2023-10-12,1.1485759449881199,1.138891256324405,1.1565139715279211,1.163797891981184,1.1680162580921922,1.1565139715279207,1.1591116679127165
2023-10-13,1.1499685255358147,1.1381258632107052,1.1551429777417141,1.167546517379035,1.1682803367359573,1.1551429777417137,1.1583705483306312
2023-10-16,1.145313234062169,1.138272173100193,1.1538384324958193,1.1624450364230081,1.1715161651320622,1.1538384324958189,1.156272130207893
2023-10-17,1.1511750624629082,1.1465801881310387,1.1584032863789304,1.16802573010484,1.1754193522636467,1.15840328637893,1.16123853325009
2023-10-18,1.1465275386168314,1.1414553650502925,1.1533257497989313,1.1639487164373241,1.1693484420726252,1.1533257497989309,1.1561847143296005
2023-10-19,1.1417356717976035,1.1351922007487545,1.1493257809809188,1.159084511894567,1.1643234077459104,1.1493257809809183,1.152143129991209
2023-10-20,1.1354738915397067,1.127360582304484,1.1427714433590912,1.152822150697449,1.1506265610220099,1.1427714433590908,1.1461397933705002
2023-10-23,1.121104736326834,1.1148633980487577,1.1266504479393986,1.1379773273844318,1.1337375515158883,1.1266504479393982,1.1304596996364904
2023-10-25,1.114344248364245,1.1093880256184172,1.1213159634883545,1.1315998626669963,1.1234702434387678,1.121315963488354,1.1242895730625164
2023-10-26,1.1026656980207106,1.093773940768817,1.1060668354425442,1.1196856833267999,1.1151185135145492,1.1060668354425438,1.10970952424035
2023-10-27,1.1085838284232583,1.10509492657386,1.1144993150544997,1.1266496916835156,1.1259050604189798,1.1144993150544993,1.1180963260982697
2023-10-30,1.1110262069800405,1.1105113300786182,1.118486023612565,1.129841192384858,1.125066040432892,1.1184860236125647,1.1217887645350761
2023-10-31,1.1084458818457832,1.1033279203120347,1.1150680807028022,1.1261569363492243,1.1220027420173115,1.1150680807028017,1.1185128023894018
2023-11-01,1.103767947035625,1.0989728738371827,1.1097946164673003,1.1223824406257084,1.116829048507901,1.1097946164672998,1.113056799080636
2023-11-02,1.1142792101996124,1.1108352738177685,1.1211627109676003,1.1334423847687982,1.1276741601766989,1.1211627109675997,1.1242285142707535
2023-11-03,1.1205869405217692,1.1159102705487913,1.1259965827818164,1.1388344906909644,1.1313959215571987,1.1259965827818157,1.1294048113104251
2023-11-06,1.1291040998184962,1.1274843545646485,1.1364562018385889,1.146845935453584,1.144017710498822,1.1364562018385882,1.139562105900959
2023-11-07,1.1296557569657957,1.1245571480469934,1.1380506004817017,1.1474564179598978,1.146792504218949,1.138050600481701,1.1409469489292694
2023-11-08,1.134188210706297,1.1258400248522076,1.1405148902031714,1.152567940991356,1.1503064589890093,1.1405148902031708,1.1436472148511319
2023-11-09,1.1288466179595382,1.1273885716143155,1.1403460243802712,1.1473545586624725,1.1535230537150931,1.1403460243802706,1.1425624392779001
2023-11-10,1.1322398431435035,1.1276900066439988,1.1421422860800539,1.1509749075612288,1.161502004354086,1.1421422860800532,1.1447383461926026
2023-11-13,1.1328511294909405,1.1306000793526505,1.1449325417528666,1.1513229483448173,1.1661946410827424,1.144932541752866,1.147117026196918
2023-11-15,1.1427902939444194,1.142126807112088,1.1581005956358748,1.161583738340843,1.1756495947877172,1.158100595635874,1.1595378880096703
2023-11-16,1.1515594710253976,1.1492084751299174,1.1640455813401178,1.1689076337649378,1.1783330155540748,1.1640455813401172,1.1665891558814965
2023-11-17,1.1572254324955773,1.1529994000483441,1.1639916661670004,1.1742025239185954,1.1829940462805346,1.1639916661669998,1.1680092374272302
2023-11-20,1.154818703469514,1.1514102720384747,1.1606961599867278,1.1722763696987892,1.1779790247091482,1.1606961599867271,1.1648764062980277
2023-11-21,1.156323519208836,1.1577143874892064,1.1646287789097232,1.1746016630342055,1.177919619425032,1.1646287789097225,1.1679801437448678
2023-11-22,1.162522841522567,1.1619178019021055,1.1658776734390461,1.180005012120625,1.1850048483741786,1.1658776734390455,1.17066563406302
2023-11-23,1.1609059002155606,1.1629587988198482,1.1640192579119368,1.178562712084826,1.1809475576195008,1.1640192579119362,1.1684862152499622
2023-11-24,1.157701166678914,1.1611596312633259,1.1638351380134215,1.1753501134086748,1.1803297284445904,1.1638351380134209,1.1674414204300405
2023-11-28,1.1584687121617931,1.1652666379344034,1.1683135418387605,1.1768653581423918,1.1820807976402277,1.1683135418387598,1.1712476839911712
2023-11-29,1.1681240188349868,1.175875173509619,1.1785620170355098,1.185547934957989,1.1903333503169102,1.1785620170355091,1.1813021103089067
2023-11-30,1.1692886930835706,1.177233431533134,1.182144337756035,1.188340741627344,1.196288200349333,1.1821443377560343,1.1846329160548081
2023-12-01,1.1803287988659847,1.1803676736063613,1.1916805476268466,1.199404370376237,1.2237948919342956,1.191680547626846,1.194395510865736
2023-12-04,1.1952585634867599,1.1956184612600114,1.2134828233443953,1.2135245978094125,1.2487746332381726,1.2134828233443946,1.2147433650018586
2023-12-05,1.2040606121738535,1.2082654164461124,1.2244840021072618,1.2218922148026305,1.2628563728818296,1.2244840021072612,1.225402225420402
2023-12-06,1.2135932435703436,1.2148786647160685,1.22904975048001,1.2295215126654881,1.2749070256018424,1.2290497504800093,1.2310406633440472
2023-12-07,1.2115261289999513,1.2115121231345474,1.22651853253901,1.2267226258004686,1.2703790622889226,1.2265185325390093,1.2289910777404103
2023-12-08,1.2112457843193154,1.2101262693402604,1.2278438739426154,1.22474618613615,1.2666704479000057,1.2278438739426147,1.2300102630384722
2023-12-11,1.2138603628922062,1.2108174936378158,1.231452778724089,1.2275530137218063,1.2737022759732293,1.2314527787240883,1.2334677796276317
2023-12-12,1.2102775669682173,1.2026352613101978,1.225924908714903,1.2226114313508134,1.2640201430396798,1.2259249087149022,1.2278594479660632
2023-12-13,1.2147614938190383,1.2113594157290335,1.2329824297118415,1.2281042208278674,1.2853590360080855,1.2329824297118408,1.2343189053203933
2023-12-14,1.221197002474605,1.2192730902621993,1.245123183626232,1.2338991955335707,1.2925699127960033,1.2451231836262313,1.2456742478189686
2023-12-15,1.2414763759372565,1.2361750551990327,1.264913977689705,1.2497575559677907,1.3115920047691152,1.2649139776897043,1.2658961514245142
2023-12-18,1.2377650744568347,1.2319232928028967,1.2629681855493524,1.2479489780020734,1.305491693872828,1.2629681855493518,1.2632779927768836
2023-12-19,1.2404638933080245,1.236147545691489,1.2645067657662252,1.2511947394360845,1.314114142699513,1.2645067657662246,1.2653245045490171
2023-12-20,1.2263164229281445,1.2135634172845398,1.2422468095956618,1.2360711603219594,1.283717200656295,1.2422468095956611,1.2445575946670913
2023-12-21,1.234355534901903,1.2233789841159382,1.2497795548900175,1.2432805526124462,1.2914359006121394,1.2497795548900168,1.2520253299271105
2023-12-22,1.2413074700195184,1.2311623936431726,1.2581462198971343,1.25138500724203,1.3019165040295388,1.2581462198971336,1.2603038570433558
2023-12-26,1.2463055257622848,1.2387242339506053,1.2663786528285077,1.2573588001110656,1.3120310717543051,1.266378652828507,1.2677262084689271
2023-12-27,1.2540947817610621,1.251339732106103,1.2811909473107825,1.265298640198782,1.318188851317405,1.2811909473107819,1.28066784269747
2023-12-28,1.2644970725491484,1.2661594708902721,1.2909697580266235,1.2761702268763815,1.3313519917757828,1.2909697580266228,1.2906044520690558
2023-12-29,1.2634471012175115,1.260777181765454,1.2881396471142281,1.2751952136644906,1.3273089421817752,1.2881396471142275,1.2877037407014282
2024-01-01,1.2638742446343052,1.256645755767334,1.286288520801026,1.274875514712333,1.3283088055606591,1.2862885208010253,1.2864380215859632
2024-01-02,1.261559818302172,1.2534588680291243,1.2787165571740424,1.2751900826331333,1.323877258167437,1.2787165571740418,1.2792967649529412
2024-01-03,1.2545005027091591,1.2453537927014307,1.2696422987985183,1.271080218302801,1.3295663567670826,1.2696422987985176,1.2709417122949709
2024-01-04,1.2615642348330371,1.2538004668447618,1.2738560613765926,1.276833583725292,1.3474474526644802,1.273856061376592,1.276262223748477
2024-01-05,1.2642174158016726,1.2568528356427509,1.2749067578356486,1.2786025031513133,1.3465460541034504,1.2749067578356479,1.277926931482109
2024-01-08,1.2529177786768935,1.249963471395819,1.262905595626387,1.268254615773086,1.3421100819378973,1.2629055956263864,1.2664974589504419
2024-01-09,1.2545818439498853,1.2545660336724243,1.266621405799673,1.271841489220483,1.3533631585064174,1.2666214057996723,1.270098608502828
2024-01-10,1.2525682563781095,1.2584889975905094,1.2665401234135896,1.271451618796122,1.34329165364516,1.266540123413589,1.269311657682641
2024-01-11,1.2496860739981863,1.2647878465214826,1.2663107711603612,1.270163605618237,1.3395318366996225,1.2663107711603605,1.2687329822951763
2024-01-12,1.2622245514838268,1.2781316002678829,1.2784176689022486,1.2801583594047299,1.3477972168351595,1.278417668902248,1.2819745084347693
2024-01-15,1.2740706992045714,1.2961126196044257,1.2889281476977603,1.2921193250326772,1.35501874081715,1.2889281476977597,1.2934315485433634
2024-01-16,1.2694078563559454,1.2871063375945295,1.2867229586111972,1.287642941330074,1.3500148668900012,1.2867229586111966,1.289974858460029
2024-01-17,1.2514982621587913,1.276378741843434,1.2651612506987289,1.2722234619483024,1.340505586328284,1.2651612506987282,1.2708696579311891
2024-01-18,1.2407623088775122,1.2712319729011594,1.2601974136656724,1.2663436506719008,1.3335355682025203,1.2601974136656717,1.2651075480586018
2024-01-19,1.2515655006635205,1.2875490896300479,1.2736679300865583,1.2789753866967886,1.3560242812897119,1.2736679300865577,1.2784789953753133
2024-01-23,1.2255280717384143,1.2704120761533755,1.2525558324658994,1.2579647526847229,1.343118849927553,1.2525558324658987,1.25698532320136
2024-01-24,1.242704097104353,1.2989047099357323,1.2707571286369514,1.2748965604826195,1.363828880440136,1.2707571286369508,1.2747041211014891
2024-01-25,1.2316001198091655,1.2924326422621277,1.2643587534485803,1.2629185455854839,1.3612825356362954,1.2643587534485796,1.2676018202485442
2024-01-29,1.2436072130412477,1.3233132514747592,1.283857790684249,1.2777381099892433,1.3860082809605452,1.2838577906842483,1.286584026132728
2024-01-30,1.2351521325148673,1.3122701432167674,1.2725372018382857,1.26713742276749,1.3579065765295164,1.272537201838285,1.2751021119501365
2024-01-31,1.2492307302177432,1.3302161820373157,1.2857652026449404,1.2839110862986818,1.3616757193814666,1.2857652026449398,1.2882243963036717
2024-02-01,1.2532491319491075,1.3336555552075366,1.2855456153028502,1.287799528781838,1.3615697528725803,1.2855456153028495,1.2890974517138758
2024-02-02,1.2648640444690284,1.3555868575223546,1.2983189523814953,1.2981462656861122,1.3759908981393938,1.2983189523814946,1.302337742108356
2024-02-05,1.2662038646543978,1.3505307286333608,1.2960034251102033,1.297094468209545,1.3829261908913355,1.2960034251102026,1.300476225375128
2024-02-06,1.2715507308139975,1.3540773969577193,1.3073175749905106,1.3041333675288351,1.3858661268326782,1.30731757499051,1.3108112135380037
2024-02-07,1.2655858989812898,1.3487132569833753,1.3091165015068658,1.3021742560005722,1.379625771948059,1.309116501506865,1.310556575999327
2024-02-08,1.2641975140408677,1.3546176576328788,1.3021643971553496,1.3000906911485919,1.3715627896794311,1.302164397155349,1.304402992223316
2024-02-09,1.2643544621379659,1.3437876047898605,1.3013287976400605,1.3022416212659877,1.3667516891723237,1.3013287976400598,1.3033496782621985
2024-02-12,1.2527436049077911,1.3379082945690965,1.2892465924810874,1.2909383856251468,1.3479040401423372,1.2892465924810868,1.2919125984070543
2024-02-13,1.2577516829604314,1.3394970041805994,1.2875741066447663,1.2961829233627118,1.3559594146558491,1.2875741066447657,1.293254179244868
2024-02-14,1.2567793011300337,1.3469350578079535,1.2938462915266042,1.2966409597122928,1.364417400857254,1.2938462915266036,1.2979888876266363
2024-02-15,1.2649541035813778,1.3669559476465667,1.3050696957107724,1.3006719729503429,1.3773062557201523,1.3050696957107717,1.3087914726483771
2024-02-16,1.2654292784184602,1.3689636022956944,1.3121104769375527,1.302146831623544,1.3816000902798375,1.312110476937552,1.3147251128274735
2024-02-19,1.270245415773343,1.3797191147898937,1.3168181302407431,1.310219222703968,1.3876863610102375,1.3168181302407425,1.3195380556854346
2024-02-20,1.2802133973794345,1.3902802811563233,1.3233881364165208,1.3178566333972028,1.4008208601444634,1.32338813641652,1.326785296163466
2024-02-21,1.2685833141611964,1.3803401871543244,1.3175043074353103,1.3091210802947686,1.3805796101128336,1.3175043074353097,1.3188219835642738
2024-02-22,1.2774568124567331,1.3919344304564594,1.3288211544452382,1.3192256389406853,1.402068275348316,1.3288211544452375,1.3300291770520192
2024-02-23,1.2731474445454047,1.3919246130937841,1.3261549142173825,1.314917981833978,1.3996645230397244,1.3261549142173819,1.3271608480399661
2024-02-26,1.2684934669378733,1.3886593580751114,1.3186393433362225,1.3096632358732332,1.4058151948266417,1.3186393433362218,1.3204654979145136
2024-02-27,1.2789427059784124,1.3989058807775951,1.326013591997628,1.3212323608327792,1.415940269183031,1.3260135919976273,1.3284608985009794
2024-02-28,1.2683636246068466,1.3748522329149508,1.309379093497859,1.3095010955984576,1.3997271634094952,1.3093790934978584,1.3128720959127085
2024-02-29,1.2685776290185715,1.3810112898138824,1.3138633318170736,1.3101090804891127,1.4035249668982772,1.313863331817073,1.3168320263881057
2024-03-01,1.2756625457998148,1.4000988365136127,1.3382791677784291,1.3185207769298624,1.4281883781919564,1.3382791677784285,1.3370674025215523
2024-03-04,1.281189570677554,1.4070532843567511,1.341989299557736,1.323505044694429,1.4413427210577765,1.3419892995577354,1.340809179833432
2024-03-05,1.2788177336196898,1.4107084567691501,1.3412241088445138,1.3243464164965308,1.4470215534820419,1.3412241088445132,1.339475092800788
2024-03-06,1.2847222648633112,1.418294200635138,1.346936544259369,1.331723134124617,1.4500527772243963,1.3469365442593684,1.3452494237545192
2024-03-07,1.2922780155484899,1.411221634065219,1.3505636621044685,1.33808248524902,1.4563736163578695,1.3505636621044679,1.3487258877298736
2024-03-11,1.2805960656996067,1.3963499119825127,1.3384109835871552,1.3266847379270008,1.4405073199342795,1.3384109835871545,1.3368040160522994
2024-03-12,1.283777893964326,1.4006184741382957,1.3372153781980514,1.3286627886440752,1.4309658980680413,1.3372153781980507,1.3365790506602246
2024-03-13,1.2619005268485655,1.3543324581486111,1.3122448036151526,1.306891591775964,1.3987366410734292,1.312244803615152,1.3121592811178062
2024-03-14,1.2711461614417778,1.369311783029717,1.3229867669722766,1.3160147464291376,1.406595910284271,1.322986766972276,1.3230216954321457
2024-03-15,1.267470751225371,1.3622059138920393,1.314943921437024,1.3137670034065636,1.391579108864141,1.3149439214370233,1.3152289734527216
2024-03-18,1.2603045493008518,1.370248416409937,1.3197556972834081,1.3107903004994081,1.397051406108973,1.3197556972834075,1.3172542419316144
2024-03-19,1.2387047537268623,1.3548663502034648,1.305835139145612,1.2905566500199879,1.3764178268308453,1.3058351391456113,1.301083292898618
2024-03-20,1.2402649008752462,1.3638722160446606,1.3096503844737044,1.2950701705763252,1.3852185659517808,1.3096503844737037,1.3051927790041182
2024-03-21,1.2518694173212812,1.3755010344643674,1.3227747345251977,1.3050362445348138,1.4122434303092963,1.322774734525197,1.3177919613591675
2024-03-22,1.256577914964692,1.3815060697102237,1.3321046939976715,1.315883450087105,1.4299506247511975,1.3321046939976708,1.3256437863642871
2024-03-26,1.2452163920156285,1.3647492574986213,1.3251125336655567,1.3039629427970918,1.4320684495622384,1.325112533665556,1.3173507468951196
2024-03-27,1.2471511219349283,1.3802705117728051,1.3320917687462024,1.3090021824159361,1.4399413959536296,1.3320917687462017,1.3237863155495222
2024-03-28,1.2592369158635441,1.3933617510556469,1.3460824073523334,1.3203471129470514,1.455875324309739,1.3460824073523328,1.3373507856166538
2024-04-01,1.2689925946357397,1.3973136863893594,1.3581355539026632,1.3281220263168714,1.4671632477249277,1.3581355539026625,1.3482657484759197
2024-04-02,1.2667718383423323,1.3988910902232259,1.3582227279279024,1.3244422474803625,1.4657698995994322,1.3582227279279018,1.347516798553482
2024-04-03,1.269655631896867,1.398770435744829,1.3586665250249104,1.3264299021549852,1.4740748453115327,1.3586665250249097,1.3482918109529234
2024-04-04,1.2764967473821573,1.3941380976217943,1.3626659518688828,1.3300847287606978,1.4734864455140768,1.3626659518688822,1.3527398590165518
2024-04-05,1.276926578548902,1.390097139182228,1.3602129956888267,1.328304112573079,1.4680549431844245,1.360212995688826,1.3506359929998315
2024-04-08,1.2809634571043815,1.4088654359831996,1.3728187263302312,1.3347007075454185,1.484253089325393,1.3728187263302305,1.3619207574339693
2024-04-09,1.2776642779762692,1.4061737850265372,1.3725235886049312,1.3314321415552812,1.4819291071710454,1.3725235886049305,1.3605653156611783
2024-04-10,1.285795240631765,1.415438991664514,1.3809439497659672,1.3405088824009166,1.4894276619577258,1.3809439497659666,1.3690197318256085
2024-04-12,1.2683495581796365,1.3978022480006327,1.3629542480719066,1.3201476369477425,1.4635632175145257,1.362954248071906,1.350938390821359
2024-04-15,1.2560684758696534,1.3910074987346537,1.3527845683927207,1.309639980130931,1.4559686336499447,1.35278456839272,1.3402904669884659
2024-04-16,1.253538529092345,1.38409896752804,1.345585295818416,1.307714228618886,1.448567851414203,1.3455852958184154,1.3333328682520744
2024-04-18,1.2509891984949415,1.3979840867128577,1.3425038404108727,1.3053392170772733,1.4429496529129335,1.342503840410872,1.3304835599671625
2024-04-19,1.2586610380149512,1.4116492269914895,1.3520413349300782,1.3148112169845547,1.450191342573157,1.3520413349300775,1.3390991511667754
2024-04-22,1.2634018868505363,1.4212402480038882,1.3622826198055815,1.322335867205246,1.4540795902556283,1.3622826198055809,1.348527611146423
2024-04-23,1.268296079025386,1.427985329595014,1.3648347394962284,1.3260514325651822,1.454190125699278,1.3648347394962277,1.3518734345817398
2024-04-24,1.2691719487280222,1.4295364721784727,1.3718816721490497,1.32656261979415,1.4610438794535638,1.371881672149049,1.3569173099543028
2024-04-25,1.2746120216966499,1.4376127720670822,1.3780898037497042,1.3344524531982667,1.4841912887272228,1.3780898037497036,1.3617469669359048
2024-04-26,1.2690273215531727,1.4259122666363193,1.367427448269333,1.3275045252484747,1.472617865766804,1.3674274482693323,1.3517454888306688
2024-04-29,1.2779286642751242,1.434057479445009,1.3834791742445645,1.3382718835902938,1.4862194284041272,1.3834791742445638,1.3661602760726446
2024-04-30,1.2763791499274197,1.445275973420708,1.3822999526185857,1.3357812408350684,1.4814159628958463,1.382299952618585,1.3652755043892408
2024-05-02,1.2911275762785681,1.455540049088771,1.389037637969753,1.3478460826600565,1.4947118051187338,1.3890376379697524,1.3734493594684873
2024-05-03,1.2812749107991088,1.4385695494924546,1.3764622663551516,1.3356572131070032,1.4768985011450875,1.376462266355151,1.3607346798946944
2024-05-06,1.2879393486955855,1.4381008961772792,1.3785276782682379,1.3422784956256584,1.47062871184014,1.3785276782682372,1.3641072504609357
2024-05-07,1.294588173263068,1.4276512431188468,1.3715440806970836,1.3467607374409785,1.4560289745275619,1.371544080697083,1.360285834532953
2024-05-08,1.2912795857446584,1.4349192176090928,1.3745745075950102,1.3460907357900356,1.470163572635802,1.3745745075950095,1.3620968799645534
2024-05-09,1.2681878303063137,1.4202912179948046,1.35372811967008,1.3227982658497188,1.4316802010247724,1.3537281196700794,1.3411804740348605
2024-05-10,1.2818744172396521,1.436094628649714,1.363075814783892,1.3376235083743118,1.4537412165215318,1.3630758147838913,1.3512989017922215
2024-05-13,1.2911105172073514,1.4360876992659728,1.3693521107539566,1.3459113911583527,1.4524769654817349,1.369352110753956,1.3577265916858372
2024-05-14,1.2910550991462189,1.448683692879413,1.3795675404467311,1.3470647067943782,1.4687729503803117,1.3795675404467305,1.3660118080851298
2024-05-15,1.2864093762224211,1.457208470837031,1.3809622204961163,1.3435394359424109,1.477790518574637,1.3809622204961156,1.3664089161624426
2024-05-16,1.296856376506576,1.4722013503073108,1.3908824732330005,1.3527370749532037,1.4908025141300636,1.3908824732329998,1.376882953437616
2024-05-17,1.29374496685931,1.483166795344324,1.3990186379274479,1.3513162807037338,1.4980866682618945,1.3990186379274472,1.382985401450055
2024-05-21,1.3006148899046153,1.4959236985561468,1.4089789176869463,1.356236586056531,1.5098794721674438,1.4089789176869456,1.3911739696208572
2024-05-22,1.3108554456690578,1.5078949994846373,1.414993044900715,1.3652769641240288,1.5153863369127258,1.4149930449007144,1.3987742157591267
2024-05-23,1.3157572014354797,1.5250649350429193,1.4311570154788054,1.3709164086258252,1.514930703406246,1.4311570154788047,1.4128911513842421
2024-05-24,1.3116902922057352,1.5221479405759566,1.4290073272150818,1.3664392414453466,1.5169513659426015,1.4290073272150812,1.410262925724212
2024-05-27,1.309572891535017,1.5168748736950983,1.4267964571105525,1.3615346727169517,1.5042524334125578,1.4267964571105518,1.4076450724839378
2024-05-28,1.3067715551512784,1.5076816988157737,1.4231059127322356,1.357566331556894,1.4952944006032236,1.423105912732235,1.4037614359677615
2024-05-29,1.3039062571314477,1.5053046530431786,1.4182434294668123,1.3556338029404382,1.4997629495071827,1.4182434294668116,1.3988570111489185
2024-05-30,1.2869893572467768,1.4810997503043566,1.4014906746334184,1.3389988833241149,1.4824532356134363,1.4014906746334177,1.3820317489220966
2024-05-31,1.2856814533749616,1.485180464778084,1.4032285005148226,1.3365843878870995,1.4855672374253424,1.403228500514822,1.3829517919090026
2024-06-03,1.3157096152809147,1.5444184527515694,1.4502380919367883,1.365223144331256,1.5456078208849036,1.4502380919367877,1.426915518441124
2024-06-04,1.280017188457481,1.4584156927266088,1.3700093820895034,1.3254884541522538,1.4220006822460902,1.370009382089503,1.3560838811107088
2024-06-05,1.319154405407361,1.5019042109635965,1.4159560237249291,1.3656508415203525,1.4643134048353998,1.4159560237249287,1.399448013940162
2024-06-06,1.3240852636703577,1.5120218849142781,1.425628933637613,1.3703654205905837,1.4805423682798409,1.4256289336376124,1.409094574631632
2024-06-07,1.348225722597817,1.5605446248361772,1.4577257042248473,1.3956857594568945,1.5188997414934948,1.4577257042248468,1.440646674965963
2024-06-10,1.3471723859147857,1.5599879601372746,1.4582876809842371,1.3963941082584377,1.5260332567948807,1.4582876809842367,1.4408194887296863
2024-06-11,1.3443539560726299,1.5590123736944799,1.4587730228073241,1.3930260549636362,1.5275892161304359,1.4587730228073237,1.4406021076170812
2024-06-12,1.3473455424194705,1.565442771181895,1.4621227736939388,1.3964847502626823,1.5383957902432936,1.4621227736939384,1.4438277867979645
2024-06-13,1.3444123360903248,1.5641991542183769,1.466183775692362,1.3930644327092985,1.5395974870819034,1.4661837756923615,1.4466275673977516
2024-06-14,1.3458680022299456,1.572052226903879,1.4688870545001036,1.3945190880778582,1.5402012291459555,1.4688870545001032,1.448863460839768
2024-06-18,1.35216435291708,1.5837200262945397,1.4711112729314035,1.398386131030326,1.545541085708416,1.471111272931403,1.4520606201053414
2024-06-19,1.3450053244584497,1.563689736098436,1.4608423737526224,1.3863645259477522,1.518462120072654,1.460842373752622,1.4418547701451392
2024-06-20,1.3433105631658102,1.5619577825475013,1.4607896490631707,1.3823611455792228,1.5032399181423655,1.4607896490631702,1.4408803576987181
2024-06-21,1.3414664530813718,1.5639486723003382,1.458842795383297,1.380878129702812,1.5048237312242712,1.4588427953832965,1.4389421763777368
2024-06-24,1.3503415466494382,1.5710260035249468,1.4650331706736588,1.3906856029623047,1.5202549797325624,1.4650331706736583,1.4457527417865537
2024-06-25,1.3509260032128845,1.5678655919746005,1.4689975510096807,1.3915682444824025,1.5217761675793147,1.4689975510096802,1.4488164392655458
2024-06-26,1.3564462482218416,1.5869727748167979,1.4773665022980518,1.4025714313552897,1.5371003724304249,1.4773665022980513,1.4576726610548716
2024-06-27,1.369529220629142,1.6058611262921174,1.4934091876872913,1.414501479028952,1.5516626081482476,1.4934091876872908,1.4740221118994727
2024-06-28,1.3672830944800722,1.6059687220702632,1.4903330584591694,1.4109015590820306,1.5475292102839115,1.490333058459169,1.4710178243750633
2024-07-01,1.3772959811644054,1.610986359920527,1.495795110836616,1.4219552621272498,1.5462334135507791,1.4957951108366156,1.4773959272429764
2024-07-02,1.3788566000678764,1.608435950921974,1.4943744063581839,1.4178160069731234,1.536793255454853,1.4943744063581834,1.4767468039607978
2024-07-03,1.3872560767667634,1.613707272733056,1.5027731738570562,1.4254382016233782,1.5450782465385005,1.5027731738570558,1.4848381683623117
2024-07-04,1.388606216967583,1.617295957602387,1.506255407089236,1.4312389534974095,1.5527166807920354,1.5062554070892356,1.4884262621666033
2024-07-05,1.3918070270417569,1.6319274973558449,1.5132751960528963,1.4372252874542144,1.5649309069692259,1.5132751960528958,1.4955648303125455
2024-07-08,1.3948092457406307,1.635743869732824,1.5114591635412238,1.440310948792986,1.5643245212701513,1.5114591635412233,1.495059008152314
2024-07-09,1.4012932463570826,1.6436727983513493,1.5244467280542806,1.4542129238371422,1.5831031258067088,1.5244467280542802,1.5066470940927528
2024-07-10,1.4055846910568102,1.6369858188150854,1.5164069017043835,1.4575308073317281,1.5669169471222888,1.516406901704383,1.501594103618634
2024-07-11,1.405422929734894,1.6305854299491882,1.5149562271885768,1.456905424625498,1.5575554024943516,1.5149562271885764,1.5001095495852985
2024-07-12,1.4221141190117241,1.6397807047443334,1.5222700606799615,1.4694093681546616,1.557748008682531,1.522270060679961,1.510153852985567
2024-07-15,1.4238090433743444,1.6418286922407102,1.5289274890568259,1.471356469739929,1.572269166754497,1.5289274890568254,1.5159423045622487
2024-07-16,1.4313764215182756,1.6483811223373646,1.528852660320978,1.4795512191340168,1.5781927706188443,1.5288526603209776,1.5172014404551928
2024-07-18,1.4445812255575428,1.6616967021614704,1.5392964000259526,1.4945307276731528,1.592382703482751,1.5392964000259521,1.52862169803195
2024-07-19,1.435406036244126,1.6363730380692543,1.5189790132238032,1.484678488586465,1.562860626484541,1.5189790132238028,1.5112560499197436
2024-07-22,1.4430898343294933,1.6375210371201003,1.5242897152557207,1.4878948087896282,1.5794864804772029,1.5242897152557202,1.5164928286740842
2024-07-23,1.4529629832802027,1.6340873579485926,1.5239419931087315,1.4977231013084067,1.600905079928529,1.523941993108731,1.519246114383711
2024-07-24,1.4525719878187104,1.632583049176369,1.5213027758590814,1.4958312940575464,1.6084386766994998,1.521302775859081,1.5174592022424578
2024-07-25,1.4564766975159795,1.6306366521791253,1.5225094580695497,1.4998258285523272,1.6127582629672492,1.5225094580695493,1.519754506351758
2024-07-26,1.4788048106494724,1.6655542966660712,1.5519431269597055,1.5259534260883243,1.6556707017691161,1.551943126959705,1.5481649711632939
2024-07-29,1.472487349610824,1.662831297466868,1.5539355502461836,1.521118396271943,1.6498702871833886,1.5539355502461831,1.5485579765240123
2024-07-30,1.4754713324247182,1.666660940650327,1.5566200604836427,1.5187025296361525,1.6533141963890414,1.5566200604836422,1.5517256346995976
2024-07-31,1.4858956185755468,1.6695264573429935,1.5680378561505202,1.5312079933884362,1.6670057918916161,1.5680378561505197,1.562944968202008
2024-08-01,1.4980574729444578,1.681764719981931,1.571235280649079,1.540966999079973,1.6694541289788203,1.5712352806490786,1.5680310652788159
2024-08-02,1.488403552618386,1.6593164605090949,1.5495700546327347,1.5290210357879592,1.651595289779441,1.5495700546327342,1.5487383281959843
2024-08-05,1.4634032631095095,1.6098686232367643,1.5082700275583811,1.504245120975285,1.6204731513549435,1.508270027558381,1.5107121921152338
2024-08-06,1.4633375200074161,1.6044556509921086,1.5043300106152042,1.5021111316364997,1.6075146664719469,1.504330010615204,1.5078017610163938
2024-08-07,1.4797306690293088,1.6278635580881167,1.5244284913293016,1.5177262573521257,1.630774506965702,1.5244284913293014,1.5273034728435997
2024-08-08,1.468729920428586,1.608915911232802,1.5084209473705281,1.5096935596286014,1.624528590483743,1.508420947370528,1.511416071233274
2024-08-09,1.4793806838744832,1.6294942613220955,1.522703102418423,1.5187259846189813,1.6409477525490788,1.5227031024184228,1.5250438715014236
2024-08-12,1.4751173861365408,1.6223143319611604,1.5196431702768407,1.5159969437370813,1.6252001083499739,1.5196431702768405,1.521395973972979
2024-08-13,1.4629795093222255,1.616272748265346,1.5077348021550545,1.5072762763566632,1.618783404131698,1.5077348021550543,1.5102739247753263
2024-08-14,1.4674233285389864,1.6174463015407603,1.5080525996703622,1.5110071095186395,1.625127736504179,1.508052599670362,1.511736235273007
2024-08-16,1.4899109719277817,1.6436407817969891,1.5314994008569938,1.5325453692424336,1.6515335912288158,1.5314994008569935,1.534987549149114
2024-08-19,1.4956022796149875,1.6445787951587276,1.5372823574339678,1.5352122818218927,1.6424180457486168,1.5372823574339676,1.5401139111092985
2024-08-20,1.5004223365957399,1.6452904101888397,1.5444568692085254,1.539505220970329,1.641898627824585,1.5444568692085252,1.5467360693067282
2024-08-21,1.5073834445554584,1.647117240391823,1.5477084833976096,1.5466251747688389,1.648024018414448,1.5477084833976094,1.5507768613441382
2024-08-22,1.504660029910616,1.6492525530928381,1.5504332679954322,1.5464150595458641,1.640842128482907,1.550433267995432,1.5521172053231085
2024-08-23,1.5066196541820494,1.6562836580693145,1.552427429984579,1.55255862367296,1.6530731505215654,1.5524274299845788,1.5539634030695995
2024-08-26,1.515421747834501,1.6674588360671543,1.5644036076786456,1.5579414548208377,1.6693448251415453,1.5644036076786454,1.5650148171204719
2024-08-27,1.5079781815831377,1.663315922451229,1.5631620819773826,1.5550189569548665,1.6642657841993878,1.5631620819773824,1.5629438366022181
2024-08-28,1.509327643730608,1.671172142063397,1.5627997775716238,1.5565953420189789,1.6746707632365558,1.5627997775716236,1.5633261451211171
2024-08-29,1.5127372757383022,1.6756367174594182,1.5634722953166125,1.5605356030350972,1.6733555972781495,1.5634722953166122,1.5646164089809333
2024-08-30,1.519998942806451,1.684333471343665,1.5705873307596332,1.5678813333475854,1.693221220300177,1.570587330759633,1.572121763235559
2024-09-02,1.5192446354694986,1.6818805505425096,1.5687237723572334,1.567784328292593,1.6831419433396126,1.5687237723572331,1.5709263669171987
2024-09-03,1.5176179150563087,1.6754268484136599,1.567314508658449,1.5676275320886026,1.677975191067518,1.5673145086584488,1.5690460714553836
2024-09-04,1.5224785727902055,1.6738110046519443,1.5647671217781813,1.5722318421645516,1.6725294261786958,1.5647671217781811,1.568117718576042
2024-09-05,1.5221770031244144,1.6635545950496307,1.5620474080835929,1.5707983802371444,1.6647957854672704,1.5620474080835927,1.5654407721397636
2024-09-06,1.5143385360012231,1.6486091862579324,1.5458765700053834,1.5618479088265664,1.6477795527020884,1.5458765700053831,1.5506160244155438
2024-09-09,1.524448815790332,1.6503185421593372,1.5502384078213205,1.574388175347974,1.6503357559025056,1.5502384078213203,1.5559586544550565
2024-09-10,1.5349433019373098,1.662254823815256,1.5581479601146655,1.585228074542982,1.6656494526613372,1.5581479601146653,1.5648767547826732
2024-09-11,1.5349815685017434,1.6565942314963653,1.5511509730391324,1.586678292542745,1.6564503567152724,1.5511509730391322,1.5594154744610085
2024-09-12,1.5588612747350195,1.6960715297790723,1.5837409458765723,1.610459384600714,1.7030240280595121,1.583740945876572,1.590518512848651
2024-09-13,1.551178634265212,1.6891663833531083,1.5788114594321372,1.6020992178229918,1.6929814742103357,1.578811459432137,1.584706836748155
2024-09-16,1.547017692744167,1.6888425563088953,1.5823539255794208,1.5976948481284752,1.7033696865845602,1.5823539255794206,1.5868338734012888
2024-09-17,1.5468169149745001,1.693705744506246,1.5845523866328353,1.5980814283020188,1.7154036896334595,1.584552386632835,1.5890455012986893
2024-09-18,1.5335533075702117,1.6820785204699036,1.5785637591897448,1.58634266211224,1.7102224207325418,1.5785637591897446,1.5804677798324194
2024-09-19,1.540356551767288,1.6880209382140483,1.583511347409462,1.5926577981459191,1.7198976906404966,1.5835113474094618,1.5861809283632198
2024-09-20,1.5595275537650517,1.722853374322926,1.6091705866074375,1.6167997733247579,1.761006068862703,1.6091705866074373,1.6105515113416553
2024-09-23,1.567311880719376,1.7399579793858504,1.62045630539728,1.6238005656766976,1.787657965416957,1.6204563053972798,1.621187748856739
2024-09-24,1.5655167229581262,1.7498691709338037,1.6252532148931105,1.6216176609957467,1.7967047898328932,1.6252532148931103,1.6235844354298967
2024-09-25,1.5767074978245073,1.7660541702538342,1.6320363022895628,1.6303707992653977,1.8142258445129766,1.6320363022895625,1.6313577181635412
2024-09-26,1.588090201758636,1.7838508694711401,1.649952611074826,1.6470025159947308,1.8351093065582917,1.6499526110748257,1.647593036866996
2024-09-27,1.58155143387893,1.7760922862560862,1.6473737874809193,1.6428167510182576,1.8300592376819136,1.6473737874809191,1.6442905602318174
2024-09-30,1.571909222575299,1.7482225459204006,1.631844128889644,1.6276080753226547,1.8112345972168091,1.6318441288896437,1.6291635693680213
2024-10-01,1.5651348992708953,1.7449649614650389,1.6313234619385288,1.6201773138319224,1.8139703579842505,1.6313234619385286,1.6276934437432256
2024-10-03,1.5411163687440592,1.7086320508044912,1.6020290166672242,1.5956606582002817,1.7955352616867213,1.602029016667224,1.5988229441464374
2024-10-04,1.524703963025199,1.6847722629769788,1.5862365400693943,1.578258608271391,1.7643722305971983,1.586236540069394,1.5828588472032423
2024-10-07,1.5145981587251494,1.6758878542631728,1.5724206297013075,1.5730985098462837,1.7610367199606993,1.5724206297013072,1.5704124769906955
2024-10-08,1.5173764308954112,1.686123502586092,1.5804020449239886,1.5742708555385603,1.7789168660160024,1.5804020449239884,1.5782709481982256
2024-10-09,1.5081683453359254,1.684292384284607,1.5781868655925937,1.5687914904506157,1.7722467019844126,1.5781868655925935,1.574524890866529
2024-10-10,1.5080271381254586,1.6874945603335565,1.5827991522724552,1.5656665037109856,1.775005520765638,1.582799152272455,1.5780966599743305
2024-10-11,1.5025228460070916,1.6842977223711528,1.5806209984249144,1.5598347208045702,1.7665910736729584,1.5806209984249142,1.5750489432848522
2024-10-14,1.5120790760481448,1.6882616410917703,1.586556384111059,1.5676605837625701,1.779081293459884,1.5865563841110588,1.5818907163927953
2024-10-15,1.5114447022877135,1.6814247398988105,1.5838218246238864,1.5686464501957424,1.781926411720065,1.5838218246238862,1.5798132703808594
2024-10-16,1.5080094682105856,1.6760926634160018,1.5776731331424187,1.5657851283782138,1.7661365388146122,1.5776731331424185,1.5733903830302756
2024-10-17,1.5001446821359994,1.66887994603386,1.566672281046722,1.554551811908006,1.7407751738040769,1.5666722810467217,1.5635518037331906
2024-10-18,1.4977894545933985,1.6629111210150833,1.5714335245613262,1.5576343585611194,1.7498014723700157,1.571433524561326,1.565302801548867
2024-10-21,1.495869579126553,1.6618126779446736,1.5652029820236009,1.5529118527683532,1.747787527615221,1.5652029820236006,1.5592918592490819
2024-10-22,1.4800236185733562,1.635384843189692,1.542263386780044,1.539442224342226,1.7190482306835484,1.5422633867800437,1.5378767045650554
2024-10-23,1.4742473050052858,1.6224765393089604,1.5320659901069695,1.5294697558837491,1.6869966342368532,1.5320659901069693,1.5285147125124434
2024-10-24,1.458315108684542,1.6157845273120874,1.526400248682168,1.513845659196606,1.6909925817589295,1.5264002486821677,1.521477870405042
2024-10-25,1.4595714374235542,1.5989513017990178,1.5131036997526646,1.5174037634077304,1.6724779148830524,1.5131036997526643,1.5108890165309965
2024-10-28,1.472665083038721,1.611025232911145,1.5282863890046525,1.5340640097929792,1.6947016670855026,1.5282863890046523,1.5250188192974852
2024-10-29,1.4711715347218852,1.6042456045618028,1.5323695360014569,1.529016589131466,1.68999550804812,1.5323695360014566,1.5272907359312673
2024-10-30,1.4672235791809758,1.5978414901775226,1.5265010443334865,1.5259097965115798,1.678747525669214,1.5265010443334863,1.5218394349143656
2024-10-31,1.4540816539257746,1.5868782783464142,1.520110704637843,1.511349179653646,1.679566467318342,1.5201107046378428,1.5139347069346936
2024-11-01,1.459031296992455,1.5973819672886553,1.5282427370767047,1.5163008232790962,1.6985422265816583,1.5282427370767044,1.521594930190022
2024-11-04,1.4413088715587437,1.578173716511286,1.5115815839690663,1.496273199637587,1.6814433089365066,1.511581583969066,1.5048179886629844
2024-11-05,1.4432049575875243,1.5809356541572075,1.5236599072754902,1.4970637389197199,1.6803443331761658,1.52365990727549,1.5135155920719543
2024-11-06,1.4609650266484093,1.602847354396696,1.542422831505636,1.514096011459768,1.698052943890403,1.5424228315056359,1.5330111506426825
2024-11-07,1.446329231313907,1.5792478937038674,1.5199869949532683,1.497011933738157,1.6738807124963118,1.519986994953268,1.5130403193428763
2024-11-08,1.4499593973474756,1.5819908715738444,1.5176617892338742,1.4991818255555045,1.685398785590645,1.517661789233874,1.5122786362994802
2024-11-11,1.448796435282343,1.5861523826442838,1.5126123134182061,1.4954413685777448,1.6772858777704056,1.512612313418206,1.5079704472698612
2024-11-12,1.4306328006654259,1.5733636004771934,1.4959468313324502,1.4813581538387108,1.658836345297121,1.49594683133245,1.4912131733402385
2024-11-13,1.419981454308003,1.55311268978845,1.4756044264443502,1.4695275399839602,1.6387760735737096,1.47560442644435,1.4737057898904364
2024-11-14,1.408778187834455,1.5521679828065564,1.4706681506443418,1.4597025528534011,1.6269298793764106,1.4706681506443415,1.467589702807728
2024-11-18,1.4023983918815432,1.5494461969085884,1.472114599531919,1.4537898058589467,1.6226691431167328,1.4721145995319187,1.4658107860766418
2024-11-19,1.410042776276387,1.5499339978876807,1.4735082728037436,1.459863105416795,1.6424456226159148,1.4735082728037434,1.4687438403219923
2024-11-21,1.407645981741257,1.552445673217865,1.4693497862964338,1.4572271840299056,1.631929992040515,1.4693497862964335,1.4647937396249173
2024-11-22,1.4448041369040472,1.5990509513501479,1.5075552763959335,1.4937591633105134,1.6737101492024906,1.5075552763959332,1.5038730678010668
2024-11-25,1.459378450818209,1.6145296911594587,1.5254227700080234,1.507463407461377,1.6861065053723348,1.5254227700080232,1.5206149036759602
2024-11-26,1.4592117156389908,1.6142989207239697,1.5210197222960309,1.5047447585902975,1.6638304057009268,1.5210197222960307,1.5167770114685832
2024-11-27,1.4619020462369736,1.6162384702805888,1.5227679873085134,1.5043431352563872,1.6703113857569947,1.5227679873085131,1.5188816637396685
2024-11-28,1.4420061675784475,1.5864281875725859,1.5016965790548542,1.4868282909951573,1.641790102258824,1.501696579054854,1.4971324627645808
2024-11-29,1.453171518172009,1.607614894283984,1.517739085605756,1.504924772579027,1.669191587189347,1.5177390856057558,1.5123969701274302
2024-12-02,1.4541755564212588,1.6196927540012092,1.5263792722447664,1.5095996352735157,1.6786188237211759,1.5263792722447662,1.5196203931462178
2024-12-03,1.4576002291948384,1.6238287933939468,1.5349916408142763,1.5085203085318013,1.6809722678517007,1.534991640814276,1.5273463405466283
2024-12-04,1.456077418922668,1.6071805762464342,1.531960072727812,1.5037589537494152,1.6756886481742785,1.5319600727278118,1.5242864728043852
2024-12-05,1.4701455047305434,1.628161089225292,1.5469285509955968,1.5191613582317025,1.6865013576633492,1.5469285509955966,1.5393561737925066
2024-12-06,1.4660204841070155,1.6219059385140115,1.544809183602136,1.5149036661347366,1.6855435790822848,1.5448091836021358,1.5367385299566592
2024-12-09,1.455961536782187,1.6128684933587114,1.54124646535952,1.5048632781005888,1.6802453196582072,1.5412464653595197,1.531824545910301
2024-12-10,1.453706708834995,1.6072165845790427,1.540257845383182,1.5018050323346657,1.6790376151939208,1.5402578453831817,1.5305643159170172
2024-12-11,1.4552722173620818,1.610143858909876,1.5424595702801434,1.5039609179142746,1.6783085151491823,1.5424595702801431,1.5328957390629918
2024-12-12,1.4471487287379148,1.6083587968741364,1.5339239272582594,1.4975050439454078,1.6693142545074064,1.5339239272582592,1.5242196835622595
2024-12-13,1.4654778019172299,1.632285117676382,1.5492313760523795,1.518733416657084,1.6909653841832935,1.5492313760523793,1.5408126162157574
2024-12-16,1.4572921618690597,1.6252253859240884,1.5416600634587772,1.5116886981666757,1.6854190674917195,1.541660063458777,1.5330767008655792
2024-12-17,1.4397800211845422,1.5997881756918502,1.5205251670940036,1.4924907784211223,1.664065556613326,1.5205251670940034,1.512772905062863
2024-12-18,1.4322325715536792,1.5911315720177288,1.511247883010535,1.4866685827917636,1.6568431218344624,1.5112478830105347,1.5041860049068
2024-12-19,1.4223718164078583,1.5776385947760039,1.4976169892741218,1.4788114585940086,1.6502236323449337,1.4976169892741216,1.4909595338290742
2024-12-20,1.404381573617005,1.5500194676344177,1.4759955214162004,1.4625581876399216,1.6233730901746792,1.4759955214162002,1.4697637860506547
2024-12-23,1.4107981856788647,1.556998753487099,1.4837047817129851,1.4691478808360063,1.6318257793947968,1.483704781712985,1.4766388694726678
2024-12-24,1.4099896105606946,1.5501828542688467,1.4805358972047487,1.469345307119628,1.6363412442986573,1.4805358972047484,1.4741168365644974
2024-12-26,1.4090981308568231,1.5539719638383231,1.4830096454387618,1.4716660510988195,1.6473759453634915,1.4830096454387616,1.4760280531259022
2024-12-27,1.4127164942935082,1.55937338595559,1.4843531134857275,1.4768931723478376,1.6616256846670843,1.4843531134857273,1.4783940686856942
2024-12-30,1.4096450925471977,1.5473016788779823,1.4726900076637357,1.4751551022466864,1.6532631634347499,1.4726900076637355,1.468749409966099
2024-12-31,1.406830204073062,1.5476656694055282,1.4763512834431298,1.4734773891468644,1.660545477091826,1.4763512834431296,1.471246791828187
2025-01-01,1.4112491277963293,1.5580608340082682,1.482925172623061,1.4792569630880434,1.672603933260416,1.4829251726230608,1.4780616410921221
2025-01-02,1.430496645352352,1.5920277297061003,1.5097778981992194,1.4959884850104228,1.6965407186547206,1.5097778981992191,1.5047512125024909
2025-01-03,1.42124950544648,1.5928359207403162,1.5009999727518673,1.4832412500563876,1.6819456957025343,1.500999972751867,1.4964950168721263
2025-01-06,1.394239699873161,1.5604104214025125,1.4693029439547372,1.4566652277730128,1.6402216959714846,1.469302943954737,1.4658529144819012
2025-01-07,1.3931814365299324,1.5678806341528262,1.4749293045489669,1.4565897655694335,1.6412211188579808,1.4749293045489666,1.4698304351120224
2025-01-08,1.4011888880858192,1.578360347946829,1.4755160758466774,1.464371470955458,1.6423237161105158,1.4755160758466772,1.4722558083831037
2025-01-09,1.396703433513116,1.5762105589080946,1.468691977640516,1.4614323207204432,1.6426285437945682,1.4686919776405158,1.46593830943368
2025-01-10,1.3979223940394943,1.5690157810467416,1.4556156928661654,1.4562506248823104,1.6167146152503846,1.4556156928661652,1.4562203693502802
2025-01-13,1.3789680325612859,1.5441092311872817,1.4307291673882776,1.4352150992234556,1.5804100224073048,1.4307291673882774,1.432641904252845
2025-01-14,1.3739521250191862,1.5472743631431918,1.4415517591356917,1.433980463808582,1.5989836229372725,1.4415517591356914,1.4393892696140953
2025-01-15,1.3820944842547025,1.558050509936287,1.4492533502763412,1.4389291088743699,1.596474372110857,1.449253350276341,1.4480326741919625
2025-01-16,1.377003789547479,1.5641002568059472,1.455753758634742,1.4365330377208752,1.6015039379070581,1.4557537586347418,1.4519014634805103
2025-01-17,1.3816781437223746,1.568081052620984,1.4572366857396672,1.4455436269440958,1.6063725630851577,1.457236685739667,1.4527952275190246
2025-01-20,1.3852821158664965,1.5729979336089788,1.4693352997697164,1.4482628016386705,1.6077613594468072,1.4693352997697162,1.4638993198205796
2025-01-21,1.3737792419498556,1.55079981486325,1.4503412603466344,1.4360781342264748,1.5855875403969175,1.4503412603466341,1.446050569542838
2025-01-22,1.3840340764971981,1.5542941663977392,1.4569129742549307,1.4472021751078237,1.5914668365326141,1.4569129742549305,1.4539370611954119
2025-01-23,1.384079612744549,1.552067435571031,1.4627111293020882,1.4513528001294698,1.6097494929483875,1.462711129302088,1.4589421377883625
2025-01-24,1.388206649401972,1.5477345515961016,1.458114157124395,1.453771197605788,1.5991546619496382,1.4581141571243947,1.4559265426722285
2025-01-27,1.371794021641458,1.523419665132871,1.4447771201435533,1.4384608630522167,1.5871487669137012,1.444777120143553,1.441824993300086
2025-01-28,1.3649762882094398,1.5285966489493257,1.4438874454754933,1.4258423760205081,1.5702289230635256,1.443887445475493,1.4394767477013974
2025-01-29,1.372760490006703,1.5374381443700502,1.4558293925046821,1.4320236370552928,1.582163815763918,1.455829392504682,1.4509514955576805
2025-01-30,1.3850140321208297,1.5594646572296884,1.4638997255004456,1.4441233417783705,1.5988755044651086,1.4638997255004453,1.4595814468065018
2025-01-31,1.4037004954311787,1.5769790669007697,1.4823250380113828,1.4614526803502648,1.614615455243338,1.4823250380113826,1.4781142446901987
2025-02-01,1.4028914689000487,1.5717951774079526,1.4803267984416595,1.46885196715576,1.6315121940644872,1.4803267984416593,1.4761924646222553
2025-02-03,1.385944732493816,1.5673216051997878,1.468295336042929,1.455925393593058,1.6332855132600572,1.4682953360429287,1.4634697011486153
2025-02-04,1.401481862890846,1.588109691601886,1.4926842342015552,1.4699467285143883,1.6482389869559564,1.492684234201555,1.4865920890996849
2025-02-05,1.3902465276651281,1.581853366146103,1.4865654370274435,1.4573712208890977,1.6381863601856497,1.4865654370274433,1.4787558301258306
2025-02-06,1.3805016471186955,1.569549424730024,1.4760911509451446,1.447193101668613,1.616654129286667,1.4760911509451444,1.468596513209247
2025-02-07,1.3763619509696927,1.579202078575934,1.480338690663013,1.4430163330341201,1.6255203801932367,1.4803386906630127,1.4708846255802426
2025-02-10,1.3651237374547558,1.5597536333320108,1.4679758690437275,1.4339835705652324,1.6063196473913766,1.4679758690437272,1.458859939871737
2025-02-11,1.342606916111775,1.538448013843603,1.4459732001898737,1.4102737005278634,1.5803566568068341,1.4459732001898735,1.4364440905162141
2025-02-12,1.3400484912180162,1.5258984045777493,1.4457514529346378,1.407488511114015,1.5666593062979044,1.4457514529346376,1.435245004666991
2025-02-13,1.3411887348900304,1.5276271576906157,1.4494805622505815,1.4146244588100276,1.5774200138804433,1.4494805622505813,1.4381838656811896
2025-02-14,1.336585369637947,1.524792049156116,1.442122303109647,1.4078990970192002,1.5596257374844882,1.4421223031096468,1.4311267775446794
2025-02-17,1.3417635375750574,1.5217002145719052,1.4431631624811783,1.410836177687051,1.5457471830587062,1.443163162481178,1.432662823307733
2025-02-18,1.3392076404583213,1.5218304546667654,1.441611383950273,1.4048550804340858,1.5411338784495572,1.4416113839502729,1.4313056493717322
2025-02-19,1.325378093794575,1.506979600647296,1.439321593435392,1.392905932287744,1.5319956723659367,1.4393215934353918,1.4258577009665976
2025-02-20,1.3237564956979184,1.5166513318656272,1.4430610788911695,1.3868212563305513,1.544312939322805,1.4430610788911693,1.4288983841405192
2025-02-21,1.3193623998121269,1.500924062208657,1.4362378540063994,1.3788054148117515,1.5159067505608461,1.4362378540063991,1.4217089103553282
2025-02-24,1.305625912741683,1.4842437907101385,1.4219590068575996,1.3683461788254736,1.5125248977759744,1.4219590068575996,1.407401079206563
2025-02-25,1.3029774918091785,1.4887763680159496,1.41904649250346,1.3664147037445793,1.5215194734487067,1.41904649250346,1.4049786419157233
2025-02-27,1.3028643997866478,1.4881215188272996,1.414715176648609,1.368669251785109,1.518278656087989,1.414715176648609,1.4005915760102237
2025-02-28,1.2753246764575568,1.4470562811789207,1.3838305934895183,1.3361480872449543,1.4699036545644784,1.3838305934895183,1.3687301511553447
2025-03-03,1.2749124753665873,1.4469675834370745,1.3874948058287289,1.335881097950226,1.4791139538126872,1.3874948058287289,1.3718685886127655
2025-03-04,1.2713089322934576,1.4390125374277556,1.3862715774081151,1.3298629741147352,1.4706838451967583,1.3862715774081151,1.3693760793729672
2025-03-05,1.2897168274075788,1.4731019902250686,1.410839911408618,1.3489549439704138,1.5133641975592518,1.410839911408618,1.3929625587689407
2025-03-06,1.309302907634294,1.4944991148948454,1.4301381228926846,1.366420722585212,1.531732905793445,1.4301381228926846,1.4120939554865664
2025-03-07,1.3028837170707837,1.4990046491367106,1.4297332795498443,1.3625305706083013,1.5215914006475795,1.4297332795498443,1.4100801073146558
2025-03-10,1.3122700024673353,1.506449378931443,1.428982662195718,1.369234071133524,1.5215749831616632,1.428982662195718,1.4114264979241595
2025-03-11,1.3099431250096618,1.5015555328508623,1.4310716128769623,1.3767153216633463,1.5277840121372057,1.4310716128769623,1.4120720061938596
2025-03-12,1.305085992113931,1.4924185957065,1.4283455012438269,1.3781671114219916,1.5368153941830103,1.4283455012438269,1.4084357785771557
2025-03-13,1.302379924298226,1.4851824342503304,1.424566356236613,1.3763899556160117,1.5366558594708635,1.424566356236613,1.4048552146635265
2025-03-17,1.3014724209083026,1.4882631284853596,1.4281855330574762,1.3777723042718126,1.5458968144068823,1.4281855330574762,1.4075053336607828
2025-03-18,1.3018811274949882,1.4882631284853596,1.4283868353580624,1.3784242250687089,1.5469862827497751,1.4283868353580624,1.4077450664606015
2025-03-19,1.3184278866058574,1.5108988909394037,1.4569920631149593,1.3937340578160007,1.5663029614727395,1.4569920631149593,1.433193396001981
2025-03-20,1.3363892251392655,1.539679284607345,1.4734162457744922,1.4115989166736427,1.5844737202875325,1.4734162457744922,1.450180354983801
2025-03-21,1.3450150735909316,1.543541854441394,1.4812644181314962,1.4239812388631927,1.5985773950356694,1.4812644181314962,1.458690935418869
2025-03-24,1.3632562607089835,1.5598444947799928,1.5029858265752705,1.4401008312008745,1.6113401525696323,1.5029858265752705,1.4800778482599695
2025-03-25,1.3682589207331968,1.5580019339780349,1.5026444790342908,1.4395475488945402,1.6020986647518727,1.5026444790342908,1.481420416782301
2025-03-26,1.3581345279471966,1.550275372928994,1.4913464295265828,1.4321172612771926,1.592783201711405,1.4913464295265828,1.4698862523687428
2025-03-27,1.363609666671421,1.5543714217062958,1.496958635323723,1.4326064875963236,1.5912255875621577,1.496958635323723,1.4755392887551746
2025-03-28,1.3590072162180347,1.5414797523189327,1.4900582176913737,1.431129023796879,1.5811504532860894,1.4900582176913737,1.468796629768852
2025-04-01,1.3393361216346242,1.5231922110227207,1.4693499665127128,1.4105760263988116,1.562444438250146,1.4693499665127128,1.44839788152398
2025-04-02,1.3440681588679932,1.529555196699812,1.4751622360004717,1.4196247518374532,1.5719010122337773,1.4751622360004717,1.4538722697992532
2025-04-03,1.3487489762956544,1.5331521624959554,1.4772680294253746,1.4261985210544759,1.5813177804061598,1.4772680294253746,1.4564202949526195
2025-04-04,1.3345018386140703,1.5030118143667661,1.4467058440524683,1.4127605025425158,1.562496737602531,1.4467058440524683,1.4297755910133665
2025-04-07,1.3157016766048621,1.4605118027418205,1.404339376315838,1.3873494150157548,1.5256230746582413,1.404339376315838,1.3929046850720619
2025-04-08,1.3311591829868183,1.4795331477848586,1.4235048880351369,1.4045465926971963,1.5471134704780563,1.4235048880351369,1.4115995916303876
2025-04-09,1.3343212307498418,1.4831287545145782,1.4166085165761384,1.4048580661218448,1.5396093047588473,1.4166085165761384,1.4068325376246058
2025-04-11,1.3527015676180258,1.5181308741496922,1.445417457931532,1.4235093568972819,1.5745379601327139,1.445417457931532,1.432788578777939
2025-04-15,1.3634129981820748,1.5402958800417348,1.4687577075476979,1.4394607369514223,1.5979094779227307,1.4687577075476979,1.4530960967593307
2025-04-16,1.3697483395277108,1.542666604937654,1.4699608538198652,1.4450779074115854,1.5984608005995962,1.4699608538198652,1.4549688509420808
2025-04-17,1.386006100359009,1.5698626167056107,1.4924435047931022,1.4700696749414253,1.6337966054901172,1.4924435047931022,1.4764261014241828
2025-04-21,1.3915455934270313,1.5942754036995976,1.506757675201238,1.4712870454625144,1.6428127551884706,1.506757675201238,1.4892482518075187
2025-04-22,1.3953373972429972,1.5833425608947143,1.5075292571573538,1.4788932308418945,1.6472911274397943,1.5075292571573538,1.489798803686331
2025-04-23,1.408885034090373,1.6082098826854787,1.5225458286164142,1.492146615275572,1.675939571128095,1.5225458286164142,1.505307951701726
2025-04-24,1.3971362717090863,1.5965731511295156,1.5175867646769616,1.4819769547414299,1.6672666239835057,1.5175867646769616,1.4992483063722066
2025-04-25,1.3902125080906016,1.5808398900792873,1.5059483766014723,1.4741317514470613,1.6462470381380172,1.5059483766014723,1.4887288329310626
2025-04-28,1.3968914468438298,1.608363627355622,1.5242053000467044,1.487258275597827,1.6705945621089031,1.5242053000467044,1.5048047111511027
2025-04-29,1.3910275103180938,1.6117032660511077,1.5183453715925612,1.47998578410566,1.6568909684100612,1.5183453715925612,1.4993342639445053
2025-04-30,1.3978370742732438,1.6278485058953798,1.5216372807497018,1.4905705070367288,1.6690423617675711,1.521637280749702,1.5036697783938815
2025-05-02,1.3897615261698555,1.6249499772274452,1.5199944166276018,1.4864265141444049,1.659519118077865,1.519994416627602,1.500304490582123
2025-05-05,1.4034233455273526,1.644850480824869,1.5274270809700428,1.4982086804381318,1.683591537108591,1.527427080970043,1.5086933843660741
2025-05-06,1.4038250639202854,1.6527893955426913,1.5274757047097165,1.4992869522240477,1.6868799289414524,1.5274757047097167,1.5086982996703726
2025-05-07,1.3968937048811783,1.6533017714887772,1.5259611249353846,1.4895974582403695,1.6855124578182106,1.5259611249353848,1.5056714638563056
2025-05-08,1.3887304415154498,1.638907091794237,1.5144122316599882,1.4804912833333812,1.6650285200209205,1.5144122316599884,1.4954522815195586
2025-05-09,1.371058863691686,1.6121693275226485,1.5009069390737635,1.45929585216542,1.6391229543730674,1.5009069390737637,1.480868235631197
2025-05-12,1.4100245221613157,1.6723332701022027,1.551578413625047,1.4893386938587792,1.6739065001542157,1.5515784136250472,1.529824168710548
2025-05-13,1.3835172652264365,1.6348311076867994,1.5270216799742684,1.4686092348149948,1.6476934330302364,1.5270216799742686,1.5043720051362004
2025-05-14,1.3817627010928109,1.6441828861689596,1.5333472321718904,1.4689698605508343,1.6556847152037673,1.5333472321718906,1.5086129035092837
2025-05-15,1.3969335936237814,1.6694770492799855,1.5544471282711132,1.4883841471936303,1.6787754205339738,1.5544471282711134,1.52865651354631
2025-05-16,1.398202980082459,1.6615346328176952,1.552983937002757,1.4891565969197151,1.6693765407444061,1.5529839370027572,1.5274772970094437
2025-05-19,1.396371338500679,1.6580532724827841,1.5506647659619104,1.486633994007885,1.670283746287314,1.5506647659619106,1.5248267848487294
2025-05-20,1.3808591028291286,1.6380835420515576,1.5351642473493523,1.4699328752730356,1.6532906599237183,1.5351642473493525,1.5089057842310263
2025-05-21,1.3880309473255248,1.6445964967370479,1.5419037383137284,1.4773072249319157,1.6660279143318106,1.5419037383137286,1.5155184045652736
2025-05-22,1.3725936144819144,1.6248610114638207,1.5269626264792282,1.463918799182481,1.6457625105914981,1.5269626264792284,1.5002201267247723
2025-05-23,1.3867008311648121,1.642058807013533,1.539247457773549,1.4728745037043804,1.650495125300997,1.5392474577735493,1.5132099491403401
2025-05-26,1.3945420329447924,1.6527120961630426,1.547466810417326,1.480458365711969,1.6644231797992721,1.5474668104173261,1.521145590388993
2025-05-27,1.3841784940886415,1.64191944158328,1.5364598885482696,1.471169529037275,1.6491629786754691,1.5364598885482699,1.5100477173433058
2025-05-28,1.3763290128820345,1.6334162816932658,1.5292300503318086,1.4630210480086276,1.64167349947311,1.5292300503318088,1.5027741611502423
2025-05-29,1.380489096480452,1.6412367398804708,1.5345721545902298,1.469250743443775,1.64837984750048,1.53457215459023,1.5079684691302833
2025-05-30,1.371079049560678,1.6324905620803631,1.5257351574713496,1.4592058747522323,1.632960913361595,1.5257351574713498,1.4990722536077423
2025-06-02,1.3733423402522926,1.63591180854095,1.5255014152478013,1.4608787489020887,1.6382685200054357,1.5255014152478015,1.4994049191429561
2025-06-03,1.3614565677367412,1.6238058284434032,1.5147185104261494,1.449422449416866,1.6314435108382492,1.5147185104261496,1.488133757873571
2025-06-04,1.365873966945911,1.6365932513466295,1.518894595488456,1.452470169219429,1.6394458083542474,1.5188945954884563,1.492422263886805
2025-06-05,1.3724474194544274,1.6482396257150485,1.524796691467357,1.4607495244862096,1.6424792972464897,1.5247966914673572,1.498465517437971
2025-06-06,1.3796489874936313,1.657945115071913,1.5383758941379335,1.4681148557137298,1.6546127747034034,1.5383758941379337,1.5104396401313411
2025-06-09,1.3885164023379388,1.6647264881406367,1.5461071362032381,1.4744951640842188,1.6584030813867638,1.5461071362032384,1.5191000019298495
2025-06-10,1.3920961100721925,1.6616755913237677,1.546954604400391,1.4743163482022197,1.657421809053715,1.5469546044003912,1.5209427175509935
2025-06-11,1.386704081132136,1.662214168207978,1.5467868303823498,1.4706240226767626,1.6586854185135729,1.54678683038235,1.5202448829490738
2025-06-12,1.3716601637854011,1.6410935524692263,1.5300682491027013,1.4587931627083504,1.6392571614108704,1.5300682491027016,1.5036731813548738
2025-06-13,1.363036594155209,1.6302724977183083,1.5196949459553772,1.4506438697134725,1.6307819919548483,1.5196949459553775,1.4939524456285673
2025-06-16,1.375366787719568,1.6456421657734117,1.5347579778600438,1.4625086944833152,1.6413264781112225,1.534757977860044,1.5086765086441924
2025-06-17,1.3749157465632116,1.6436998104015776,1.5314691030512064,1.4581749595462492,1.6334618357218373,1.5314691030512066,1.5064774679373978
2025-06-18,1.3672890049012416,1.6442174524728628,1.5294351487632696,1.4532061078451615,1.635892448324266,1.5294351487632698,1.5031965030856331
2025-06-19,1.3637895172857466,1.6465581447377908,1.528462301486288,1.4520470910799854,1.6427770187815385,1.5284623014862881,1.5018743721048533
2025-06-20,1.3787464960289852,1.6784571556710453,1.5469501782450772,1.4671437309778697,1.6759970093405099,1.5469501782450774,1.519750545989467
2025-06-23,1.3675488284644786,1.6647883751551777,1.537466381923867,1.4580089920333563,1.6634292856688078,1.5374663819238672,1.5090904353561645
2025-06-24,1.3647424382661077,1.658936093400745,1.5410125729787476,1.4574762392864846,1.6623902087524802,1.5410125729787478,1.5108282246197173
2025-06-25,1.3779234409385592,1.6828845132601327,1.554363248285625,1.4685776501754046,1.6804028223566445,1.5543632482856253,1.524432501161875
2025-06-26,1.3882581739596296,1.7031853566043165,1.569598615286258,1.478237092505267,1.6988614641170092,1.5695986152862582,1.5381526985156595
2025-06-27,1.4000666991219803,1.718055336953282,1.5817550273666459,1.490434523711859,1.7032427937808632,1.581755027366646,1.549950196420692
2025-06-30,1.3949961363120225,1.7072971948946216,1.572004177229944,1.4811861807025788,1.6902002499003321,1.5720041772299442,1.540864358818831
2025-07-01,1.393038623327857,1.714652860261846,1.574019321082459,1.47990080072491,1.6873407511197869,1.5740193210824591,1.5422998285131004
2025-07-02,1.3931961655060874,1.7158520532565018,1.5774540815269473,1.4830083064354675,1.6890802563682534,1.5774540815269475,1.5448379826994045
2025-07-03,1.3924952580322052,1.714993694349492,1.5751251189942352,1.4825906614463897,1.6867809621278844,1.5751251189942355,1.5429449431070668
2025-07-04,1.3967672706491074,1.720608883245407,1.5792915831720227,1.4853139795322001,1.6900904512722785,1.579291583172023,1.5473870984203075
2025-07-07,1.4079473524674542,1.7304393499382384,1.5814425678836472,1.4947408300778244,1.694951572594192,1.5814425678836475,1.5516141506562113
2025-07-08,1.4118681264997188,1.7311504986622372,1.5877307790237751,1.4973433535360843,1.6982752789288393,1.5877307790237754,1.5580645136650761
2025-07-09,1.4164654310326228,1.7284763071818872,1.5860640396762835,1.5002724927001447,1.6961657320220824,1.5860640396762837,1.5580344611212054
2025-07-10,1.4073137374750575,1.7165974423855304,1.578903022208686,1.4914218004235134,1.678688963900436,1.5789030222086862,1.549984238288197
2025-07-11,1.4069897222809524,1.7014159778340026,1.5713109826510891,1.491326488668471,1.6635272847957991,1.5713109826510894,1.543522716592282
2025-07-14,1.40242542618075,1.6950563722053695,1.5663467031524576,1.4885395339491698,1.665443906580935,1.5663467031524578,1.5381637374835972
2025-07-15,1.4111640230836093,1.7013632310632425,1.5728903849700184,1.5005908527839853,1.6812308067578652,1.5728903849700187,1.545100979190026
2025-07-16,1.410045348687702,1.7063257767356486,1.5747078916553214,1.496920672783513,1.6824280830672045,1.5747078916553217,1.5467193822591516
2025-07-17,1.4048607334756458,1.6994561412507376,1.571318132309303,1.4919105840290183,1.6791538571762312,1.5713181323093033,1.5422842420093341
2025-07-18,1.3951104274862534,1.6938796512645398,1.566244282003839,1.482576327464763,1.6740727873133705,1.5662442820038391,1.5361343931659968
2025-07-21,1.3949079798580284,1.68784100349178,1.5708798050685453,1.485132186295553,1.6855916423607071,1.5708798050685455,1.5389184576913972
2025-07-22,1.3936771225493132,1.6844100510278381,1.5676794489729542,1.483582737058612,1.6799617496560983,1.5676794489729544,1.5355829578962519
2025-07-23,1.3968751518496463,1.6953544759291859,1.5747732233049303,1.4888506523089722,1.692913633438131,1.5747732233049305,1.5418884469422283
2025-07-24,1.3883886548181317,1.6841043598233738,1.5657536742601952,1.4816154098805836,1.6876154238720023,1.5657536742601954,1.5323841318790012
2025-07-25,1.3776443710285164,1.6652680093498902,1.553616182102159,1.475547560903242,1.6829844428620493,1.5536161821021592,1.5199991594050737
2025-07-28,1.3755245293024176,1.6558501804909032,1.5428001756772625,1.4712178180527853,1.670909534258971,1.5428001756772627,1.5103536275124725
2025-07-29,1.3802258858073568,1.6715920652488385,1.5516975307445575,1.4773453620651995,1.681488455418846,1.5516975307445577,1.5184405537578336
2025-07-30,1.3798774509741458,1.6685847446946354,1.5571359632273136,1.4806370508120865,1.6994683469196101,1.5571359632273138,1.5230528385105477
2025-07-31,1.384457966553992,1.6639085129593811,1.552202023456248,1.482312373504481,1.687256978353746,1.5522020234562481,1.5200851508677369
2025-08-01,1.3794409199378328,1.65287242894705,1.538945727467624,1.4713462564347406,1.6580459996739105,1.5389457274676241,1.5085117139184534
2025-08-04,1.383514616608765,1.6650124274440998,1.5512895003896148,1.4770465274590119,1.6725342218628902,1.551289500389615,1.5189721934837466
2025-08-05,1.377492759622351,1.6584549634684056,1.548989705924854,1.4717897519612289,1.674330372866193,1.5489897059248543,1.5158584387596974
2025-08-06,1.3729606199287967,1.6556205693843296,1.5451247127506984,1.4663465041056856,1.664634338100199,1.5451247127506986,1.5115134367575431
2025-08-07,1.3743326436857466,1.6540952157628246,1.546454412583867,1.4685976413179744,1.6622733090047452,1.5464544125838673,1.5126181785255177
2025-08-08,1.3657191666163895,1.6300574411408282,1.5328675431106942,1.457090534881195,1.64147272048607,1.5328675431106944,1.5000304723051372
2025-08-11,1.3733380358256029,1.639395762443608,1.5448785397044678,1.466293014958262,1.6541149406785973,1.544878539704468,1.511199813871424
2025-08-12,1.3681908373737788,1.6383000038069349,1.5452999441550581,1.463571689483232,1.6614107013508237,1.5452999441550583,1.5108465078564746
2025-08-13,1.3746597141897314,1.6497249242417251,1.5550705180497246,1.4704431126272959,1.6712554439661296,1.5550705180497248,1.5193100571806681
2025-08-14,1.374893441381533,1.6506355775764903,1.5531981554424978,1.4714236227253652,1.6703266946342707,1.553198155442498,1.5184061890653275
2025-08-18,1.3843113954062107,1.675065645605364,1.5732099637399188,1.4885191055629772,1.6794436469026592,1.573209963739919,1.535814184405423
2025-08-19,1.3874018975983922,1.6890340220354483,1.5783383236186017,1.49313529498249,1.6801060313061522,1.578338323618602,1.5410599782517183
2025-08-20,1.4023071977380388,1.7035894733297678,1.587176276879757,1.5018800854010632,1.6895964084286559,1.5871762768797573,1.5519470633856802
2025-08-21,1.3977725037066293,1.700252171116235,1.5870297580633275,1.502380314891449,1.690910627491252,1.5870297580633277,1.5506959850962923
2025-08-22,1.3840148457785775,1.6930657894927665,1.5735928836714168,1.4891064112027106,1.6874275141751054,1.573592883671417,1.5373743630301844
2025-08-25,1.3933924695040447,1.7008587323799897,1.5815623642836956,1.4966946108322,1.6903633709021766,1.5815623642836958,1.545962504486349
2025-08-26,1.3907488319093462,1.6828439767347363,1.568503546765603,1.4907460940373911,1.662719263404632,1.5685035467656032,1.535286823290936
2025-08-28,1.3727279724008867,1.6655089489403427,1.5547495174918249,1.4751606610457673,1.6484505580299316,1.554749517491825,1.5206710024487504
2025-08-29,1.3759136354200592,1.6523837580665133,1.5547358015999924,1.4819070292758034,1.6484695109520908,1.5547358015999926,1.520693391542724
2025-09-01,1.3804441986853782,1.669966512886432,1.566701590565093,1.48186958011155,1.656077661651255,1.5667015905650932,1.5313330967272538
2025-09-02,1.3857023411831837,1.6763896250734116,1.5655509967301278,1.4803417470821865,1.6475018151768714,1.565550996730128,1.531542170226503
2025-09-03,1.3873829041272885,1.6814002316298078,1.5772815647901433,1.4862510746216018,1.655144301652226,1.5772815647901435,1.5396409467447074
2025-09-04,1.3874125641485202,1.679373006614327,1.5776312601349434,1.4882512351260677,1.6698638862664401,1.5776312601349436,1.539559029007589
2025-09-05,1.3815449380593254,1.6917965039093013,1.578339196054173,1.4850074867580965,1.675324868112228,1.5783391960541733,1.53876325029161
2025-09-08,1.373483318907898,1.6880271854656173,1.575663423856406,1.4800053653092886,1.6692922632543783,1.5756634238564062,1.5348020578019559
2025-09-09,1.3824241108552355,1.7068651748327923,1.5857975023782418,1.4875913980995255,1.6804444219444052,1.585797502378242,1.5455541322557347
2025-09-10,1.3892070255224933,1.7040000818555185,1.5881808416041199,1.4916377925215683,1.6768305340345357,1.58818084160412,1.5490500943930532
2025-09-11,1.3945310074053208,1.7094036911361061,1.591383030306993,1.496773290931952,1.686638641536885,1.5913830303069931,1.5526000153557666
2025-09-12,1.391867854265074,1.71295138859976,1.5961526003066129,1.4966022911874228,1.6890567899558369,1.596152600306613,1.5558263712271303
2025-09-15,1.385382132681442,1.7065623167476218,1.5905445026674565,1.4897897718696007,1.682804807079252,1.5905445026674567,1.5498807717358094
2025-09-16,1.3913008181760262,1.7222477728363321,1.6051612728523845,1.497484972190205,1.7044379764773652,1.6051612728523847,1.563082673191072
2025-09-17,1.3921610643722286,1.7264861936317955,1.6123471347877494,1.5005899605239064,1.709378310881644,1.6123471347877496,1.5694120507182634
2025-09-18,1.400152591735073,1.732836171418949,1.6169864413716164,1.5093066032434883,1.7165464064597633,1.6169864413716166,1.5747849633978976
2025-09-19,1.3949443440159501,1.7265485267423282,1.6112933544839985,1.50477227784178,1.716549235322007,1.6112933544839987,1.5694215735321704
2025-09-22,1.3855984318449992,1.7165409539955103,1.6036501226358746,1.4958475162271772,1.7107600815149877,1.6036501226358748,1.560800651005591
2025-09-23,1.3765328005461652,1.7156572764137334,1.6030357811185965,1.4859864787313726,1.7055153064286632,1.6030357811185967,1.558561529144231
2025-09-24,1.378816857125993,1.7175093778117114,1.600395411357822,1.4846173936565366,1.7003336936884539,1.6003954113578223,1.557258684505606
2025-09-25,1.362451214811834,1.7003976203733038,1.5877499484549025,1.4735758911679007,1.6919268654671522,1.5877499484549027,1.54317290719681
2025-09-26,1.347259323478042,1.681220563711764,1.5722620926582183,1.4565589521912115,1.672154004925987,1.5722620926582185,1.527661225714834
2025-09-29,1.3464158846868566,1.6748510880856817,1.5719773968864261,1.4537523110551165,1.6698345088279842,1.5719773968864263,1.5266060772771743
2025-09-30,1.3449974503823734,1.6701521495328786,1.5719645146591346,1.4527260716828403,1.6640267004869576,1.5719645146591348,1.526055112611084
2025-10-01,1.3555591930932342,1.6730539169725591,1.5802168512860248,1.469492844694213,1.6700463350780363,1.580216851286025,1.534811522651495
2025-10-03,1.3628212226831211,1.6887551109542602,1.5898548896055213,1.4702699635389773,1.6778632218557603,1.5898548896055216,1.5435670351569002
2025-10-06,1.3697784836478986,1.6937815273636192,1.5962097410542349,1.48047882929969,1.6835105970786672,1.596209741054235,1.5508099405805997
2025-10-07,1.3686244556553433,1.7013336273624116,1.5971076742820385,1.4808467740937024,1.6919082280736013,1.5971076742820387,1.5511350096517447
2025-10-08,1.3662536794280105,1.6942262614607884,1.5911626707714297,1.475396014646633,1.6794040797992555,1.59116267077143,1.5461240358003734
2025-10-09,1.3739629565717073,1.703087890742763,1.6029487345281432,1.4845813847579217,1.6897668082425534,1.6029487345281435,1.5570951504463064
2025-10-10,1.3784082767266528,1.7096542299425421,1.6098265998216503,1.4904942575253461,1.698825237622768,1.6098265998216506,1.5637170967144913
2025-10-13,1.36980811642337,1.7022057074519754,1.6045982563630725,1.4843216294861994,1.7021886583555672,1.6045982563630727,1.5577063640567637
2025-10-14,1.363794600197022,1.7010453485417012,1.596376516715129,1.477942628425911,1.6917603135860135,1.5963765167151291,1.550103940175954
2025-10-15,1.3736280395054483,1.7105257378332706,1.6090278386131494,1.4874681133770757,1.7076299411354225,1.6090278386131496,1.5617811475745724
2025-10-16,1.3854278693088569,1.7251003686527668,1.624302453144007,1.5023184488644614,1.7193557880854977,1.6243024531440071,1.5760294762677969
2025-10-17,1.397734144144263,1.7389372426375134,1.6341287479040072,1.521880835767063,1.7401411117790744,1.6341287479040074,1.5861627185255824
2025-10-20,1.4035938646324433,1.7571798048480745,1.6418808866562797,1.5228000649387687,1.7478183135679135,1.64188088665628,1.5940621079671662
2025-10-21,1.4034545770210505,1.758520430962066,1.641830782623582,1.52078639036132,1.7488115693661321,1.6418307826235823,1.5940228719772047
2025-10-23,1.4123138840621858,1.7584408976566448,1.6468998574461982,1.5244226184291108,1.7410585564926706,1.6468998574461984,1.6003851340083939
2025-10-24,1.4013700511194693,1.7562480411653432,1.6430546212854982,1.5165004352082352,1.7429653109794787,1.6430546212854984,1.5943097400171133
2025-10-27,1.4092573671016622,1.7770958131481944,1.6547100955180571,1.5216176263669305,1.7570222251204215,1.6547100955180574,1.6046977589414844
2025-10-28,1.4021285084544106,1.7745760909415589,1.654073721589515,1.5143409462102193,1.7534248560750643,1.6540737215895152,1.6020807080262174
2025-10-29,1.4135372820012342,1.7887775596686621,1.6646534554147878,1.5223603058621022,1.760769157985547,1.664653455414788,1.6127568664084204
2025-10-30,1.4012287279566298,1.7698920816119024,1.6553839176870413,1.5121139202135283,1.749114605921193,1.6553839176870415,1.602587642905202
2025-10-31,1.3949365199880197,1.7599848475910564,1.6456879946026153,1.5057147316069517,1.7365232093351994,1.6456879946026155,1.59363881309187
2025-11-03,1.3916236089468774,1.7631036132754336,1.6440064162981123,1.5010293728563455,1.7420204101602987,1.6440064162981125,1.5913825452538057
2025-11-04,1.3769634031516713,1.7505261637400733,1.6294489468357405,1.4876582311983553,1.7411394171929728,1.6294489468357407,1.57676807979531
2025-11-06,1.3746802086524499,1.7458252954145042,1.6245202407440662,1.4898934292212551,1.7352831442274648,1.6245202407440664,1.5734402337937992
2025-11-07,1.3712846007930843,1.7362308908415824,1.6252779475887442,1.48912799369388,1.7252277866525974,1.6252779475887444,1.5730035709247638
2025-11-10,1.3784831196342726,1.7471438579675476,1.6308652947341797,1.496251033830674,1.727432905260833,1.63086529473418,1.5796199285521284
2025-11-11,1.38636977752476,1.758751882524765,1.6411294851324083,1.5059404275790171,1.7475013518264688,1.6411294851324085,1.5894090936954988
2025-11-12,1.399081222490269,1.771650350207246,1.651045073809053,1.5194178560880445,1.758992719360358,1.6510450738090532,1.6006249504610879
2025-11-13,1.4014688643770008,1.7744188846884117,1.655837735603558,1.5256696016840117,1.7613530114957328,1.6558377356035583,1.60455428267441
2025-11-14,1.407434937799343,1.7750656559639413,1.6564262173141853,1.5319621852008833,1.7653679018262822,1.6564262173141855,1.6061162946992749
2025-11-17,1.4100374544447247,1.782020813011123,1.6614568072922422,1.535517464979592,1.7752405806036835,1.6614568072922424,1.6107458266495724
2025-11-18,1.4066412671223258,1.7826793617758316,1.6563753776658336,1.532339788836409,1.7750705690069455,1.6563753776658339,1.606056011005407
2025-11-19,1.4181713945823513,1.7951684657622504,1.6646889381818013,1.542479626876515,1.780562006321015,1.6646889381818015,1.615640828940097
2025-11-20,1.419104219653258,1.8037368506326772,1.667640332416967,1.5418033964326596,1.7812506605085163,1.6676403324169673,1.6179994502104176
2025-11-21,1.4206892915453717,1.8060676587153488,1.663575298482326,1.5427292690144432,1.785255127658063,1.6635752984823262,1.6163536160058218
2025-11-24,1.4157121024451933,1.7953460986665308,1.6556055405293264,1.5392457219643225,1.7723901696147597,1.6556055405293266,1.609036452164679
2025-11-25,1.4081679045892628,1.7910618439901431,1.6526795740884692,1.5315392971138517,1.77158975222514,1.6526795740884694,1.6045293556200295
2025-11-26,1.4188869690919257,1.8040571627099964,1.669503705588665,1.5461809504601802,1.779291840748024,1.6695037055886652,1.6201748349295388
2025-11-27,1.4214135004017936,1.7999557264079913,1.668850953802857,1.5497895647102795,1.775288735491361,1.6688509538028573,1.6200133097318778
2025-11-28,1.4205940931998813,1.7979847520209038,1.67025520222485,1.5530608588790416,1.7816548074117404,1.6702552022248502,1.6208660967034938
2025-12-01,1.417139499858604,1.7961196688888255,1.6703268432086014,1.549624030096965,1.777514914626882,1.6703268432086016,1.620425664508208
2025-12-02,1.4173594890203247,1.7909167116465579,1.6671263836303256,1.5496719308342308,1.777770279164621,1.6671263836303258,1.6182950463906898
2025-12-03,1.4191429157812976,1.7841261592126327,1.6638134159392843,1.552770394668233,1.7609611642407548,1.6638134159392846,1.6157158620658996
2025-12-04,1.4269312057109238,1.7903877056687667,1.6666969851034987,1.558367766580375,1.7675226910424975,1.666696985103499,1.6200551606319074
2025-12-05,1.4182500429463731,1.7928021878578468,1.6733302736875024,1.5513814990773886,1.7765240757712644,1.6733302736875026,1.6235397336063193
2025-12-08,1.4073495476748141,1.7779426299650245,1.6596875980264607,1.5418248904399805,1.7609146710955121,1.659687598026461,1.6105538393029168
2025-12-09,1.3959797409041796,1.765757742223639,1.646327868830121,1.5258835368914012,1.7512547065187496,1.6463278688301213,1.5977048789544355
2025-12-10,1.3945635216627026,1.7641135886966177,1.6458489733008363,1.5243231112538973,1.74774443530488,1.6458489733008366,1.5967871841618382
2025-12-11,1.3974165770905187,1.7693950271739385,1.6555211646396795,1.5305417056537605,1.7564933066353938,1.6555211646396797,1.6050304216785918
2025-12-12,1.393017372940975,1.7769614194866696,1.6659377244339997,1.5271843117018824,1.7736694382010032,1.665937724434,1.6117218257566428
2025-12-15,1.3966450341851626,1.7726126599753096,1.665993539305456,1.5310737350321766,1.762661302392498,1.6659935393054561,1.6125618373523898
2025-12-16,1.391215181115388,1.7681933526222748,1.65773773803353,1.5263256253981243,1.7619833648343475,1.6577377380335303,1.6049992433605513
2025-12-17,1.3906529101438956,1.7712400837370885,1.6597157352357188,1.5243999993054413,1.765391902703652,1.659715735235719,1.60642508984138
2025-12-18,1.386612571491961,1.7644333573492166,1.6543458545061294,1.5169414505093048,1.7486690250425316,1.6543458545061296,1.6014341877587213
2025-12-19,1.3956537182487803,1.7822088598224108,1.662398588058278,1.5224065975597783,1.754795717461654,1.6623985880582781,1.6101140044906137
2025-12-22,1.4071492308882532,1.8030664975531734,1.6747901847296225,1.5352150602941492,1.773803416877461,1.6747901847296227,1.6227770705614022
2025-12-23,1.4103526591015376,1.8001307999526621,1.6763733028767644,1.535902267842181,1.7704201324578985,1.6763733028767647,1.624345835101492
2025-12-24,1.4068051559815054,1.7969627484440767,1.6740664740723472,1.5308010327476058,1.7704610897584652,1.6740664740723474,1.6218042399867276
2025-12-26,1.3977483641390394,1.7884649403448827,1.667604613516931,1.5200944643264238,1.763712053531581,1.6676046135169311,1.614707406720087
2025-12-29,1.39292828001222,1.7741559812110306,1.6630984103022257,1.5172807340856496,1.755138993898561,1.663098410302226,1.6097566227751732
2025-12-30,1.390356507789203,1.7772752211420115,1.666727676740048,1.5162711902932342,1.7671930356278753,1.6667276767400483,1.6110852640551567
2025-12-31,1.3959144924347004,1.7968819855548224,1.6790710096099746,1.5203479004053113,1.779401845078078,1.6790710096099748,1.6221215877993909
